mtllib base_link.mtl
usemtl material
v -0.006610112730413675 -0.01950932666659355 -0.036457497626543045
v -0.0066095138899981976 -0.02019335702061653 -0.04039857164025307
v -0.00566096743568778 -0.01825195550918579 -0.0366755872964859
v -0.005660368595272303 -0.01893598586320877 -0.04061666131019592
v -0.00446989294141531 -0.017213521525263786 -0.03685564175248146
v -0.0044692945666611195 -0.017897551879286766 -0.04079671576619148
v -0.003087703138589859 -0.016438325867056847 -0.036989975720644
v -0.0030871042981743813 -0.017122356221079826 -0.04093105345964432
v -0.0015733642503619194 -0.015959441661834717 -0.037072863429784775
v -0.0015727655263617635 -0.016643470153212547 -0.041013941168785095
v 8.51892491482431e-06 -0.015797294676303864 -0.037100765854120255
v 9.117688023252413e-06 -0.016481323167681694 -0.041041843593120575
v 0.0015904601896181703 -0.01595880836248398 -0.03707249462604523
v 0.001591059030033648 -0.016642838716506958 -0.04101356863975525
v 0.0031049710232764482 -0.016437087208032608 -0.036989253014326096
v 0.003105569863691926 -0.017121117562055588 -0.04093032702803612
v 0.004487439524382353 -0.017211729660630226 -0.036854591220617294
v 0.004488038364797831 -0.017895760014653206 -0.040795665234327316
v 0.005678887013345957 -0.018249686807394028 -0.03667425736784935
v 0.005679485388100147 -0.018933717161417007 -0.04061533510684967
v 0.00662848399952054 -0.019506679847836494 -0.036455944180488586
v 0.006629082374274731 -0.020190710201859474 -0.04039702191948891
v 0.007410339079797268 -0.022949250414967537 -0.04042559489607811
v 0.007264318410307169 -0.022250408306717873 -0.04039885103702545
v 0.007410040125250816 -0.021282777190208435 -0.04071483388543129
v 0.007053609471768141 -0.021552521735429764 -0.04030630365014076
v 0.006921551655977964 -0.02119935117661953 -0.04023367166519165
v 0.007365905214101076 -0.020822422578930855 -0.0407947413623333
v 0.007058936636894941 -0.02002444863319397 -0.040933288633823395
v 0.006780142895877361 -0.020499341189861298 -0.040343429893255234
v 0.007247762754559517 -0.020410235971212387 -0.04086630046367645
v 0.006874657701700926 -0.020829088985919952 -0.04028618335723877
v 0.00690976670011878 -0.021169984713196754 -0.040227010846138
v -0.006901617627590895 -0.021202117204666138 -0.04023529216647148
v -0.007035116199404001 -0.021559929475188255 -0.04030878469347954
v -0.007389959879219532 -0.021285736933350563 -0.04071656987071037
v -0.007243925239890814 -0.022253310307860374 -0.04040054976940155
v -0.007389660459011793 -0.022952210158109665 -0.040427327156066895
v -0.006889846175909042 -0.021172745153307915 -0.04022862762212753
v -0.007345990277826786 -0.02082536369562149 -0.040796466171741486
v -0.007039308547973633 -0.020027268677949905 -0.04093493893742561
v -0.007227995898574591 -0.020413130521774292 -0.04086799919605255
v -0.006760463584214449 -0.02050204947590828 -0.04034501686692238
v -0.006854859180748463 -0.02083183452486992 -0.040287792682647705
v -0.006028530653566122 -0.018688248470425606 -0.04116719216108322
v -0.0047601135447621346 -0.017582383006811142 -0.04135894030332565
v -0.0032881712540984154 -0.016756849363446236 -0.04150199890136719
v -0.0016754987882450223 -0.016246868297457695 -0.04159026965498924
v 9.104023774852976e-06 -0.01607419364154339 -0.041619982570409775
v 0.0016937687760218978 -0.016246194019913673 -0.041589874774217606
v 0.003306624246761203 -0.01675553061068058 -0.04150122404098511
v 0.004778863396495581 -0.01758047565817833 -0.041357822716236115
v 0.006047677714377642 -0.018685834482312202 -0.041165776550769806
v -0.007390408776700497 -0.02209717221558094 -0.03550098091363907
v -0.0072446297854185104 -0.02144816517829895 -0.03576166182756424
v -0.0073907081969082355 -0.02043069899082184 -0.03579021990299225
v -0.0070341587997972965 -0.020822208374738693 -0.03608398139476776
v -0.006902219727635384 -0.020514125004410744 -0.036271385848522186
v -0.007346739061176777 -0.019970325753092766 -0.03587011992931366
v -0.007040056865662336 -0.01917223073542118 -0.03600859269499779
v -0.006761062424629927 -0.0198180191218853 -0.03640394285321236
v -0.0072287446819245815 -0.019558092579245567 -0.03594164922833443
v -0.00685545802116394 -0.02014780417084694 -0.036346714943647385
v -0.00689044501632452 -0.020488714799284935 -0.03628755360841751
v 0.006920949090272188 -0.020511358976364136 -0.036269765347242355
v 0.007054568734019995 -0.020823432132601738 -0.036080002784729004
v 0.0074092913419008255 -0.02042773924767971 -0.035788487643003464
v 0.007263613399118185 -0.02144526317715645 -0.03575996309518814
v 0.007409590762108564 -0.022094212472438812 -0.035499244928359985
v 0.006909167859703302 -0.020485954359173775 -0.03628593310713768
v 0.007365156896412373 -0.01996738463640213 -0.03586839511990547
v 0.007058188319206238 -0.019169410690665245 -0.03600694239139557
v 0.007247014436870813 -0.019555198028683662 -0.03593995422124863
v 0.006779544521123171 -0.019815310835838318 -0.03640235587954521
v 0.006874058861285448 -0.020145058631896973 -0.03634510561823845
v 0.006046928931027651 -0.017830796539783478 -0.03623943030834198
v 0.004778115078806877 -0.016725437715649605 -0.03643147274851799
v 0.0033058759290724993 -0.015900492668151855 -0.03657487779855728
v 0.0016930202255025506 -0.015391156077384949 -0.03666352480649948
v 8.355569661944173e-06 -0.015219155699014664 -0.03669363632798195
v -0.0016762472223490477 -0.015391829423606396 -0.03666391968727112
v -0.003288919571787119 -0.01590181142091751 -0.03657565265893936
v -0.004760862328112125 -0.016727345064282417 -0.03643259033560753
v -0.006029278971254826 -0.01783321052789688 -0.036240845918655396
v -0.007035811897367239 -0.020765570923686028 -0.03573204576969147
v 0.007055263966321945 -0.021617790684103966 -0.040656741708517075
v 0.006389997899532318 -0.02026764117181301 -0.04089118167757988
v 0.007054515182971954 -0.02076275274157524 -0.03573039546608925
v 0.006389249581843615 -0.019412603229284286 -0.035964831709861755
v -0.006371031049638987 -0.019415155053138733 -0.03596632927656174
v -0.007035063114017248 -0.021620608866214752 -0.04065839201211929
v -0.006370282266288996 -0.020270192995667458 -0.04089267551898956
v -0.005443024914711714 -0.0182249303907156 -0.036172766238451004
v -0.00544227659702301 -0.019079968333244324 -0.04109911620616913
v -0.004290076903998852 -0.017243996262550354 -0.03634284809231758
v -0.004289328586310148 -0.01809903420507908 -0.04126919433474541
v -0.0029597484972327948 -0.01651282235980034 -0.03646955266594887
v -0.0029589999467134476 -0.017367860302329063 -0.041395898908376694
v -0.0015069188084453344 -0.01606156677007675 -0.03654765337705612
v -0.001506170374341309 -0.016916604712605476 -0.04147399961948395
v 8.479482858092524e-06 -0.015908844769001007 -0.036573927849531174
v 9.227937880496029e-06 -0.016763882711529732 -0.0415002778172493
v 0.0015239325584843755 -0.016060959547758102 -0.03654729574918747
v 0.0015246809925884008 -0.016915997490286827 -0.041473645716905594
v 0.002976924180984497 -0.01651163585484028 -0.036468856036663055
v 0.0029776727315038443 -0.017366671934723854 -0.04139520227909088
v 0.004307515453547239 -0.017242277041077614 -0.0363418385386467
v 0.004308263771235943 -0.01809731498360634 -0.04126818850636482
v 0.005460815504193306 -0.018222751095891 -0.03617148846387863
v 0.005461564287543297 -0.019077789038419724 -0.041097838431596756
v 0.007055426016449928 -0.025831162929534912 -0.034850697964429855
v 0.007410022895783186 -0.02449956163764 -0.035081762820482254
v 0.007410322315990925 -0.0261660348623991 -0.034792523831129074
v -0.007038573734462261 -0.027427325025200844 -0.03457580506801605
v -0.006369634997099638 -0.027184132486581802 -0.03461791202425957
v -0.0060273148119449615 -0.02876593917608261 -0.03434331342577934
v -0.005441201385110617 -0.02837398461997509 -0.03441125527024269
v -0.0047585004940629005 -0.029871298000216484 -0.03415127098560333
v -0.00428790133446455 -0.029354456812143326 -0.034240905195474625
v -0.0032862615771591663 -0.030696241185069084 -0.03400786593556404
v -0.002957310061901808 -0.03008509986102581 -0.03411388769745827
v -0.0016734059900045395 -0.03120557963848114 -0.03391921892762184
v -0.0015043183229863644 -0.030535776168107986 -0.03403544798493385
v 1.1258689482929185e-05 -0.031377580016851425 -0.03388911113142967
v 1.1134776286780834e-05 -0.030687890946865082 -0.03400881588459015
v 0.0016958614578470588 -0.03120490536093712 -0.033918824046850204
v 0.0015265330439433455 -0.030535168945789337 -0.0340350903570652
v 0.003308533923700452 -0.03069492243230343 -0.03400709480047226
v 0.0029793628491461277 -0.03008391335606575 -0.034113191068172455
v 0.004780476447194815 -0.02986939065158367 -0.034150153398513794
v 0.004309691488742828 -0.029352737590670586 -0.03423989564180374
v 0.006048893090337515 -0.028763525187969208 -0.03434189781546593
v 0.005462639033794403 -0.02837180532515049 -0.03440997749567032
v 0.007059671450406313 -0.027424504980444908 -0.034574151039123535
v 0.006390645168721676 -0.027181580662727356 -0.034616414457559586
v 0.007248358801007271 -0.027038641273975372 -0.034641094505786896
v -0.007227399852126837 -0.027041535824537277 -0.034642793238162994
v -0.007345542311668396 -0.02662935107946396 -0.03471434861421585
v -0.007034901063889265 -0.0258339811116457 -0.03485235199332237
v -0.007389677222818136 -0.02616899646818638 -0.03479425981640816
v -0.007389976643025875 -0.024502523243427277 -0.03508349880576134
v 0.007366353180259466 -0.026626408100128174 -0.03471262753009796
v -0.007243250496685505 -0.026006508618593216 -0.039749130606651306
v -0.0073892283253371716 -0.025357561185956 -0.04000984504818916
v -0.0070341527462005615 -0.026689019054174423 -0.0397786982357502
v 0.007264287676662207 -0.02519846148788929 -0.0351085402071476
v -0.0063688866794109344 -0.028039170429110527 -0.03954425826668739
v -0.0068888054229319096 -0.02696581743657589 -0.03922315686941147
v -0.006900586653500795 -0.02694041281938553 -0.03923932835459709
v -0.007243955507874489 -0.02520136348903179 -0.035110242664813995
v -0.007034847978502512 -0.025894660502672195 -0.03520195931196213
v -0.006901188753545284 -0.026252420619130135 -0.0352754220366478
v -0.006889404263347387 -0.02628178708255291 -0.03528208285570145
v 0.006910807453095913 -0.02696305699646473 -0.039221540093421936
v 0.0069102090783417225 -0.02627902664244175 -0.035280462354421616
v 0.0069219800643622875 -0.026249656453728676 -0.035273801535367966
v 0.007053879555314779 -0.025896431878209114 -0.03520113602280617
v 0.007410771679133177 -0.025354599580168724 -0.04000811278820038
v 0.007264992687851191 -0.026003606617450714 -0.03974742814898491
v 0.007056174334138632 -0.026686200872063637 -0.03977704793214798
v 0.007056121248751879 -0.02662552148103714 -0.039427440613508224
v 0.006391393486410379 -0.02803661860525608 -0.03954276442527771
v 0.006922582630068064 -0.02693764865398407 -0.03923770785331726
v -0.007032604888081551 -0.026632381603121758 -0.039426762610673904
v 0.005463387817144394 -0.029226843267679214 -0.039336323738098145
v 0.004310439806431532 -0.03020777553319931 -0.039166245609521866
v 0.0029801111668348312 -0.030938951298594475 -0.03903954103589058
v 0.0015272815944626927 -0.03139020875096321 -0.038961440324783325
v 1.1883231309184339e-05 -0.03154292702674866 -0.038935162127017975
v -0.001503569888882339 -0.03139081224799156 -0.03896179422736168
v -0.0029565615113824606 -0.030940137803554535 -0.03904023766517639
v -0.0042871530167758465 -0.03020949475467205 -0.03916725143790245
v -0.005440453067421913 -0.029229022562503815 -0.03933760151267052
v -0.007388928905129433 -0.027024034410715103 -0.03972060605883598
v 0.0070604197680950165 -0.028279542922973633 -0.03950049728155136
v 0.006049641873687506 -0.029618563130497932 -0.03926824778318405
v 0.004781224764883518 -0.030724428594112396 -0.03907649964094162
v 0.003309282474219799 -0.03154996037483215 -0.038933441042900085
v 0.0016966098919510841 -0.032059941440820694 -0.03884517028927803
v 1.200714450533269e-05 -0.032232616096735 -0.0388154573738575
v -0.0016726575559005141 -0.032060615718364716 -0.03884556517004967
v -0.003285513259470463 -0.03155127912759781 -0.03893421217799187
v -0.004757752176374197 -0.03072633594274521 -0.03907761722803116
v -0.006026566494256258 -0.029620977118611336 -0.03926966339349747
v -0.007037825416773558 -0.02828236296772957 -0.03950215131044388
v -0.007226651534438133 -0.027896573767066002 -0.03956913948059082
v 0.007249107118695974 -0.027893679216504097 -0.03956744074821472
v 0.00736710149794817 -0.0274814460426569 -0.03963897377252579
v 0.007411071099340916 -0.027021072804927826 -0.0397188700735569
v -0.0073447939939796925 -0.027484389021992683 -0.039640698581933975
v 0.00662987632676959 -0.027258414775133133 -0.03511051833629608
v 0.006630475167185068 -0.027942445129156113 -0.0390515960752964
v 0.005680731497704983 -0.028515787795186043 -0.034892428666353226
v 0.005681329872459173 -0.029199816286563873 -0.038833506405353546
v 0.004489657003432512 -0.029554221779108047 -0.034712374210357666
v 0.00449025584384799 -0.030238252133131027 -0.038653451949357986
v 0.0031074669677764177 -0.030329417437314987 -0.03457804024219513
v 0.0031080658081918955 -0.031013447791337967 -0.03851911425590515
v 0.0015931281959638 -0.030808303505182266 -0.03449515253305435
v 0.0015937269199639559 -0.031492333859205246 -0.038436226546764374
v 1.124502614402445e-05 -0.03097044862806797 -0.03446725010871887
v 1.1843789252452552e-05 -0.0316544771194458 -0.038408324122428894
v -0.0015706962440162897 -0.030808934941887856 -0.0344955213367939
v -0.0015700975200161338 -0.031492967158555984 -0.03843659907579422
v -0.0030852071940898895 -0.030330656096339226 -0.03457876667380333
v -0.0030846083536744118 -0.031014686450362206 -0.03851984068751335
v -0.0044676754623651505 -0.029556013643741608 -0.03471342474222183
v -0.004467076621949673 -0.030240042135119438 -0.03865450248122215
v -0.005659122951328754 -0.028518054634332657 -0.03489375859498978
v -0.005658524110913277 -0.029202084988355637 -0.0388348326086998
v -0.006608719937503338 -0.02726106159389019 -0.03511207178235054
v -0.00660812109708786 -0.02794509194791317 -0.03905314579606056
v 0.006780826020985842 -0.026949724182486534 -0.03516407310962677
v 0.006875222083181143 -0.026619937270879745 -0.03522130101919174
v -0.0067597804591059685 -0.026952432468533516 -0.03516566380858421
v -0.006854294799268246 -0.02662268467247486 -0.03522291034460068
v -0.006759181618690491 -0.027636460959911346 -0.039106737822294235
v -0.006853695958852768 -0.02730671316385269 -0.0391639843583107
v 0.0067814248614013195 -0.027633752673864365 -0.03910515084862709
v 0.0068758209235966206 -0.027303967624902725 -0.039162375032901764
v 0.02416183426976204 0.012081569992005825 -0.04447324573993683
v 0.02329431287944317 0.017149804159998894 -0.04535304382443428
v 0.021344536915421486 0.021917078644037247 -0.04618076607584953
v -0.02058667317032814 -0.022074585780501366 -0.038551755249500275
v -0.0209884624928236 -0.02191694639623165 -0.03857917711138725
v -0.02101987600326538 -0.02741476148366928 -0.03762495890259743
v 0.010651696473360062 -0.0022923476062715054 -0.041980501264333725
v 0.010744741186499596 -0.002708473475649953 -0.04190826043486595
v 0.013381432741880417 -0.002526888158172369 -0.041939377784729004
v 0.009910901077091694 -0.027399903163313866 -0.0376228392124176
v 0.013385902158915997 -0.027407879009842873 -0.03762092441320419
v 0.013383565470576286 -0.014402319677174091 -0.039878226816654205
v -0.009891433641314507 -0.01440697442740202 -0.03988095372915268
v -0.013366433791816235 -0.014407670125365257 -0.03988136351108551
v -0.009889098815619946 -0.02740386314690113 -0.037625160068273544
v -0.013364097103476524 -0.027413230389356613 -0.0376240611076355
v -0.009842504747211933 -0.027826381847262383 -0.037551816552877426
v -0.005281887017190456 -0.03297417610883713 -0.036657653748989105
v -0.007080354727804661 -0.03170685097575188 -0.036877889186143875
v -0.013362646102905273 -0.035489510744810104 -0.03622230887413025
v -0.008576029911637306 -0.030102360993623734 -0.0371565967798233
v -0.009705041535198689 -0.028229227289557457 -0.0374818779528141
v 0.009287353605031967 -0.035484980791807175 -0.036219652742147446
v 0.00972714088857174 -0.02822534181177616 -0.037479598075151443
v 0.008598802611231804 -0.03009892627596855 -0.037154585123062134
v 1.2353883903415408e-05 -0.03548683598637581 -0.0362207405269146
v 0.003281546290963888 -0.03384891152381897 -0.03650452941656113
v 0.0011177061824128032 -0.03429713100194931 -0.03642706200480461
v -0.0010934257879853249 -0.03429757058620453 -0.036427322775125504
v -0.0032574268989264965 -0.03385021910071373 -0.03650529310107231
v 0.007103703450411558 -0.03170401230454445 -0.03687622398138046
v 0.005305691622197628 -0.0329720564186573 -0.03665640950202942
v 0.013387353159487247 -0.03548416122794151 -0.036219172179698944
v 0.009864458814263344 -0.02782244049012661 -0.03754950687289238
v 0.010694117285311222 -0.012283730320632458 -0.04024634510278702
v 0.010551311075687408 -0.012661912478506565 -0.04018072783946991
v 0.010333314538002014 -0.013003506697714329 -0.040121473371982574
v 0.009935971349477768 -0.01389242336153984 -0.03996725007891655
v 0.009908532723784447 -0.014218064025044441 -0.039910733699798584
v 0.009908566251397133 -0.014403014443814754 -0.03987863287329674
v 0.009515738114714622 -0.009965654462575912 -0.04064885899424553
v 0.009876876138150692 -0.010155931115150452 -0.040615782141685486
v 0.013382299803197384 -0.007354710716754198 -0.04110144078731537
v 0.01019110344350338 -0.010414697229862213 -0.04057082161307335
v 0.01073361188173294 -0.011481905356049538 -0.04038550704717636
v 0.010755745694041252 -0.011884818784892559 -0.040315572172403336
v 0.010151322931051254 -0.013276678510010242 -0.04007408767938614
v 0.010017650201916695 -0.013575725257396698 -0.04002220556139946
v 0.010445245541632175 -0.010731103830039501 -0.04051586613059044
v 0.010628645308315754 -0.011091882362961769 -0.040453217923641205
v 0.007807299494743347 -0.007355825509876013 -0.0411020927131176
v 0.00830825325101614 -0.009869311936199665 -0.04066576436161995
v 0.009282299317419529 -0.007355530746281147 -0.04110192134976387
v 0.008714630268514156 -0.009819276630878448 -0.04067438840866089
v 0.00912283081561327 -0.009851844981312752 -0.04066867381334305
v 0.0075683328323066235 -0.010205433703958988 -0.04060753807425499
v 0.007221993990242481 -0.010030176490545273 -0.04063801094889641
v 0.007265815045684576 -0.010477426461875439 -0.04056037589907646
v 0.00691896490752697 -0.010275297798216343 -0.040595512837171555
v 0.007025868631899357 -0.010804425925016403 -0.04050365835428238
v 0.006573223974555731 -0.010457465425133705 -0.04056394845247269
v 0.007807529531419277 -0.008636675775051117 -0.040879782289266586
v 0.0077691697515547276 -0.009021119214594364 -0.04081306234002113
v 0.007920737378299236 -0.009999856352806091 -0.04064316675066948
v 0.007655424531549215 -0.009390800260007381 -0.04074891656637192
v 0.007470665965229273 -0.009731518104672432 -0.04068980738520622
v 0.005293994676321745 -0.01179004181176424 -0.0403328537940979
v 0.005807884037494659 -0.010607616044580936 -0.0405380018055439
v 7.88414035923779e-06 -0.010608775541186333 -0.04053868353366852
v 0.005709810182452202 -0.011746899224817753 -0.040340278297662735
v 0.006107437424361706 -0.011619518510997295 -0.04036232829093933
v 0.006198057904839516 -0.010569675825536251 -0.040544528514146805
v 0.006469497922807932 -0.011413468047976494 -0.04039803519845009
v 0.006780167110264301 -0.01113775372505188 -0.04044584184885025
v -0.008699145168066025 -0.00982275977730751 -0.040676429867744446
v -0.00829275045543909 -0.009872633032500744 -0.040667712688446045
v -0.007792699616402388 -0.007358945906162262 -0.041103921830654144
v -0.007792469579726458 -0.008639795705676079 -0.04088161140680313
v -0.006091305520385504 -0.011621958576142788 -0.04036375507712364
v -0.005792115814983845 -0.010609935969114304 -0.04053936153650284
v -0.006182303186506033 -0.010572151280939579 -0.040545981377363205
v -0.0065575093030929565 -0.01046009175479412 -0.04056548699736595
v -0.006903315894305706 -0.010278061963617802 -0.040597133338451385
v -0.007250093389302492 -0.010480329394340515 -0.04056207835674286
v -0.007552708964794874 -0.010208457708358765 -0.04060931131243706
v -0.005693632643669844 -0.011749180033802986 -0.04034161567687988
v -0.005277801305055618 -0.011792155914008617 -0.04033409431576729
v 8.096563760773279e-06 -0.011791098862886429 -0.040333472192287445
v -0.007010029628872871 -0.010807232931256294 -0.0405053049325943
v -0.006764208432286978 -0.011140462942421436 -0.040447428822517395
v -0.006453440058976412 -0.011416052468121052 -0.04039955139160156
v -0.0072064329870045185 -0.010033062659204006 -0.04063970223069191
v -0.007455212064087391 -0.00973450392484665 -0.0406915582716465
v -0.007905187085270882 -0.01000302191823721 -0.04064502194523811
v -0.007640093564987183 -0.009393859654664993 -0.040750712156295776
v -0.00775397103279829 -0.009024224244058132 -0.04081488400697708
v -0.009891467168927193 -0.014222024008631706 -0.039913054555654526
v -0.00991902220994234 -0.013896394520998001 -0.03996957838535309
v -0.01000081468373537 -0.01357972901314497 -0.04002455249428749
v -0.010134595446288586 -0.013280736282467842 -0.040076468139886856
v -0.01031668484210968 -0.013007637113332748 -0.040123894810676575
v -0.010534804314374924 -0.012666129507124424 -0.04018320143222809
v -0.010677746497094631 -0.012288005091249943 -0.04024885222315788
v -0.010739518329501152 -0.011889117769896984 -0.040318094193935394
v -0.013367699459195137 -0.007360060699284077 -0.041104573756456375
v -0.010717528872191906 -0.011486195959150791 -0.04038802161812782
v -0.010612702928483486 -0.011096131056547165 -0.040455710142850876
v -0.01042943261563778 -0.010735278949141502 -0.04051830992102623
v -0.010175404138863087 -0.010418770834803581 -0.040573205798864365
v -0.00986126996576786 -0.010159878991544247 -0.04061809554696083
v -0.009500199928879738 -0.009969457983970642 -0.04065109044313431
v -0.009107333607971668 -0.009855491109192371 -0.040670812129974365
v 0.018744487315416336 0.009831483475863934 -0.04408353567123413
v 0.018327796831727028 0.009717403911054134 -0.04406379908323288
v 0.022156432271003723 -0.002525133080780506 -0.04193834960460663
v 0.01912654936313629 0.010031149722635746 -0.04411813244223595
v 0.017895957455039024 0.009694249369204044 -0.04405984282493591
v 0.017469167709350586 0.009763098321855068 -0.04407186061143875
v 0.019503649324178696 0.012965608388185501 -0.044627390801906586
v 0.019717415794730186 0.012678180821239948 -0.044577471911907196
v 0.019899075850844383 0.012291494756937027 -0.04451032727956772
v 0.019992120563983917 0.011875368654727936 -0.044438090175390244
v 0.019992196932435036 0.01144926343113184 -0.04436413198709488
v 0.01989930123090744 0.011033100076019764 -0.044291917234659195
v 0.017204903066158295 0.009855429641902447 -0.04408792406320572
v 0.015249507501721382 0.010468651540577412 -0.04419465363025665
v 0.013208229094743729 0.010675691068172455 -0.04423090070486069
v 0.019717780873179436 0.010646341368556023 -0.0442248173058033
v 0.01945611648261547 0.010307068936526775 -0.044165972620248795
v 0.018403101712465286 0.026161862537264824 -0.046917956322431564
v 0.016240408644080162 0.02429945580661297 -0.04659503698348999
v 0.016809796914458275 0.02245127409696579 -0.04627417400479317
v 0.0170022901147604 0.020529145374894142 -0.04594052955508232
v 0.01700247824192047 0.01948205567896366 -0.045758794993162155
v 0.01716558448970318 0.017711538821458817 -0.04545146971940994
v 0.017648959532380104 0.015998730435967445 -0.045154113322496414
v 0.018436865881085396 0.014399397186934948 -0.04487640783190727
v 0.010131735354661942 0.03232841566205025 -0.047989506274461746
v 0.008951457217335701 0.03019091673195362 -0.04761869087815285
v 0.010827489197254181 0.029630614444613457 -0.047521159052848816
v 0.014606698416173458 0.029686903581023216 -0.04753035306930542
v 0.012556520290672779 0.02872047759592533 -0.047362927347421646
v 0.014072106219828129 0.02749546989798546 -0.047150082886219025
v 0.015316003002226353 0.0260026752948761 -0.04689079523086548
v 0.00700052035972476 0.03037983924150467 -0.047651778906583786
v 0.005186157766729593 0.033963631838560104 -0.048274073749780655
v 5.20127628078626e-07 0.030378440394997597 -0.04765259847044945
v 0.000625401851721108 0.034508731216192245 -0.04836937412619591
v 0.000536485284101218 0.03447035700082779 -0.04836272820830345
v -0.010131395421922207 0.03232436254620552 -0.047991883009672165
v -0.014605408534407616 0.02968106046319008 -0.047533780336380005
v -0.01255488395690918 0.028715454041957855 -0.04736587405204773
v -0.010826179757714272 0.029626283794641495 -0.04752369597554207
v -0.008950348943471909 0.0301873367279768 -0.04762079194188118
v -0.005186405498534441 0.03396155685186386 -0.048275288194417953
v -0.0069994800724089146 0.030377039685845375 -0.04765342175960541
v -0.0006258456851355731 0.03450847789645195 -0.048369523137807846
v -7.869859837228432e-05 0.03437086567282677 -0.04834555462002754
v -0.0172555111348629 0.009824283421039581 -0.04408775269985199
v -0.017672201618552208 0.009710203856229782 -0.04406801611185074
v -0.013368567451834679 -0.0025322383735328913 -0.04194251447916031
v -0.013200107961893082 0.01067040953785181 -0.04423399642109871
v -0.015241311863064766 0.010462552309036255 -0.044198229908943176
v -0.01719648763537407 0.009848549030721188 -0.04409195855259895
v -0.01810404099524021 0.009687049314379692 -0.04406406357884407
v -0.021024346351623535 -0.0025337697006762028 -0.04194340854883194
v -0.0185308326035738 0.009755897335708141 -0.04407607764005661
v -0.01893262006342411 0.009913534857332706 -0.04410349950194359
v -0.01929061859846115 0.01015259139239788 -0.044145043939352036
v -0.019588088616728783 0.010461881756782532 -0.04419877380132675
v -0.0198111180216074 0.01082694809883833 -0.04426217079162598
v -0.019949281588196754 0.01123072113841772 -0.044332269579172134
v -0.019996115937829018 0.011654318310320377 -0.044405799359083176
v -0.02134045399725437 0.021908540278673172 -0.04618576914072037
v -0.01994943432509899 0.01207793690264225 -0.04447931796312332
v -0.019811416044831276 0.01248176209628582 -0.04454938694834709
v -0.018400544300675392 0.026154501363635063 -0.04692227020859718
v -0.015313388779759407 0.025996549054980278 -0.046894386410713196
v -0.014070028439164162 0.027489840984344482 -0.04715337976813316
v -0.016997521743178368 0.01947525516152382 -0.04576277732849121
v -0.01699770987033844 0.0205223448574543 -0.045944515615701675
v -0.01680590771138668 0.022444549947977066 -0.04627811163663864
v -0.016237182542681694 0.0242929607629776 -0.04659884423017502
v -0.019588517025113106 0.012846921570599079 -0.04461273178458214
v -0.01949635148048401 0.012957808561623096 -0.0446319617331028
v -0.018430082127451897 0.014392023906111717 -0.04488072916865349
v -0.017642751336097717 0.01599167101085186 -0.045158252120018005
v -0.017159990966320038 0.01770467311143875 -0.04545549303293228
v -0.01003853790462017 -0.0014238115400075912 -0.04213438928127289
v -0.009680625982582569 -0.0011846160050481558 -0.04217585176229477
v -0.01074349693953991 -0.0029258241411298513 -0.04187380149960518
v -0.010696813464164734 -0.0025022048503160477 -0.041947320103645325
v -0.010558795183897018 -0.0020983763970434666 -0.042017389088869095
v -0.010335897095501423 -0.0017332209972664714 -0.04208073392510414
v -0.008003548718988895 -0.0010946893598884344 -0.04219120368361473
v -0.007621415425091982 -0.00129420286975801 -0.04215651750564575
v 4.0605177673569415e-06 0.010673049837350845 -0.04423244670033455
v -0.009278894402086735 -0.0010268179466947913 -0.042203180491924286
v -0.008852127008140087 -0.0009577947785146534 -0.04221509397029877
v -0.008420282043516636 -0.0009807769674807787 -0.04221104085445404
v -0.006848303135484457 -0.002295847749337554 -0.04198255017399788
v 6.432579993997933e-06 -0.0025295631494373083 -0.041940946131944656
v -0.007029964588582516 -0.0019091618014499545 -0.04204969480633736
v -0.007291749119758606 -0.0015699943760409951 -0.042108599096536636
v 0.006803186144679785 -0.002498704707249999 -0.04194526746869087
v 0.006941203493624926 -0.002094876253977418 -0.04201533645391464
v 0.0074614607729017735 -0.0014203113969415426 -0.042132340371608734
v 0.007819373160600662 -0.0011811158619821072 -0.04217379912734032
v 0.008221104741096497 -0.0010233176872134209 -0.04220112785696983
v 0.009279060177505016 0.01067490503191948 -0.0442313589155674
v 0.007164102513343096 -0.0017297208542004228 -0.04207868129014969
v 0.008647872135043144 -0.0009542946354486048 -0.042213041335344315
v 0.00907971803098917 -0.00097727682441473 -0.04220898821949959
v 0.00949645135551691 -0.0010911892168223858 -0.04218915477395058
v 0.009878584183752537 -0.0012907027266919613 -0.0421544685959816
v 0.010208250023424625 -0.0015664941165596247 -0.04210655018687248
v 0.01047003548592329 -0.0019056616583839059 -0.042047642171382904
v -0.01931201107800007 -0.01834503374993801 -0.03919887915253639
v -0.018929876387119293 -0.018544547259807587 -0.03916419297456741
v -0.020159883424639702 -0.02214343659579754 -0.038539741188287735
v -0.020989086478948593 -0.018434958532452583 -0.03918352723121643
v -0.020587356761097908 -0.018277158960700035 -0.03921085223555565
v -0.021022213622927666 -0.014409201219677925 -0.03988226130604744
v -0.02016058936715126 -0.018208138644695282 -0.03922276943922043
v -0.01972874253988266 -0.018231119960546494 -0.0392187125980854
v -0.018600210547447205 -0.01882033608853817 -0.0391162745654583
v -0.01833842694759369 -0.019159503281116486 -0.03905737027525902
v -0.018156765028834343 -0.01954619027674198 -0.03899022564291954
v -0.018599724397063255 -0.02153061330318451 -0.03864586725831032
v -0.01833806186914444 -0.021191341802477837 -0.03870471566915512
v -0.018156539648771286 -0.02080458216369152 -0.03877181559801102
v -0.018929289653897285 -0.021806534379720688 -0.03859802708029747
v -0.01931135356426239 -0.02200620248913765 -0.038563430309295654
v -0.0197280440479517 -0.02212028205394745 -0.0385436937212944
v -0.01806372031569481 -0.019962316378951073 -0.038917988538742065
v -0.018051959574222565 -0.02017536573112011 -0.038881007581949234
v -0.01806364394724369 -0.020388420671224594 -0.0388440303504467
v -0.02134646102786064 -0.02167789451777935 -0.0386207215487957
v -0.024189095944166183 -0.02741539478302002 -0.037625331431627274
v -0.021643929183483124 -0.0213686041533947 -0.038674451410770416
v -0.02186696045100689 -0.021003536880016327 -0.03873784840106964
v -0.022005124017596245 -0.020599763840436935 -0.0388079471886158
v -0.02205195650458336 -0.02017616666853428 -0.03888147696852684
v -0.02419143356382847 -0.014409835450351238 -0.03988263010978699
v -0.022005274891853333 -0.01975254900753498 -0.038954995572566986
v -0.021867256611585617 -0.019348720088601112 -0.039025064557790756
v -0.021644359454512596 -0.018983565270900726 -0.0390884093940258
v -0.02134699933230877 -0.018674153834581375 -0.03914206475019455
v 0.006803338415920734 -0.0033459209371358156 -0.041798222810029984
v 6.7158111960452516e-06 -0.004105995874851942 -0.041667331010103226
v 0.005806715693324804 -0.0041048359125852585 -0.041666653007268906
v 0.00822178740054369 -0.0048207445070147514 -0.04154203087091446
v 0.007819999009370804 -0.004663103260099888 -0.04156945273280144
v 0.007654693443328142 -0.0053209117613732815 -0.041455306112766266
v 0.006941501051187515 -0.0037496942095458508 -0.04172812029719353
v 0.006756503600627184 -0.0029223239980638027 -0.041871748864650726
v 0.0061969030648469925 -0.004142621532082558 -0.04166003689169884
v 0.006572109647095203 -0.004254681523889303 -0.04164052754640579
v 0.007164531387388706 -0.004114760551601648 -0.0416647233068943
v 0.006917915772646666 -0.004436708986759186 -0.04160888120532036
v 0.007462000474333763 -0.0044240509159862995 -0.041610997170209885
v 0.007221032865345478 -0.004681711085140705 -0.041566312313079834
v 0.007469812408089638 -0.004980271682143211 -0.041514456272125244
v -0.009680000133812428 -0.00466660363599658 -0.04157150164246559
v -0.010037998668849468 -0.004427551291882992 -0.04161304980516434
v -0.0103354686871171 -0.004118260927498341 -0.041666775941848755
v -0.010558498091995716 -0.0037531943526118994 -0.04173017293214798
v -0.010696661658585072 -0.003349421313032508 -0.04180027171969414
v -0.00675525888800621 -0.0027119736187160015 -0.041910313069820404
v -0.006743496749550104 -0.0029250241350382566 -0.04187333211302757
v -0.0067551820538938046 -0.0031380795408040285 -0.04183635488152504
v -0.0057932841591537 -0.004107155837118626 -0.041668012738227844
v -0.006848077289760113 -0.0035542387049645185 -0.041764140129089355
v -0.006183458026498556 -0.00414509791880846 -0.04166148602962494
v -0.006558624096214771 -0.004257307853549719 -0.04164206609129906
v -0.0070295995101332664 -0.0039409976452589035 -0.04169704020023346
v -0.006904364563524723 -0.004439473617821932 -0.04161050170660019
v -0.007291262038052082 -0.0042802696116268635 -0.041638195514678955
v -0.007207394111901522 -0.004684596788138151 -0.041568003594875336
v -0.0076208291575312614 -0.004556193016469479 -0.04159035533666611
v -0.007456066086888313 -0.004983257036656141 -0.04151620715856552
v -0.007640824653208256 -0.005323970690369606 -0.041457097977399826
v -0.008002891205251217 -0.004755859263241291 -0.04155575484037399
v -0.007754569407552481 -0.005693655926734209 -0.04139295220375061
v -0.007792929653078318 -0.006078095640987158 -0.04132623225450516
v -0.008419583551585674 -0.004869938362389803 -0.04153601825237274
v -0.008851420134305954 -0.00489309336990118 -0.041532065719366074
v -0.009278211742639542 -0.004824244417250156 -0.04154407978057861
v 0.01047040056437254 -0.003937497269362211 -0.04169498756527901
v 0.01020873710513115 -0.004276769235730171 -0.0416361428797245
v 0.01075650379061699 -0.002921523991972208 -0.04187128320336342
v 0.010744817554950714 -0.00313457939773798 -0.041834305971860886
v 0.010651922784745693 -0.00355073856189847 -0.0417620874941349
v 0.00987916998565197 -0.004552692640572786 -0.041588302701711655
v 0.007768571376800537 -0.005690550897270441 -0.04139113053679466
v 0.007807069458067417 -0.006074975244700909 -0.04132440313696861
v 0.008648579008877277 -0.004889592994004488 -0.04153001680970192
v 0.009080416522920132 -0.004866437986493111 -0.04153396934270859
v 0.009497108869254589 -0.004752358887344599 -0.04155370593070984
v 0.016420230269432068 -0.035838592797517776 -0.03615719452500343
v 0.01619720086455345 -0.035473525524139404 -0.03622059151530266
v 0.016059037297964096 -0.03506975620985031 -0.036290690302848816
v 0.016012202948331833 -0.034646157175302505 -0.03636422008275986
v 0.01605888642370701 -0.03422253951430321 -0.0364377386868
v 0.01833541877567768 -0.03270111232995987 -0.03670145943760872
v 0.018752150237560272 -0.03281502425670624 -0.03668162226676941
v 0.022160902619361877 -0.027406124398112297 -0.03761989623308182
v 0.0191342830657959 -0.03301453962922096 -0.03664693608880043
v 0.016196904703974724 -0.03381871059536934 -0.03650780767202377
v 0.016419801861047745 -0.033453553915023804 -0.03657115250825882
v 0.01671716198325157 -0.03314414620399475 -0.036624807864427567
v 0.0170750729739666 -0.03290494903922081 -0.03666627034544945
v 0.017476804554462433 -0.03274714946746826 -0.036693599075078964
v 0.01790357194840908 -0.03267812728881836 -0.036705512553453445
v 0.019907396286725998 -0.03401618078351021 -0.03647296875715256
v 0.02216235361993313 -0.03548240661621094 -0.03621814399957657
v 0.019725734367966652 -0.03362949565052986 -0.036540113389492035
v 0.019463950768113136 -0.033290326595306396 -0.03659902140498161
v 0.020000440999865532 -0.0344323068857193 -0.03640073165297508
v 0.020012201741337776 -0.034645356237888336 -0.03636375069618225
v 0.02000051736831665 -0.03485841304063797 -0.03632677346467972
v 0.019907621666789055 -0.03527457267045975 -0.036254558712244034
v 0.0197260994464159 -0.03566133230924606 -0.03618745878338814
v 0.022163230925798416 -0.0403594896197319 -0.035371653735637665
v 0.019464436918497086 -0.036000605672597885 -0.03612861409783363
v 0.019134869799017906 -0.036276526749134064 -0.036080773919820786
v 0.0174774881452322 -0.03654457628726959 -0.03603449836373329
v 0.01707569882273674 -0.036386940628290176 -0.03606192022562027
v 0.01338822953402996 -0.04036124423146248 -0.03537268564105034
v 0.0167177002876997 -0.03614788502454758 -0.036103468388319016
v 0.01875280775129795 -0.036476194858551025 -0.03604617342352867
v 0.018336117267608643 -0.036590270698070526 -0.03602643683552742
v 0.01790427789092064 -0.036613427102565765 -0.03602248430252075
v -0.01994096115231514 -0.03507695347070694 -0.03629491105675697
v -0.019987795501947403 -0.03465335816144943 -0.036368440836668015
v -0.02101842500269413 -0.03549104183912277 -0.03622320294380188
v -0.019941113889217377 -0.034229740500450134 -0.03644195944070816
v -0.01980309560894966 -0.033825911581516266 -0.03651202842593193
v -0.017247850075364113 -0.032822225242853165 -0.036685843020677567
v -0.016865713521838188 -0.03302173689007759 -0.03665115684270859
v -0.01958019658923149 -0.03346075490117073 -0.03657536953687668
v -0.019282838329672813 -0.03315134719014168 -0.036629028618335724
v -0.018924925476312637 -0.03291215002536774 -0.036670491099357605
v -0.018523193895816803 -0.03275435045361519 -0.03669781610369682
v -0.018096428364515305 -0.032685328274965286 -0.0367097333073616
v -0.017664581537246704 -0.0327083095908165 -0.03670567646622658
v -0.01653604954481125 -0.03329752758145332 -0.03660323843359947
v -0.016274264082312584 -0.03363669291138649 -0.03654433414340019
v -0.016092604026198387 -0.034023381769657135 -0.036477189511060715
v -0.015999559313058853 -0.034439507871866226 -0.03640495240688324
v -0.01598779670894146 -0.03465255722403526 -0.03636797145009041
v -0.015999482944607735 -0.0348656103014946 -0.036330994218587875
v -0.01609237678349018 -0.035281773656606674 -0.03625877946615219
v -0.01653556153178215 -0.03600780665874481 -0.03613283112645149
v -0.01686512865126133 -0.03628372400999069 -0.036084990948438644
v -0.01336176972836256 -0.04036659747362137 -0.035375818610191345
v -0.018522512167692184 -0.03655177727341652 -0.03603871911764145
v -0.018924299627542496 -0.036394137889146805 -0.03606614097952843
v -0.02101754955947399 -0.040368128567934036 -0.035376716405153275
v -0.016273899003863335 -0.03566853329539299 -0.036191679537296295
v -0.019282298162579536 -0.036155086010694504 -0.036107685416936874
v -0.019579768180847168 -0.0358457937836647 -0.03616141527891159
v -0.019802797585725784 -0.03548072651028633 -0.03622480854392052
v -0.017247192561626434 -0.036483392119407654 -0.03605039417743683
v -0.017663883045315742 -0.03659747168421745 -0.03603065758943558
v -0.018095720559358597 -0.03662062808871269 -0.03602670505642891
v -0.024188971146941185 -0.028109777718782425 -0.037504810839891434
v -0.02411484159529209 -0.028286395594477654 -0.037474144250154495
v -0.024047330021858215 -0.028897013515233994 -0.03736815229058266
v -0.02418874390423298 -0.029375379905104637 -0.03728514537215233
v -0.024187644943594933 -0.03549167513847351 -0.036223575472831726
v -0.024186786264181137 -0.040270235389471054 -0.03539418801665306
v -0.024286769330501556 -0.04036878049373627 -0.035377100110054016
v -0.024195825681090355 0.010035408660769463 -0.044125452637672424
v -0.024193566292524338 -0.0025344034656882286 -0.041943781077861786
v -0.024192700162529945 -0.007362226024270058 -0.04110584408044815
v -0.021023480221629143 -0.007361592259258032 -0.041105471551418304
v -0.02328851819038391 0.01714048720896244 -0.04535850137472153
v -0.024154217913746834 0.012071906588971615 -0.04447890818119049
v -0.02405441179871559 0.010513772256672382 -0.04420845955610275
v -0.024121923372149467 0.011124391108751297 -0.04431444779038429
v -0.024187961593270302 0.011284617707133293 -0.044342268258333206
v 0.024204174056649208 0.010045088827610016 -0.04411977902054787
v 0.024088013917207718 0.010370749048888683 -0.04417632147669792
v 0.024054059758782387 0.010677860118448734 -0.04422962665557861
v 0.0241879690438509 0.011277757585048676 -0.04433372989296913
v 0.02419586107134819 0.011294295080006123 -0.04433659836649895
v 0.024211253970861435 -0.029365699738264084 -0.03727947548031807
v 0.024095095694065094 -0.029040036723017693 -0.037336014211177826
v 0.024061139672994614 -0.02873292751610279 -0.037389323115348816
v 0.024195048958063126 -0.028133030980825424 -0.037493422627449036
v 0.024206431582570076 -0.0025247230660170317 -0.04193810746073723
v 0.022157300263643265 -0.007352955639362335 -0.04110041260719299
v 0.024207299575209618 -0.007352545391768217 -0.04110017046332359
v 0.022158566862344742 -0.014400564134120941 -0.03987719863653183
v 0.024208566173911095 -0.01440015435218811 -0.03987695649266243
v 0.02421090193092823 -0.027405714616179466 -0.037619657814502716
v 0.02421102672815323 -0.02810009755194187 -0.037499137222766876
v 0.02421235293149948 -0.03548199683427811 -0.03621790185570717
v 0.024213211610913277 -0.04026055335998535 -0.0353885143995285
v 0.02431323006749153 -0.04035906121134758 -0.03537140414118767
v 0.009288229048252106 -0.04036206379532814 -0.03537316620349884
v 1.3230131116870325e-05 -0.040363918989896774 -0.03537425026297569
v -0.009705491364002228 -0.027716204524040222 -0.03452606871724129
v -0.008576478809118271 -0.0295893382281065 -0.03420078754425049
v -0.008173074573278427 -0.028638500720262527 -0.034365758299827576
v 0.0006120153702795506 -0.032950509339571 -0.03361601382493973
v 0.0011172571685165167 -0.033784106373786926 -0.033471252769231796
v 0.008794896304607391 -0.027610376477241516 -0.034541625529527664
v 0.00328109716065228 -0.033335886895656586 -0.03354872018098831
v 0.005305242259055376 -0.03245903551578522 -0.0337006039917469
v 0.0071032545529305935 -0.031190989539027214 -0.033920418471097946
v 0.008598352782428265 -0.029585903510451317 -0.03419877588748932
v 0.009726691991090775 -0.027712319046258926 -0.03452379256486893
v -0.0070808036252856255 -0.031193826347589493 -0.03392207995057106
v -0.005282335914671421 -0.032461151480674744 -0.03370184451341629
v -0.003257875796407461 -0.033337194472551346 -0.033549487590789795
v -0.0010938749182969332 -0.03378454968333244 -0.03347151353955269
v -0.00991947203874588 -0.013383371755480766 -0.03701376914978027
v -0.009891916066408157 -0.013709002174437046 -0.03695724904537201
v -0.00877528265118599 -0.018986359238624573 -0.03604111820459366
v -0.00988954771310091 -0.026890840381383896 -0.03466935083270073
v -0.009842953644692898 -0.027313359081745148 -0.03459601104259491
v 0.00903203897178173 -0.012249362654983997 -0.0372077152132988
v 0.008702335879206657 -0.012284758500754833 -0.037201620638370514
v 0.008192688226699829 -0.017958233132958412 -0.03621698543429375
v 0.00957375206053257 -0.011887329630553722 -0.03727046772837639
v 0.010550862178206444 -0.01214888971298933 -0.03722492232918739
v 0.009729049168527126 -0.011598596349358559 -0.03732055798172951
v 0.010693668387830257 -0.011770707555115223 -0.0372905395925045
v 0.009782646782696247 -0.011276121251285076 -0.037376519292593
v 0.008378423750400543 -0.012214576825499535 -0.037213850766420364
v -0.007717352360486984 -0.011279621161520481 -0.037378571927547455
v -0.0005924011347815394 -0.013646225444972515 -0.036966729909181595
v -0.008293199352920055 -0.009359610266983509 -0.03771190345287323
v -0.00869959406554699 -0.009309737011790276 -0.03772062063217163
v -0.008468310348689556 -0.01030668243765831 -0.03754755109548569
v -0.0087980255484581 -0.01027141883969307 -0.03755372390151024
v 0.008714181371033192 -0.009306253865361214 -0.037718579173088074
v 0.008701973594725132 -0.01026791799813509 -0.037551671266555786
v 0.00912238098680973 -0.009338823147118092 -0.03771286457777023
v 0.009031688794493675 -0.01030318159610033 -0.03754550218582153
v 0.009515288285911083 -0.009452631697058678 -0.03769305348396301
v 0.009332713671028614 -0.010440327227115631 -0.03752165287733078
v 0.010755296796560287 -0.011371796019375324 -0.03735976666212082
v 0.010733162984251976 -0.010968882590532303 -0.037429701536893845
v 0.009728933684527874 -0.010953669436275959 -0.03743249550461769
v 0.01062819641083479 -0.010578859597444534 -0.03749741241335869
v 0.00957353226840496 -0.010664996691048145 -0.037482619285583496
v 0.00933301355689764 -0.012112096883356571 -0.03723149374127388
v 0.01015087403357029 -0.012763656675815582 -0.03711828216910362
v 0.010332864709198475 -0.012490483932197094 -0.03716566786170006
v 0.00986400991678238 -0.027309417724609375 -0.03459370136260986
v 0.00991045217961073 -0.02688688039779663 -0.03466702997684479
v 0.009908083826303482 -0.013705041259527206 -0.03695492818951607
v 0.009935522451996803 -0.013379400596022606 -0.037011440843343735
v 0.01001720130443573 -0.013062702491879463 -0.037066396325826645
v -0.010317133739590645 -0.012494614347815514 -0.03716808557510376
v -0.009317418560385704 -0.01211582776159048 -0.03723368048667908
v -0.009620537050068378 -0.01180066168308258 -0.03728842735290527
v -0.009486622177064419 -0.010585466399788857 -0.0374993197619915
v -0.010429881513118744 -0.010222257114946842 -0.03756250441074371
v -0.009672692976891994 -0.010855966247618198 -0.03745239973068237
v -0.01061315182596445 -0.01058310829102993 -0.03749990090727806
v -0.00976136326789856 -0.011170840822160244 -0.03739776089787483
v -0.009107782505452633 -0.009342469274997711 -0.03771500289440155
v -0.009500648826360703 -0.009456435218453407 -0.03769528120756149
v -0.009317719377577305 -0.01044405810534954 -0.03752383962273598
v -0.009861718863248825 -0.009646857157349586 -0.037662286311388016
v -0.010175853036344051 -0.009905748069286346 -0.03761740028858185
v 0.01044479664415121 -0.010218081995844841 -0.037560056895017624
v 0.010190654546022415 -0.009901674464344978 -0.037615012377500534
v 0.009876427240669727 -0.009642909280955791 -0.03765997290611267
v -0.008166985586285591 -0.01211559772491455 -0.037233542650938034
v -0.007926247082650661 -0.011890829540789127 -0.03727252036333084
v -0.007770949508994818 -0.011602096259593964 -0.03732261061668396
v -0.01013504434376955 -0.012767713516950607 -0.03712065890431404
v -0.01000126451253891 -0.013066706247627735 -0.037068743258714676
v -0.009121575392782688 -0.012218077667057514 -0.03721590340137482
v -0.008797663263976574 -0.012288258410990238 -0.037203673273324966
v -0.008467961102724075 -0.012252863496541977 -0.03720976412296295
v -0.01071797776967287 -0.010973173193633556 -0.037432216107845306
v -0.010739967226982117 -0.011376095935702324 -0.03736228495836258
v -0.009743348695337772 -0.011497125960886478 -0.037341129034757614
v -0.010678195394575596 -0.011774982325732708 -0.03729304298758507
v -0.010535253211855888 -0.012153107672929764 -0.03722739219665527
v -0.007905636914074421 -0.009489999152719975 -0.0376892127096653
v -0.008167286403477192 -0.01044382806867361 -0.037523701786994934
v -0.007553157862275839 -0.009695435874164104 -0.03765350580215454
v 0.008182580582797527 -0.012112326920032501 -0.037231627851724625
v 0.007879462093114853 -0.011797161772847176 -0.03728637471795082
v 0.007756649982184172 -0.011493626050651073 -0.03733907639980316
v 0.008307804353535175 -0.009356290102005005 -0.03770995885133743
v 0.007920288480818272 -0.009486834518611431 -0.037687357515096664
v 0.008182280696928501 -0.010440557263791561 -0.037521786987781525
v 0.0075678834691643715 -0.009692410938441753 -0.03765173256397247
v 0.008013376966118813 -0.010581966489553452 -0.03749727085232735
v 0.007265365682542324 -0.009964403696358204 -0.037604570388793945
v 0.007827306166291237 -0.010852465406060219 -0.03745034709572792
v 0.007025419268757105 -0.010291403159499168 -0.037547849118709564
v 0.007738636340945959 -0.011167340911924839 -0.03739571198821068
v 0.006779718212783337 -0.010624730959534645 -0.037490032613277435
v -0.007250542286783457 -0.00996730662882328 -0.03760627284646034
v -0.00792646687477827 -0.01066849660128355 -0.03748467192053795
v -0.007010478526353836 -0.01029421016573906 -0.037549495697021484
v -0.007771065458655357 -0.010957169346511364 -0.037434544414281845
v -0.006764657329767942 -0.010627440176904202 -0.03749162331223488
v 0.00646904855966568 -0.010900445282459259 -0.037442225962877274
v 0.006106988526880741 -0.01110649574548006 -0.037406519055366516
v 0.005709361284971237 -0.011233876459300518 -0.03738446906208992
v -0.0064538889564573765 -0.010903029702603817 -0.03744374215602875
v -0.006091754883527756 -0.011108935810625553 -0.037407949566841125
v 0.00529354577884078 -0.011277019046247005 -0.037377044558525085
v -0.00527825066819787 -0.011279134079813957 -0.03737828508019447
v -0.005694081541150808 -0.011236157268285751 -0.03738580644130707
v 0.028117641806602478 -0.029939277097582817 -0.03920922800898552
v 0.028211532160639763 -0.02958843857049942 -0.039270106703042984
v 0.028211696073412895 -0.03049290180206299 -0.0391131266951561
v -0.028188467025756836 -0.029599720612168312 -0.039276719093322754
v -0.028174160048365593 -0.029667852446436882 -0.03926489129662514
v -0.028188304975628853 -0.03050418198108673 -0.03911973536014557
v -0.02798418700695038 -0.03022303804755211 -0.039168503135442734
v -0.02818647027015686 -0.040711577981710434 -0.03734809532761574
v -0.027677519246935844 -0.030725006014108658 -0.039081331342458725
v -0.02726849913597107 -0.03115028142929077 -0.03900745511054993
v 0.02821352891623974 -0.04070029407739639 -0.037341486662626266
v 0.02595682069659233 -0.03174836188554764 -0.03889556601643562
v 0.026529772207140923 -0.0315915048122406 -0.03892270103096962
v -0.02767810970544815 -0.027445577085018158 -0.03965052217245102
v -0.028190137818455696 -0.020296789705753326 -0.0408913753926754
v -0.027269242331385612 -0.027020137757062912 -0.03972430154681206
v -0.026777110993862152 -0.026691243052482605 -0.03978131338953972
v -0.007792630232870579 -0.006420110817998648 -0.04329677298665047
v -0.018929576501250267 -0.018886562436819077 -0.04113473370671272
v -0.019311711192131042 -0.0186870489269495 -0.0411694198846817
v -0.02798459492623806 -0.027947667986154556 -0.03956342488527298
v -0.028174370527267456 -0.02850293181836605 -0.03946708142757416
v -0.02818865142762661 -0.02857106737792492 -0.03945525735616684
v 0.027055107057094574 -0.03131696209311485 -0.03897027298808098
v 0.027508262544870377 -0.030937569215893745 -0.03903605416417122
v 0.02786804921925068 -0.030471069738268852 -0.03911696746945381
v -0.021346161141991615 -0.02201990969479084 -0.04059126228094101
v -0.020988162606954575 -0.02225896157324314 -0.04054971784353256
v -0.025637926533818245 -0.026379365473985672 -0.03983527049422264
v -0.020586375147104263 -0.022416600957512856 -0.040522295981645584
v -0.020159583538770676 -0.02248545177280903 -0.040510281920433044
v -0.019728442654013634 -0.018573135137557983 -0.04118925333023071
v -0.020160291343927383 -0.018550153821706772 -0.04119331017136574
v -0.02819197252392769 -0.010089394636452198 -0.04266301542520523
v -0.020587056875228882 -0.018619174137711525 -0.04118139296770096
v -0.020988788455724716 -0.018776973709464073 -0.04115406796336174
v -0.021346701309084892 -0.019016169011592865 -0.04111260548233986
v -0.02164405956864357 -0.019325580447912216 -0.041058946400880814
v -0.02186695858836174 -0.019690735265612602 -0.040995605289936066
v -0.022004976868629456 -0.02009456418454647 -0.040925532579422
v -0.022051658481359482 -0.02051818184554577 -0.04085201770067215
v -0.02200482413172722 -0.020941779017448425 -0.04077848792076111
v -0.021866660565137863 -0.021345552057027817 -0.04070838540792465
v -0.021643631160259247 -0.02171061933040619 -0.04064498841762543
v -0.026224730536341667 -0.026474270969629288 -0.039818886667490005
v -0.026776252314448357 -0.03147897869348526 -0.03895033150911331
v -0.026223793625831604 -0.03169573098421097 -0.03891262784600258
v -0.025636954233050346 -0.03179040178656578 -0.0388961061835289
v 0.027500512078404427 0.012199850752949715 -0.04652316868305206
v 0.02704722061753273 0.012579060159623623 -0.04658905416727066
v 0.027587084099650383 0.016113294288516045 -0.04720238968729973
v 0.02652178704738617 0.012853392399847507 -0.04663674905896187
v 0.025764310732483864 0.02163720689713955 -0.04816142097115517
v 0.024223746731877327 -0.03146877884864807 -0.03894435241818428
v 0.02477620728313923 -0.03168553113937378 -0.03890664875507355
v 0.025363044813275337 -0.03178020194172859 -0.03889012709259987
v -0.026231812313199043 0.012936517596244812 -0.0466591902077198
v -0.026784192770719528 0.012719543650746346 -0.046621616929769516
v -0.027580440044403076 0.016102259978652 -0.04720885679125786
v -0.02727632224559784 0.012390649877488613 -0.04656460881233215
v -0.027685189619660378 0.011965210549533367 -0.046490829437971115
v -0.027991676703095436 0.011463121511042118 -0.046403732150793076
v -0.028181450441479683 0.010907855816185474 -0.046307384967803955
v -0.02819039300084114 0.010866238735616207 -0.04630016162991524
v 0.02819891832768917 0.0108775170519948 -0.046293552964925766
v 0.02811025083065033 0.011201798915863037 -0.04634984955191612
v 0.02786046639084816 0.011733492836356163 -0.046442173421382904
v -0.004685058258473873 -0.01658865436911583 -0.04153140261769295
v -0.0062258136458694935 -0.017760107293725014 -0.041328314691782
v -0.01892898976802826 -0.022148549556732178 -0.04056856781244278
v -0.019311053678393364 -0.02234821766614914 -0.040533971041440964
v -0.023132452741265297 -0.027687493711709976 -0.03960784524679184
v -0.02349240519106388 -0.027221139520406723 -0.039688840508461
v -0.008972487412393093 -0.02469770610332489 -0.04012461379170418
v -0.023945696651935577 -0.02684192918241024 -0.039754725992679596
v -0.007474963553249836 -0.019230501726269722 -0.04107329621911049
v -0.008374098688364029 -0.02093108557164669 -0.0407782718539238
v -0.019727744162082672 -0.02246229723095894 -0.04051423445343971
v -0.008881177753210068 -0.0227823406457901 -0.04045704007148743
v 0.02373075671494007 -0.027009937912225723 -0.039718322455883026
v 0.023321889340877533 -0.02743537724018097 -0.039644546806812286
v 0.007992432452738285 -0.028250033035874367 -0.039505477994680405
v -0.024471130222082138 -0.026567595079541206 -0.039802420884370804
v -0.025044137611985207 -0.026410967111587524 -0.039829693734645844
v 0.02594877779483795 0.013010023161768913 -0.04666402190923691
v 0.025354990735650063 0.013041623868048191 -0.046669598668813705
v 0.022815704345703125 0.026666980236768723 -0.049034856259822845
v 0.02476818859577179 0.012946717441082 -0.04665321484208107
v 0.01887013390660286 0.030982790514826775 -0.049784526228904724
v -0.026783332228660583 0.007931806147098541 -0.04579063504934311
v -0.028193805366754532 0.00011799813364632428 -0.04443465173244476
v -0.027275580912828445 0.008260507136583328 -0.04584776237607002
v -0.02768460102379322 0.008685782551765442 -0.04592163860797882
v 0.024222886189818382 -0.026681043207645416 -0.03977533429861069
v 0.02535596303641796 0.007630587089806795 -0.045730434358119965
v 0.024775268509984016 -0.02646406926214695 -0.039812907576560974
v 0.02536207251250744 -0.026369165629148483 -0.03982929140329361
v 0.02421666495501995 0.007942006923258305 -0.045784659683704376
v 0.024769125506281853 0.007725257892161608 -0.04574695602059364
v -0.028195546939969063 0.009811067022383213 -0.04611702263355255
v -0.02818124182522297 0.009742935188114643 -0.046105194836854935
v -0.027991266921162605 0.009187749586999416 -0.04600880667567253
v -0.006806602235883474 -0.029942939057946205 -0.03921389952301979
v -0.005384073592722416 -0.0312514528632164 -0.03898657113313675
v -0.023131951689720154 -0.03048127144575119 -0.039122942835092545
v -0.0037092971615493298 -0.03222806751728058 -0.03881681337952614
v -0.023491736501455307 -0.030947770923376083 -0.03904203325510025
v 0.028209861367940903 -0.020285509526729584 -0.04088476300239563
v 0.02821134775876999 -0.028559787198901176 -0.03944864496588707
v 0.028117330744862556 -0.028208987787365913 -0.039509546011686325
v 0.027867546305060387 -0.027677293866872787 -0.03960186615586281
v 0.027507591992616653 -0.027210937812924385 -0.039682865142822266
v 0.027054300531744957 -0.026831727474927902 -0.03974875062704086
v 0.028206193819642067 0.00012927872012369335 -0.04442804306745529
v 0.027048027142882347 0.008093827404081821 -0.045810580253601074
v 0.027501180768013 0.00847321841865778 -0.045876357704401016
v 0.0005482990527525544 0.038110487163066864 -0.0510244257748127
v 0.0029470978770405054 0.03796401619911194 -0.050998639315366745
v 0.0010172735201194882 0.037972670048475266 -0.051000434905290604
v 0.0015427074395120144 0.03769833594560623 -0.050952740013599396
v -0.025043178349733353 -0.03175856173038483 -0.038901541382074356
v -0.02447022683918476 -0.03160170465707779 -0.03892868012189865
v -0.02394489012658596 -0.03132716193795204 -0.03897625207901001
v -0.0018605851801112294 -0.032827120274305344 -0.03871255740523338
v 7.56193112465553e-05 -0.03302060067653656 -0.03867868334054947
v 0.002008781535550952 -0.032799459993839264 -0.038716770708560944
v 0.027860967442393303 0.008939716033637524 -0.04595727100968361
v 0.02811056189239025 0.009471509605646133 -0.046049535274505615
v 0.028204452246427536 0.009822347201406956 -0.04611041396856308
v -0.022882357239723206 -0.029949476942420006 -0.03921520709991455
v -0.008643761277198792 -0.026587622240185738 -0.03979654237627983
v -0.007910368964076042 -0.02836371399462223 -0.039488162845373154
v -0.02623087354004383 0.007715057581663132 -0.045752931386232376
v -0.025644036009907722 0.007620386313647032 -0.045736413449048996
v -0.02505025826394558 0.007652224972844124 -0.04574184864759445
v -0.024477306753396988 0.007809081114828587 -0.04576898738741875
v -0.023951971903443336 0.008083626627922058 -0.04581655561923981
v -0.007754270453006029 -0.006035671103745699 -0.04336348921060562
v -0.023498816415667534 0.008463017642498016 -0.04588233679533005
v -0.007640525233000517 -0.005665986333042383 -0.043427638709545135
v -0.006183158606290817 -0.00448711309581995 -0.04363202676177025
v -0.006558324676007032 -0.004599323030561209 -0.043612606823444366
v -0.02313903160393238 0.00892951525747776 -0.04596325010061264
v -0.0012887073680758476 0.03784902021288872 -0.05097932368516922
v -0.0029483074322342873 0.037962839007377625 -0.05099932849407196
v -0.000736326037440449 0.03806599602103233 -0.05101689696311951
v -0.000549561285879463 0.038110267370939255 -0.051024552434682846
v -0.001780837308615446 0.03752012550830841 -0.05092231184244156
v -0.0021897046826779842 0.037094686180353165 -0.05084853246808052
v -0.008714666590094566 0.036754023283720016 -0.05079039931297302
v 0.026528866961598396 -0.026557395234704018 -0.03979644551873207
v 0.025955859571695328 -0.026400767266750336 -0.03982371464371681
v 0.02820802666246891 -0.010078114457428455 -0.04265640303492546
v -0.022754626348614693 -0.029377255588769913 -0.03931450471282005
v -0.0227547325193882 -0.028791358694434166 -0.03941619396209717
v -0.022882668301463127 -0.028219187632203102 -0.039515525102615356
v -0.005792984738945961 -0.0044491710141301155 -0.043638553470373154
v -0.023952776566147804 0.012568860314786434 -0.04659503325819969
v -0.024478211998939514 0.012843191623687744 -0.0466427281498909
v -0.014099963009357452 0.03439038619399071 -0.050380975008010864
v 0.014100036583840847 0.03439602628350258 -0.05037766695022583
v 0.024215804412961006 0.012729744426906109 -0.046615637838840485
v 0.008713890798389912 0.03675751015543938 -0.05078835412859917
v 0.023723674938082695 0.012400850653648376 -0.04655862972140312
v 0.001995998667553067 0.0373191274702549 -0.0508868545293808
v 0.0004452267603483051 0.0327816978096962 -0.05009955167770386
v 0.0010181780671700835 0.03293856233358383 -0.05012669041752815
v 0.023008322343230247 0.011473321355879307 -0.046397753059864044
v 0.0015435132663697004 0.03321310505270958 -0.05017426237463951
v 0.023314807564020157 0.01197541132569313 -0.046484850347042084
v -0.0001485499960836023 0.032749857753515244 -0.0500941164791584
v 0.022818548604846 0.010918056592345238 -0.046301405876874924
v 0.022754358127713203 0.010335585102438927 -0.04620032012462616
v 0.008699685335159302 -0.026463640853762627 -0.039815425872802734
v 0.009000643156468868 -0.024569224566221237 -0.040144182741642
v -0.018337761983275414 -0.021533356979489326 -0.04067525267601013
v -0.01815623976290226 -0.02114659734070301 -0.04074235260486603
v -0.0029247410129755735 -0.01577092334628105 -0.04167306423187256
v -0.018063344061374664 -0.020730435848236084 -0.04081457108259201
v -0.018063420429825783 -0.020304331555962563 -0.040888529270887375
v 0.023731498047709465 -0.031140081584453583 -0.039001479744911194
v 0.02332247793674469 -0.03071480616927147 -0.039075352251529694
v 0.023015812039375305 -0.03021283820271492 -0.0391625240445137
v 0.003848508931696415 -0.032174039632081985 -0.03882504254579544
v 0.005508778151124716 -0.03117358312010765 -0.03899843245744705
v -0.02276170812547207 0.010033534839749336 -0.04615481197834015
v 0.006572409067302942 -0.004596696700900793 -0.0436110682785511
v -0.02288943901658058 0.009461309760808945 -0.04605551064014435
v 0.006197202485054731 -0.0044846367090940475 -0.04363057389855385
v 0.005807015113532543 -0.004446851089596748 -0.043637193739414215
v -0.02564500831067562 0.013031423091888428 -0.04667557403445244
v -0.025759652256965637 0.021626900881528854 -0.04816745966672897
v -0.025051219388842583 0.01299982238560915 -0.04667000100016594
v -0.022812852635979652 0.02665785327553749 -0.04904020577669144
v -0.018868833780288696 0.03097524307668209 -0.0497889518737793
v 0.004594668745994568 -0.01652231626212597 -0.041541509330272675
v 0.0061983573250472546 -0.010911691002547741 -0.042515069246292114
v 0.00657352339476347 -0.010799480602145195 -0.0425344854593277
v -0.01859942451119423 -0.021872628480196 -0.04061640799045563
v 0.005808183457702398 -0.010949631221592426 -0.04250854253768921
v 0.0028225365094840527 -0.015729837119579315 -0.041679322719573975
v 0.0009189189877361059 -0.015331235714256763 -0.04174879565834999
v 0.025949738919734955 0.0076624252833426 -0.04573586955666542
v 0.026522690430283546 0.00781928189098835 -0.045763008296489716
v 0.023015402257442474 -0.02793746627867222 -0.03955744579434395
v 0.022825630381703377 -0.028492730110883713 -0.039461102336645126
v 0.006911956239491701 -0.029844870790839195 -0.03922883793711662
v 0.02276143990457058 -0.029075203463435173 -0.03936001658439636
v 0.02282583899796009 -0.029657650738954544 -0.039258912205696106
v 0.007768870797008276 -0.006032566539943218 -0.04336167126893997
v 0.007654992863535881 -0.005662926938384771 -0.04342584311962128
v 0.007470111362636089 -0.005322286859154701 -0.043484997004270554
v 0.007221332285553217 -0.005023726262152195 -0.04353685304522514
v 0.0069182151928544044 -0.004778724163770676 -0.04357942193746567
v -0.002496190834790468 0.036592595279216766 -0.05076143518090248
v -0.002685965271666646 0.03603733330965042 -0.05066509172320366
v -0.0027501541189849377 0.03545486181974411 -0.050564005970954895
v -0.002685755956918001 0.03487241640686989 -0.05046290159225464
v 0.0019966682884842157 0.03359249606728554 -0.05024004355072975
v 0.0023564540315419436 0.03405899554491043 -0.050320956856012344
v 0.02300873026251793 0.00919795036315918 -0.0460028275847435
v 0.007769469171762466 -0.009363134391605854 -0.04278360307216644
v 0.007807828951627016 -0.008978690952062607 -0.042850323021411896
v 0.0090105552226305 -0.024151604622602463 -0.04021666571497917
v 0.008881235495209694 -0.022655364125967026 -0.04047637805342674
v 0.008347044698894024 -0.020811552181839943 -0.04079648107290268
v 0.007423049304634333 -0.019124001264572144 -0.04108951985836029
v 0.006152452901005745 -0.0176716186106205 -0.04134179279208183
v 0.023724418133497238 0.008270707912743092 -0.04584178328514099
v 0.023315398022532463 0.008695983327925205 -0.04591565951704979
v -0.006904065143316984 -0.004781488794833422 -0.0435810424387455
v -0.007207094691693783 -0.005026611965149641 -0.043538544327020645
v -0.007455766666680574 -0.005325272213667631 -0.04348674416542053
v -0.022761812433600426 0.010619428008794785 -0.046256501227617264
v -0.022889748215675354 0.011191598139703274 -0.046355828642845154
v -0.023139534518122673 0.011723292991518974 -0.04644814878702164
v -0.0007353879627771676 0.03284453600645065 -0.05011063814163208
v 0.0026060473173856735 0.034590788185596466 -0.05041321739554405
v 0.0027337779756635427 0.03516300767660141 -0.050512515008449554
v 0.002733672736212611 0.035748910158872604 -0.05061420798301697
v 0.0026057364884763956 0.03632107749581337 -0.05071353539824486
v 0.002355952048674226 0.036852769553661346 -0.05080585554242134
v 0.022818759083747864 0.009753135964274406 -0.0460992194712162
v 0.007807368878275156 -0.0064169904217123985 -0.04329494386911392
v 0.0069192638620734215 -0.010617312975227833 -0.042566053569316864
v 0.00722229341045022 -0.010372191667556763 -0.04260855168104172
v 0.007470965385437012 -0.010073533281683922 -0.04266034811735153
v 0.007655723951756954 -0.009732815437018871 -0.04271945729851723
v -0.018156467005610466 -0.01988820545375347 -0.04096076637506485
v -0.005791816394776106 -0.010951951146125793 -0.04250990226864815
v -0.018338127061724663 -0.019501518458127975 -0.04102790728211403
v -0.0024957822170108557 0.034317221492528915 -0.050366513431072235
v -0.0021891153883188963 0.03381526097655296 -0.050279341638088226
v -0.023499486967921257 0.012189649976789951 -0.046529147773981094
v -0.0017800952773541212 0.03338998556137085 -0.05020546913146973
v -0.0012878471752628684 0.03306128829717636 -0.05014834180474281
v -0.0010271724313497543 -0.01534514594823122 -0.041746675968170166
v -0.006903016474097967 -0.010620078071951866 -0.042567670345306396
v -0.006557210348546505 -0.01080210693180561 -0.04253602400422096
v -0.006182003766298294 -0.010914166457951069 -0.042516518384218216
v -0.018599912524223328 -0.01916235126554966 -0.04108681529760361
v -0.007792170159518719 -0.008981810882687569 -0.04285215213894844
v -0.007753672078251839 -0.009366239421069622 -0.04278542473912239
v -0.007639794144779444 -0.009735874831676483 -0.04272124916315079
v -0.007454912643879652 -0.010076519101858139 -0.04266209900379181
v -0.00720613356679678 -0.010375077836215496 -0.04261024296283722
v 0.01706708036363125 0.010262751020491123 -0.04212874174118042
v 0.01720460318028927 0.010197444818913937 -0.04211738333106041
v 0.01746871881186962 0.010276120156049728 -0.041116051375865936
v 0.01706693135201931 0.010433757677674294 -0.041143473237752914
v 0.01670893095433712 0.010672814212739468 -0.04118501767516136
v 0.016709081828594208 0.010501806624233723 -0.04217028617858887
v 0.016411462798714638 0.010982104577124119 -0.04123874381184578
v 0.016411611810326576 0.010811096988618374 -0.042224012315273285
v 0.016188431531190872 0.011347170919179916 -0.041302140802145004
v 0.01618858240544796 0.011176163330674171 -0.04228740930557251
v 0.016050267964601517 0.011750943958759308 -0.04137224331498146
v 0.016050418838858604 0.011579936370253563 -0.042357511818408966
v 0.016003435477614403 0.012174541130661964 -0.0414457730948925
v 0.01600358448922634 0.01200353354215622 -0.04243103787302971
v 0.01605011709034443 0.012598160654306412 -0.04151928797364235
v 0.016050266101956367 0.012427153065800667 -0.042504556477069855
v 0.016188135370612144 0.013001984916627407 -0.04158935695886612
v 0.016188284382224083 0.012830977328121662 -0.042574625462293625
v 0.016411034390330315 0.013367144390940666 -0.041652701795101166
v 0.016411183401942253 0.013196136802434921 -0.04263797029852867
v 0.016708392649888992 0.013676553964614868 -0.04170636087656021
v 0.01670854166150093 0.013505546376109123 -0.04269162937998772
v 0.01706630550324917 0.01391574926674366 -0.04174782335758209
v 0.017066454514861107 0.013744741678237915 -0.0427330881357193
v 0.017468035221099854 0.014073546975851059 -0.04177514836192131
v 0.01746818609535694 0.013902540318667889 -0.042760416865348816
v 0.0178948026150465 0.014142570085823536 -0.04178706556558609
v 0.01789495162665844 0.013971563428640366 -0.0427723303437233
v 0.0183266494423151 0.01411958783864975 -0.041783008724451065
v 0.01832679845392704 0.01394858118146658 -0.04276827722787857
v 0.018743380904197693 0.014005675911903381 -0.041763175278902054
v 0.01874352991580963 0.013834668323397636 -0.04274844378232956
v 0.01912551373243332 0.013806158676743507 -0.041728489100933075
v 0.019125664606690407 0.013635151088237762 -0.04271375760436058
v 0.019455181434750557 0.013530370779335499 -0.04168057069182396
v 0.019455330446362495 0.013359363190829754 -0.042665839195251465
v 0.01950334943830967 0.013307623565196991 -0.042656850069761276
v 0.019716966897249222 0.013191203586757183 -0.04162166267633438
v 0.019898852333426476 0.011546122841536999 -0.04133610799908638
v 0.01971733197569847 0.011159364134073257 -0.041269008070230484
v 0.019455667585134506 0.01082009170204401 -0.04121016338467598
v 0.019126100465655327 0.01054417248815298 -0.04116232320666313
v 0.01874403841793537 0.010344506241381168 -0.041127726435661316
v 0.018327347934246063 0.01023042667657137 -0.041107989847660065
v 0.01789550855755806 0.01020727213472128 -0.0411040373146534
v 0.01989862695336342 0.012804517522454262 -0.0415545217692852
v 0.019991671666502953 0.01238839142024517 -0.04148228093981743
v 0.020003434270620346 0.012175341136753559 -0.041445303708314896
v 0.01999174803495407 0.0119622852653265 -0.04140832647681236
v -0.017196785658597946 0.010190564207732677 -0.042121417820453644
v -0.019291456788778305 0.013498346321284771 -0.042695846408605576
v -0.019496649503707886 0.013299823738634586 -0.04266142100095749
v -0.01958896592259407 0.01335994340479374 -0.04165692254900932
v -0.019291607663035393 0.013669352978467941 -0.04171058163046837
v -0.018933694809675217 0.013908549211919308 -0.04175204038619995
v -0.01893354393541813 0.013737541623413563 -0.04273730888962746
v -0.018531963229179382 0.014066346921026707 -0.04177936911582947
v -0.018531814217567444 0.013895339332520962 -0.04276463761925697
v -0.018105197697877884 0.014135370030999184 -0.04179128259420395
v -0.018105046823620796 0.013964362442493439 -0.042776551097631454
v -0.017673349007964134 0.014112387783825397 -0.04178722947835922
v -0.017673199996352196 0.013941380195319653 -0.04277249798178673
v -0.017256617546081543 0.013998474925756454 -0.04176739603281021
v -0.017256468534469604 0.013827468268573284 -0.04275266453623772
v -0.016874482855200768 0.013798958621919155 -0.041732706129550934
v -0.01687433384358883 0.01362795103341341 -0.04271797463297844
v -0.016544818878173828 0.013523170724511147 -0.04168479144573212
v -0.01654466800391674 0.013352163136005402 -0.04267005994915962
v -0.016283033415675163 0.013184002600610256 -0.04162588343024254
v -0.016282884404063225 0.013012995943427086 -0.042611151933670044
v -0.016101373359560966 0.012797316536307335 -0.04155874252319336
v -0.01610122248530388 0.012626309879124165 -0.042544007301330566
v -0.016008326783776283 0.012381191365420818 -0.041486501693725586
v -0.016008177772164345 0.012210183776915073 -0.04247177019715309
v -0.01599656604230404 0.012168140150606632 -0.041449520736932755
v -0.016008101403713226 0.011784077621996403 -0.04239781200885773
v -0.016008250415325165 0.011955085210502148 -0.04141254723072052
v -0.01610114611685276 0.011538922786712646 -0.04134032875299454
v -0.016100997105240822 0.011367915198206902 -0.04232559725642204
v -0.016282668337225914 0.011152164079248905 -0.04127322882413864
v -0.016282519325613976 0.01098115649074316 -0.04225849732756615
v -0.01654433086514473 0.010812891647219658 -0.04121438413858414
v -0.01654418185353279 0.010641884058713913 -0.04219965264201164
v -0.01687389798462391 0.010536971502006054 -0.04116654396057129
v -0.01687374711036682 0.010365964844822884 -0.042151812463998795
v -0.017255960032343864 0.010337305255234241 -0.04113194718956947
v -0.017672650516033173 0.010223226621747017 -0.04111221060156822
v -0.018104489892721176 0.010200071148574352 -0.041108258068561554
v -0.018531281501054764 0.010268920101225376 -0.041120272129774094
v -0.018933068960905075 0.010426557622849941 -0.04114769026637077
v -0.019291067495942116 0.01066561322659254 -0.04118923842906952
v -0.019588537514209747 0.010974904522299767 -0.04124296456575394
v -0.019811566919088364 0.011339970864355564 -0.04130636155605316
v -0.01994973048567772 0.011743743903934956 -0.04137646406888962
v -0.019996564835309982 0.012167340144515038 -0.04144999012351036
v -0.019949883222579956 0.012590959668159485 -0.04152350872755051
v -0.01981186494231224 0.012994784861803055 -0.04159357771277428
v -0.0013165456475690007 0.03639703243970871 -0.04869741201400757
v -0.001450453419238329 0.03579713776707649 -0.04859331250190735
v -0.0014165036845952272 0.03598455712199211 -0.049336303025484085
v -0.0013164408737793565 0.03627732768654823 -0.04938710108399391
v -0.001154838944785297 0.03654206544160843 -0.04943302646279335
v -0.0009393591899424791 0.03688609600067139 -0.048782240599393845
v -0.0009392544161528349 0.03676639124751091 -0.04947192966938019
v -0.0006797676905989647 0.03693980351090431 -0.04950198903679848
v -0.0003886168706230819 0.03717391565442085 -0.048832111060619354
v -0.0003885120968334377 0.037054210901260376 -0.0495218001306057
v -7.91064157965593e-05 0.037104249000549316 -0.04953043907880783
v 0.00023387711553368717 0.03720729425549507 -0.048837810754776
v 0.00023398190387524664 0.037087589502334595 -0.049527499824762344
v 0.0005361131625249982 0.037004999816417694 -0.04951311647891998
v 0.0008130553178489208 0.03698005899786949 -0.04879828169941902
v 0.0008131600916385651 0.036860354244709015 -0.049487970769405365
v 0.001052063424140215 0.036780111491680145 -0.048763539642095566
v 0.0010521681979298592 0.03666040673851967 -0.04945323243737221
v 0.0012419618433341384 0.03641451150178909 -0.04941052198410034
v 0.0013735615648329258 0.03625386953353882 -0.048672154545784
v 0.00137366633862257 0.03613416105508804 -0.04936184361577034
v 0.001441123546101153 0.0358324758708477 -0.04930947348475456
v 0.00144107430242002 0.03564324975013733 -0.04856616258621216
v 0.0014411790762096643 0.03552354499697685 -0.0492558516561985
v 0.0013738302513957024 0.035221830010414124 -0.04920349642634392
v 0.0012421216815710068 0.03506113216280937 -0.04846515879034996
v 0.001242226455360651 0.034941427409648895 -0.049154847860336304
v 0.0010525212856009603 0.03469545766711235 -0.04911218583583832
v 0.0008134802337735891 0.03461512178182602 -0.048387810587882996
v 0.0008135850075632334 0.03449541702866554 -0.04907750338315964
v 0.0005365900578908622 0.034350648522377014 -0.049052417278289795
v 0.00023448849970009178 0.03426794707775116 -0.0490381084382534
v -7.859381003072485e-05 0.03425116091966629 -0.049035243690013885
v -0.00038801744813099504 0.03430107608437538 -0.04904395341873169
v -0.000679314136505127 0.03441536799073219 -0.04906383529305458
v -0.0006794189102947712 0.03453507274389267 -0.04837414622306824
v -0.0009388631442561746 0.03458867594599724 -0.049093954265117645
v -0.001154633122496307 0.03493262082338333 -0.04844321683049202
v -0.0011545283487066627 0.034812916070222855 -0.04913290590047836
v -0.001316225272603333 0.03507758677005768 -0.049178868532180786
v -0.0014164980966597795 0.03549002483487129 -0.04854000359773636
v -0.0014163933228701353 0.035370320081710815 -0.0492296926677227
v -0.0014503486454486847 0.035677433013916016 -0.04928300157189369
v -0.00014826588449068367 0.03814204782247543 -0.051006466150283813
v -0.026804950088262558 -0.028143230825662613 -0.03749940171837807
v -0.02693885751068592 -0.02874312922358513 -0.03739530220627785
v -0.026904908940196037 -0.02855571173131466 -0.038138289004564285
v -0.0268048457801342 -0.02826293744146824 -0.03818909078836441
v -0.026643242686986923 -0.027998197823762894 -0.03823501616716385
v -0.02642776258289814 -0.027654169127345085 -0.037584226578474045
v -0.026427658274769783 -0.02777387574315071 -0.03827391564846039
v -0.02616817317903042 -0.02760045789182186 -0.03830397501587868
v -0.02587702125310898 -0.02736634947359562 -0.03763410076498985
v -0.02587691694498062 -0.027486054226756096 -0.038323789834976196
v -0.025567511096596718 -0.027436014264822006 -0.03833242505788803
v -0.02525452710688114 -0.0273329708725214 -0.0376397967338562
v -0.025254422798752785 -0.027452677488327026 -0.038329485803842545
v -0.024952290579676628 -0.02753526158630848 -0.03831510618329048
v -0.02467534877359867 -0.02756020613014698 -0.03760027140378952
v -0.024675244465470314 -0.027679910883307457 -0.038289960473775864
v -0.02443634159862995 -0.027760151773691177 -0.037565529346466064
v -0.024436237290501595 -0.027879858389496803 -0.03825521841645241
v -0.024246443063020706 -0.02812575362622738 -0.03821251168847084
v -0.024114737287163734 -0.02840610221028328 -0.03816383332014084
v -0.024047281593084335 -0.02870779298245907 -0.03811145946383476
v -0.02404722571372986 -0.02901671826839447 -0.038057841360569
v -0.024114573374390602 -0.029318436980247498 -0.038005486130714417
v -0.024246178567409515 -0.029598837718367577 -0.0379568375647068
v -0.024246282875537872 -0.02947913110256195 -0.03726714849472046
v -0.02443588338792324 -0.02984480932354927 -0.037914175540208817
v -0.024674924090504646 -0.029925145208835602 -0.037189800292253494
v -0.02467481978237629 -0.030044851824641228 -0.03787948936223984
v -0.024951918050646782 -0.030069906264543533 -0.03716471791267395
v -0.024951813742518425 -0.03018961101770401 -0.037854406982660294
v -0.025253916159272194 -0.030272318050265312 -0.0378400981426239
v -0.025567103177309036 -0.030169399455189705 -0.03714754432439804
v -0.02556699700653553 -0.03028910607099533 -0.037837233394384384
v -0.025876421481370926 -0.03023918904364109 -0.03784594312310219
v -0.026167823001742363 -0.0300051961094141 -0.03717613220214844
v -0.026167718693614006 -0.030124902725219727 -0.03786582499742508
v -0.026427267119288445 -0.029951587319374084 -0.037895943969488144
v -0.026643037796020508 -0.02960764616727829 -0.03724520653486252
v -0.02664293348789215 -0.029727350920438766 -0.03793489560484886
v -0.02680462971329689 -0.029462678357958794 -0.037980858236551285
v -0.02690490335226059 -0.02905023656785488 -0.03734199330210686
v -0.026904797181487083 -0.029169943183660507 -0.0380316823720932
v -0.026938753202557564 -0.028862833976745605 -0.03808499127626419
v -0.028213560581207275 -0.02908112294971943 -0.03934135660529137
v -0.026812031865119934 0.011267557740211487 -0.044339705258607864
v -0.026945939287543297 0.010667660273611546 -0.044235605746507645
v -0.026911988854408264 0.010855075903236866 -0.04497859627008438
v -0.026811925694346428 0.011147852055728436 -0.045029398053884506
v -0.0266503244638443 0.011412590742111206 -0.045075319707393646
v -0.026434844359755516 0.01175661664456129 -0.04442453384399414
v -0.02643473818898201 0.01163691096007824 -0.045114222913980484
v -0.026175253093242645 0.011810327880084515 -0.04514428228139877
v -0.025884101167321205 0.012044440023601055 -0.04447440430521965
v -0.025883996859192848 0.011924734339118004 -0.045164093375205994
v -0.025574591010808945 0.011974772438406944 -0.04517273232340813
v -0.025261608883738518 0.0120778176933527 -0.0444801039993763
v -0.02526150271296501 0.011958112940192223 -0.04516979306936264
v -0.024959370493888855 0.011875526048243046 -0.04515541344881058
v -0.024682430550456047 0.011850581504404545 -0.04444057494401932
v -0.02468232437968254 0.011730875819921494 -0.04513026401400566
v -0.02444342151284218 0.011650634929537773 -0.04440583661198616
v -0.02444331720471382 0.011530930176377296 -0.045095525681972504
v -0.024253522977232933 0.011285031214356422 -0.04505281522870064
v -0.02412181720137596 0.011004685424268246 -0.045004140585660934
v -0.024054361507296562 0.010702994652092457 -0.04495176672935486
v -0.024054307490587234 0.010394066572189331 -0.044898148626089096
v -0.02412165328860283 0.010092352516949177 -0.044845789670944214
v -0.024253258481621742 0.009811950847506523 -0.0447971411049366
v -0.02425336465239525 0.009931656531989574 -0.044107452034950256
v -0.024442965164780617 0.009565976448357105 -0.044754479080438614
v -0.024682005867362022 0.009485640563070774 -0.04403010755777359
v -0.024681899696588516 0.009365934878587723 -0.044719796627759933
v -0.024958999827504158 0.009340882301330566 -0.044005025178194046
v -0.024958893656730652 0.00922117754817009 -0.04469471424818039
v -0.02526099607348442 0.009138469584286213 -0.044680405408144
v -0.025574183091521263 0.009241386316716671 -0.04398784786462784
v -0.025574078783392906 0.009121681563556194 -0.04467753693461418
v -0.025883503258228302 0.00917159952223301 -0.044686246663331985
v -0.02617490477859974 0.009405591525137424 -0.04401643946766853
v -0.026174800470471382 0.009285885840654373 -0.04470612853765488
v -0.02643434703350067 0.009459198452532291 -0.04473624750971794
v -0.026650117710232735 0.009803141467273235 -0.044085513800382614
v -0.026650013402104378 0.009683435782790184 -0.04477520287036896
v -0.026811711490154266 0.009948110207915306 -0.04482116550207138
v -0.026911983266472816 0.01036054827272892 -0.044182296842336655
v -0.02691187895834446 0.010240842588245869 -0.044871985912323
v -0.02694583311676979 0.010547954589128494 -0.04492529481649399
v -0.028213070705533028 0.010599704459309578 -0.04623490199446678
v -0.02822064235806465 0.010329664684832096 -0.04618166387081146
v -0.028214318677783012 0.010070840828120708 -0.04614311456680298
v 0.024095090106129646 -0.02854551188647747 -0.03813231363892555
v 0.024195153266191483 -0.0282527357339859 -0.03818311169743538
v 0.02435675449669361 -0.027987997978925705 -0.03822903707623482
v 0.024572234600782394 -0.027643969282507896 -0.03757825121283531
v 0.02457233890891075 -0.027763674035668373 -0.038267940282821655
v 0.024831827729940414 -0.027590258046984673 -0.038297999650239944
v 0.025122975930571556 -0.02735614776611328 -0.03762812167406082
v 0.025123082101345062 -0.027475854381918907 -0.038317810744047165
v 0.025432487949728966 -0.027425814419984818 -0.0383264496922493
v 0.025745471939444542 -0.02732277102768421 -0.03763382136821747
v 0.0257455762475729 -0.02744247578084469 -0.03832351043820381
v 0.026047706604003906 -0.02752506174147129 -0.03830913081765175
v 0.026324650272727013 -0.027550004422664642 -0.03759429231286049
v 0.02632475458085537 -0.027669711038470268 -0.03828398138284683
v 0.026563657447695732 -0.02774995192885399 -0.03755955398082733
v 0.02656376361846924 -0.027869656682014465 -0.038249243050813675
v 0.026753555983304977 -0.02811555378139019 -0.03820653259754181
v 0.026885155588388443 -0.028276195749640465 -0.037468165159225464
v 0.0268852598965168 -0.02839590050280094 -0.03815785422921181
v 0.02695271745324135 -0.02869759127497673 -0.03810548409819603
v 0.026952669024467468 -0.028886813670396805 -0.037362173199653625
v 0.026952773332595825 -0.02900651842355728 -0.03805186226963997
v 0.026885423809289932 -0.02930823527276516 -0.037999507039785385
v 0.02675371617078781 -0.029468931257724762 -0.03726116940379143
v 0.026753820478916168 -0.02958863601088524 -0.03795085847377777
v 0.026564115658402443 -0.029834609478712082 -0.037908196449279785
v 0.026325074955821037 -0.029914945363998413 -0.03718382120132446
v 0.026325179263949394 -0.03003465011715889 -0.037873513996601105
v 0.026048079133033752 -0.030059704557061195 -0.03715873882174492
v 0.02604818344116211 -0.03017941117286682 -0.03784842789173126
v 0.02574608288705349 -0.030262118205428123 -0.03783411905169487
v 0.025432895869016647 -0.030159199610352516 -0.03714156523346901
v 0.025433000177145004 -0.030278904363512993 -0.03783125430345535
v 0.02512357570230961 -0.0302289891988039 -0.03783996403217316
v 0.02483217604458332 -0.029994996264576912 -0.037170156836509705
v 0.024832280352711678 -0.03011470101773739 -0.03785984590649605
v 0.02457273006439209 -0.029941387474536896 -0.03788996487855911
v 0.024356959387660027 -0.0295974463224411 -0.03723922744393349
v 0.024357065558433533 -0.029717151075601578 -0.03792891651391983
v 0.024195369333028793 -0.029452476650476456 -0.03797487914562225
v 0.02409520000219345 -0.02915974147617817 -0.03802570328116417
v 0.02406124398112297 -0.028852634131908417 -0.03807901218533516
v 0.02823643572628498 -0.02906983345746994 -0.0393347404897213
v 0.02408800832927227 0.01086527667939663 -0.04497261717915535
v 0.024188073351979256 0.011158052831888199 -0.045023418962955475
v 0.024349672719836235 0.01142279151827097 -0.04506934434175491
v 0.024565154686570168 0.011766817420721054 -0.04441855475306511
v 0.024565258994698524 0.011647111736238003 -0.04510824382305145
v 0.02482474595308304 0.011820528656244278 -0.04513830319046974
v 0.02511589601635933 0.012054639868438244 -0.04446842521429062
v 0.025116000324487686 0.011934935115277767 -0.04515811800956726
v 0.02542540617287159 0.011984973214566708 -0.045166753232479095
v 0.025738392025232315 0.012088018469512463 -0.044474124908447266
v 0.025738496333360672 0.011968312785029411 -0.04516381397843361
v 0.02604062668979168 0.01188572682440281 -0.045149434357881546
v 0.026317570358514786 0.011860781349241734 -0.044434595853090286
v 0.026317674666643143 0.011741076596081257 -0.04512428864836693
v 0.026556577533483505 0.011660835705697536 -0.04439985752105713
v 0.026556681841611862 0.011541130021214485 -0.04508954659104347
v 0.02674647606909275 0.011295231990516186 -0.045046839863061905
v 0.026878075674176216 0.01113459188491106 -0.04430847242474556
v 0.026878179982304573 0.011014886200428009 -0.0449981614947319
v 0.02694563753902912 0.01071319542825222 -0.04494578763842583
v 0.026945587247610092 0.010523973032832146 -0.04420248046517372
v 0.0269456934183836 0.010404267348349094 -0.044892169535160065
v 0.026878343895077705 0.01010255329310894 -0.04483981430530548
v 0.026746636256575584 0.009941856376826763 -0.04410147666931152
v 0.02674674056470394 0.009822151623666286 -0.04479116573929787
v 0.026557035744190216 0.009576177224516869 -0.04474849998950958
v 0.02631799504160881 0.009495841339230537 -0.04402412846684456
v 0.026318099349737167 0.009376135654747486 -0.0447138175368309
v 0.026040999218821526 0.00935108307749033 -0.043999046087265015
v 0.026041103526949883 0.009231377393007278 -0.04468873515725136
v 0.025739002972841263 0.009148670360445976 -0.044674426317214966
v 0.02542581409215927 0.009251587092876434 -0.04398186877369881
v 0.025425918400287628 0.009131881408393383 -0.04467155784368515
v 0.02511649578809738 0.009181800298392773 -0.04468027129769325
v 0.024825094267725945 0.009415791369974613 -0.0440104603767395
v 0.02482520043849945 0.009296086616814137 -0.044700149446725845
v 0.024565650150179863 0.009469399228692055 -0.04473027214407921
v 0.0243498794734478 0.009813342243432999 -0.04407953470945358
v 0.024349983781576157 0.009693636558949947 -0.044769223779439926
v 0.024188289418816566 0.00995831098407507 -0.04481518641114235
v 0.024088120087981224 0.010251043364405632 -0.044866010546684265
v 0.024054164066910744 0.010558155365288258 -0.044919319450855255
v 0.019449668005108833 0.04466715455055237 0.022957051172852516
v 0.019788257777690887 0.04480212554335594 0.02373434416949749
v 0.02140616625547409 0.044501107186079025 0.021998343989253044
v -0.018295016139745712 0.03975062817335129 -0.0053306943736970425
v -0.015782516449689865 0.03911757469177246 -0.008980668149888515
v -0.01946631260216236 0.039426326751708984 -0.0071979728527367115
v -0.0040604048408567905 0.037766359746456146 -0.01677791401743889
v -0.004454629495739937 0.03795439749956131 -0.01569410040974617
v -4.668931524065556e-06 0.03787253051996231 -0.016170404851436615
v 0.004051251336932182 0.03776798024773598 -0.01677696406841278
v -0.012532406486570835 0.03859182447195053 -0.012013175524771214
v -0.01946520246565342 0.038157619535923004 -0.014507696032524109
v -0.008785750716924667 0.03815975412726402 -0.014506444334983826
v -0.008785405196249485 0.03776541352272034 -0.01677846722304821
v -0.019541841000318527 0.04258022457361221 0.010973465628921986
v -0.020435577258467674 0.041980985552072525 0.0075218407437205315
v -0.021324483677744865 0.042101699858903885 0.00821826420724392
v -0.020677240565419197 0.04121660813689232 0.003118087537586689
v -0.021323269233107567 0.04071454703807831 0.00022609454754274338
v -0.019952423870563507 0.04046138375997543 -0.0012339228997007012
v -0.01714266650378704 0.04339548200368881 0.015668125823140144
v -0.01698068156838417 0.04409732669591904 0.019711682572960854
v -0.016711974516510963 0.04410237818956375 0.019740508869290352
v -0.014245395548641682 0.0439794585108757 0.01902974769473076
v -0.016224253922700882 0.04414106532931328 0.019962899386882782
v -0.015876393765211105 0.04421118274331093 0.02036651410162449
v -0.01068238727748394 0.04444340243935585 0.021699100732803345
v -0.015819719061255455 0.04439043998718262 0.02139926329255104
v -0.015946364030241966 0.044431254267692566 0.021634541451931
v -0.008791442029178143 0.0446615032851696 0.022953741252422333
v -0.01738017424941063 0.044513579457998276 0.022110341116786003
v -0.01947089470922947 0.04465936869382858 0.02295248955488205
v -0.016845908015966415 0.04452361911535263 0.02216765284538269
v -0.016336588189005852 0.0444943793118 0.021998640149831772
v -0.01818525791168213 0.04425365850329399 0.020613644272089005
v -0.017933452501893044 0.044172510504722595 0.020145846530795097
v -0.01750556193292141 0.04411698132753372 0.01982545107603073
v -0.017840631306171417 0.04446610435843468 0.021837295964360237
v -0.018015585839748383 0.04443084076046944 0.0216342993080616
v -0.018214434385299683 0.044345423579216 0.021142374724149704
v -0.019238732755184174 0.04271877557039261 0.011771421879529953
v -0.015732692554593086 0.044299762696027756 0.02087673917412758
v -0.008842107839882374 0.044612135738134384 0.02266935259103775
v -0.006620245520025492 0.044765621423721313 0.023551369085907936
v -0.00879178661853075 0.045055847615003586 0.025225764140486717
v -0.0022489114198833704 0.04493104666471481 0.024499941617250443
v -0.004066786728799343 0.045056793838739395 0.025226319208741188
v 0.004044869914650917 0.045058414340019226 0.025227269157767296
v 0.008769869804382324 0.045059360563755035 0.025227824226021767
v 0.006598837673664093 0.04476826637983322 0.023552918806672096
v 0.002227215562015772 0.044931940734386444 0.024500466883182526
v 0.008770215325057507 0.04466501623392105 0.022955799475312233
v 0.017299668863415718 0.04466672241687775 0.02295679971575737
v 0.010661542415618896 0.04444767162203789 0.021701602265238762
v 0.014225361868739128 0.04398515447974205 0.01903308555483818
v 0.02130773477256298 0.042110227048397064 0.008223260752856731
v 0.020419038832187653 0.04198915883898735 0.007526629604399204
v 0.019220903515815735 0.04272646829485893 0.011775930412113667
v 0.01712365448474884 0.04340233653783798 0.015672141686081886
v 0.020662041381001472 0.041224878281354904 0.0031229332089424133
v 0.02130894735455513 0.04072307050228119 0.0002310916461283341
v 0.019938547164201736 0.04046936333179474 -0.0012292470782995224
v 0.021310076117515564 0.03943448141217232 -0.007193193305283785
v 0.019454248249530792 0.03943410888314247 -0.007193410769104958
v 0.018282383680343628 0.03975794464349747 -0.0053264070302248
v 0.017304249107837677 0.03943368047475815 -0.007193663157522678
v 0.015770994126796722 0.039123885333538055 -0.008976969867944717
v 0.015731770545244217 0.038548022508621216 -0.012294809333980083
v 0.01576094701886177 0.038456257432699203 -0.012823540717363358
v 0.008775906637310982 0.03816326707601547 -0.01450438518077135
v 0.015930619090795517 0.03863343596458435 -0.011802883818745613
v 0.012521805241703987 0.03859683498740196 -0.012010238133370876
v 0.01610557548701763 0.03866870328783989 -0.01159988809376955
v 0.01656603068113327 0.03871617466211319 -0.011326842941343784
v 0.016012752428650856 0.03837510943412781 -0.013291338458657265
v 0.01644064486026764 0.038319576531648636 -0.01361173391342163
v 0.01730535924434662 0.03816497325897217 -0.014503385871648788
v 0.008686749264597893 0.03820143640041351 -0.014284377917647362
v 0.004445146769285202 0.037956178188323975 -0.0156930573284626
v -0.005181448068469763 0.03756697475910187 -0.01792551577091217
v -0.005571672692894936 0.037630099803209305 -0.017561418935656548
v -0.005459337495267391 0.03727678582072258 -0.019597159698605537
v -0.0040472871623933315 0.03666742518544197 -0.02310948073863983
v -0.00594705855473876 0.03723809868097305 -0.019819550216197968
v -0.004237235523760319 0.036679401993751526 -0.0230402834713459
v -0.006215767003595829 0.03723304718732834 -0.019848376512527466
v -0.007101295981556177 0.03677917644381523 -0.02246246114373207
v -0.006740645505487919 0.037252701818943024 -0.019734608009457588
v -0.007267113775014877 0.036786630749702454 -0.02241935208439827
v -0.0071685356087982655 0.0373082309961319 -0.019414212554693222
v -0.012100720778107643 0.03709166496992111 -0.020656878128647804
v -0.0074203419499099255 0.03738937899470329 -0.018946414813399315
v -0.0074495174922049046 0.037481144070625305 -0.018417684361338615
v -0.00511147640645504 0.03734690323472023 -0.01919354498386383
v -0.00496777705848217 0.03743548318743706 -0.01868331991136074
v -0.005054802633821964 0.03752616047859192 -0.01816079579293728
v -0.006080991588532925 0.03765933960676193 -0.01739240624010563
v -0.008696659468114376 0.03819796070456505 -0.01428641565144062
v -0.006615258753299713 0.03764929994940758 -0.017449717968702316
v -0.007075714413076639 0.03760182484984398 -0.017722763121128082
v -0.007250670809298754 0.03756656125187874 -0.01792575977742672
v 0.003940332215279341 0.036655016243457794 -0.023189257830381393
v 0.0013192779151722789 0.03639206290245056 -0.024701563641428947
v 0.001902873395010829 0.03645223006606102 -0.02435550093650818
v 0.0031046264339238405 0.03696845471858978 -0.021382499486207962
v 0.0029223014134913683 0.03708065301179886 -0.020735865458846092
v -0.0010100473882630467 0.03739095851778984 -0.018943950533866882
v -0.0016281993594020605 0.037341926246881485 -0.019225819036364555
v -0.0021703962702304125 0.037271324545145035 -0.019632024690508842
v -0.0026112855412065983 0.037182461470365524 -0.020143574103713036
v 0.0026031548622995615 0.037183504551649094 -0.020142963156104088
v 0.002162110060453415 0.037272192537784576 -0.019631516188383102
v 0.0016197898657992482 0.03734257444739342 -0.019225437194108963
v 0.0010015522129833698 0.037391360849142075 -0.01894371584057808
v 0.0003363054129295051 0.03741626814007759 -0.018799522891640663
v -0.0003448443894740194 0.037416134029626846 -0.01879960298538208
v -0.003947537392377853 0.036653436720371246 -0.02319018356502056
v -0.0030388568993657827 0.03673596680164337 -0.022715626284480095
v 0.0037012516986578703 0.03660554066300392 -0.02347406931221485
v 0.003500116290524602 0.03655135631561279 -0.023786049336194992
v 0.003011855995282531 0.036431822925806046 -0.024474242702126503
v 0.002397314878180623 0.036532435566186905 -0.023893915116786957
v 0.002779482863843441 0.03662892058491707 -0.02333839423954487
v 0.004229985177516937 0.036681097000837326 -0.02303929254412651
v 0.0030315076000988483 0.03673718124628067 -0.02271491475403309
v 0.0031416048295795918 0.0368521511554718 -0.022052627056837082
v -0.002930251881480217 0.03707948327064514 -0.02073655091226101
v -0.0031123803928494453 0.036967210471630096 -0.02138322778046131
v -0.003149155294522643 0.03685089200735092 -0.022053362801671028
v 0.0023867045529186726 0.036332663148641586 -0.025044897571206093
v 0.0016530395951122046 0.036258380860090256 -0.025472115725278854
v 0.0006738166557624936 0.03635473921895027 -0.02491592988371849
v 0.0008441649260930717 0.03621234744787216 -0.025736499577760696
v -3.3291969430138124e-06 0.03634200990200043 -0.0249885693192482
v -3.201959771104157e-06 0.03619665279984474 -0.025826048105955124
v -0.0006804970907978714 0.036354467272758484 -0.024916088208556175
v -0.0008505959995090961 0.036212008446455 -0.025736697018146515
v -0.0013260234845802188 0.03639153391122818 -0.02470187470316887
v -0.0016595510533079505 0.03625771775841713 -0.025472505018115044
v -0.0019097240874543786 0.036451470106840134 -0.024355947971343994
v -0.0023933458141982555 0.03633170574903488 -0.02504545822739601
v -0.002404305851086974 0.0365314744412899 -0.023894477635622025
v -0.003018670715391636 0.036430615931749344 -0.02447494864463806
v -0.002786642638966441 0.03662781044840813 -0.02333904802799225
v -0.0035071400925517082 0.03654995188117027 -0.023786870762705803
v -0.0037083700299263 0.036604057997465134 -0.023474937304854393
v 0.016028951853513718 0.0372387059032917 -0.019838813692331314
v 0.016280977055430412 0.037346962839365005 -0.019215332344174385
v 0.017378678545355797 0.03718680515885353 -0.020139241591095924
v 0.010638182982802391 0.03779224306344986 -0.016643991693854332
v 0.01031921710819006 0.03768926486372948 -0.017236968502402306
v 0.008776252157986164 0.037768926471471786 -0.01677640900015831
v 0.010137087665498257 0.03757699206471443 -0.01788364350795746
v 0.010100312530994415 0.03746067360043526 -0.018553782254457474
v 0.01021061185747385 0.03734574839472771 -0.01921604387462139
v 0.010462825186550617 0.03723759204149246 -0.019839465618133545
v 0.008835740387439728 0.0368708111345768 -0.021951008588075638
v 0.010845162905752659 0.03714125603437424 -0.02039489522576332
v 0.00936303474009037 0.0368904285132885 -0.021838534623384476
v 0.007176354061812162 0.03678571432828903 -0.02243957296013832
v 0.016391074284911156 0.03746193274855614 -0.01855304464697838
v 0.016354095190763474 0.03757823631167412 -0.01788291521370411
v 0.017305705696344376 0.03777063265442848 -0.016775408759713173
v 0.011339743621647358 0.03706125169992447 -0.02085636369884014
v 0.010429146699607372 0.03687027096748352 -0.021955762058496475
v 0.009902547113597393 0.03689024597406387 -0.02184014394879341
v 0.015646783635020256 0.03714221715927124 -0.020394332706928253
v 0.01690779998898506 0.03704390302300453 -0.02096208557486534
v 0.015152341686189175 0.037062015384435654 -0.020855916664004326
v 0.016270684078335762 0.03692127391695976 -0.02166796289384365
v 0.014568746089935303 0.0370018444955349 -0.021201981231570244
v 0.015496250241994858 0.036824483424425125 -0.022224830463528633
v 0.013923284597694874 0.036964524537324905 -0.021416345611214638
v 0.014619656838476658 0.03675791993737221 -0.022607414051890373
v 0.013246138580143452 0.03695179522037506 -0.021488985046744347
v 0.01368069276213646 0.03672461211681366 -0.02279834821820259
v 0.012568970210850239 0.03696425259113312 -0.021416503936052322
v 0.01272197999060154 0.03672607243061066 -0.022788958624005318
v 0.011923445388674736 0.037001315504312515 -0.021202292293310165
v 0.01178704109042883 0.03676222637295723 -0.022579677402973175
v 0.010918313637375832 0.036831438541412354 -0.022180000320076942
v 0.01795361377298832 0.03768681734800339 -0.017258990556001663
v 0.017792077735066414 0.037598758935928345 -0.017766164615750313
v 0.017744744196534157 0.037506844848394394 -0.018295681104063988
v 0.017661945894360542 0.03734348714351654 -0.019236784428358078
v 0.021414753049612045 0.03833287954330444 -0.01354023814201355
v 0.020454125478863716 0.038147468119859695 -0.014607509598135948
v 0.019455358386039734 0.03816540539264679 -0.014503133483231068
v 0.019536089152097702 0.03798694163560867 -0.01553143560886383
v 0.018584229052066803 0.03783532604575157 -0.01640399731695652
v 0.01822182722389698 0.03776691481471062 -0.01679777354001999
v 0.02260853722691536 0.03859339654445648 -0.012040500529110432
v 0.025599826127290726 0.03948022425174713 -0.0069340793415904045
v 0.02703394740819931 0.040724217891693115 0.00023176270769909024
v 0.028663979843258858 0.040744081139564514 0.0003445171460043639
v 0.028222309425473213 0.04069101810455322 3.925288547179662e-05
v 0.027857398614287376 0.04062299802899361 -0.0003522672632243484
v 0.02758624404668808 0.04054319113492966 -0.0008118103141896427
v 0.02742146886885166 0.04045530781149864 -0.001317973481491208
v 0.0278560072183609 0.042212922126054764 0.008808155544102192
v 0.02822103723883629 0.04214504733681679 0.008416720665991306
v 0.02703273482620716 0.04211137071251869 0.00822393223643303
v 0.028662800788879395 0.04209216311573982 0.0081115597859025
v 0.027497585862874985 0.04192836210131645 0.0071690380573272705
v 0.02393013797700405 0.042309243232011795 0.009367183782160282
v 0.024277998134493828 0.04237935692071915 0.00977079663425684
v 0.027419783174991608 0.0423804372549057 0.009773759171366692
v 0.027584711089730263 0.04229262098670006 0.009267634712159634
v 0.02222093939781189 0.04234068840742111 0.009550128132104874
v 0.022648829966783524 0.04228515550494194 0.009229732677340508
v 0.023173710331320763 0.042265504598617554 0.009115965105593204
v 0.02344241738319397 0.04227055609226227 0.009144790470600128
v 0.024421699345111847 0.04246794059872627 0.01028102170675993
v 0.024334672838449478 0.042558617889881134 0.010803545825183392
v 0.025815756991505623 0.04326777160167694 0.014887845143675804
v 0.024208027869462967 0.042599428445100784 0.011038824915885925
v 0.02381780371069908 0.04266255348920822 0.011402921751141548
v 0.023239588364958763 0.04408526048064232 0.019600510597229004
v 0.023308483883738518 0.04269179701805115 0.011571936309337616
v 0.022774217650294304 0.042681753635406494 0.011514623649418354
v 0.022313760593533516 0.042634278535842896 0.011241578496992588
v 0.02213880605995655 0.042599014937877655 0.01103858184069395
v 0.02193995751440525 0.04251359775662422 0.01054665632545948
v 0.021969133988022804 0.04242183640599251 0.010017926804721355
v 0.019474444910883904 0.04485487937927246 0.02403862774372101
v 0.018025869503617287 0.045078400522470474 0.025327952578663826
v 0.004636749159544706 0.04617835208773613 0.031679242849349976
v 0.005103170871734619 0.04613206535577774 0.03141206502914429
v 0.004044278524816036 0.04573386535048485 0.02911892533302307
v 0.005616906564682722 0.04610397666692734 0.031249703839421272
v 0.008769278414547443 0.04573481157422066 0.029119478538632393
v 0.010807881131768227 0.04583084583282471 0.029670678079128265
v 0.015591694973409176 0.04539138078689575 0.027133723720908165
v 0.01729932427406311 0.04506106674671173 0.025228822603821754
v 0.017380213364958763 0.045168474316596985 0.025847580283880234
v 0.004043887834995985 0.04618000611662865 0.03168938681483269
v 0.003929522819817066 0.04631616175174713 0.032473962754011154
v 0.004239364061504602 0.04624068737030029 0.03203878924250603
v -0.004263350740075111 0.046238984912633896 0.03203779458999634
v -0.003953641280531883 0.04631458595395088 0.032473038882017136
v -0.004067768342792988 0.046178385615348816 0.03168843314051628
v -0.002619219245389104 0.04624586179852486 0.03207571804523468
v -0.002178329974412918 0.046334728598594666 0.03258727118372917
v -0.0034043481573462486 0.04644905775785446 0.03324725851416588
v -0.0016361330635845661 0.046405330300331116 0.03299347683787346
v -0.0027010526973754168 0.046560611575841904 0.03388924524188042
v -0.0010179809760302305 0.04645436257123947 0.03327534347772598
v -0.0018756798235699534 0.046644177287817 0.03436986356973648
v -0.00035277800634503365 0.04647953808307648 0.033419691026210785
v -0.004067377652972937 0.04573224484920502 0.029117973521351814
v -0.005126966629177332 0.046130020171403885 0.03141086548566818
v -0.004660626407712698 0.0461764931678772 0.031678151339292526
v -0.010654247365891933 0.04563712328672409 0.028576748445630074
v -0.011095291003584862 0.04572581127285957 0.02908819541335106
v -0.008792378008365631 0.04573129862546921 0.029117420315742493
v -0.00991808157414198 0.0459345281124115 0.030289500951766968
v -0.009378570131957531 0.045934345573186874 0.030287889763712883
v -0.008851274847984314 0.045953962951898575 0.030400363728404045
v -0.00564065296202898 0.04610172659158707 0.031248383224010468
v -0.018237363547086716 0.045057859271764755 0.025247130542993546
v -0.017969148233532906 0.045137956738471985 0.02570834569633007
v -0.016296260058879852 0.04518958553671837 0.026004085317254066
v -0.01780761405825615 0.04522601515054703 0.02621551975607872
v -0.016406558454036713 0.04530451446771622 0.026666346937417984
v -0.017760278657078743 0.04531792551279068 0.026745036244392395
v -0.016369782388210297 0.04542083293199539 0.027336485683918
v -0.017677482217550278 0.04548128321766853 0.027686141431331635
v -0.016187652945518494 0.04553310200572014 0.027983160689473152
v -0.017394213005900383 0.04563796892762184 0.02858859673142433
v -0.015868686139583588 0.04563608020544052 0.028576137498021126
v -0.016923334449529648 0.04578087106347084 0.02941144071519375
v -0.01542779803276062 0.04572494700551033 0.02908768691122532
v -0.016286218538880348 0.04590350016951561 0.030117318034172058
v -0.01488560065627098 0.04579554498195648 0.029493892565369606
v -0.015511785633862019 0.04600029066205025 0.03067418746650219
v -0.014267449267208576 0.045844580978155136 0.02977575920522213
v -0.014635191299021244 0.046066850423812866 0.03105677105486393
v -0.013602246530354023 0.04586975276470184 0.02992010861635208
v -0.01369622815400362 0.046100158244371414 0.031247703358530998
v -0.012921096757054329 0.045869890600442886 0.029920188710093498
v -0.0127375153824687 0.046098701655864716 0.031238315626978874
v -0.012255849316716194 0.04584498330950737 0.029775995761156082
v -0.01180257648229599 0.04606254771351814 0.031029032543301582
v -0.011637612245976925 0.04579619690775871 0.0294942744076252
v -0.010933849029242992 0.04599333181977272 0.0306293573230505
v -0.010444682091474533 0.04595449939370155 0.030405117198824883
v -0.015167126432061195 0.04490508884191513 0.024363763630390167
v -0.014583425596356392 0.04484515264630318 0.024017836898565292
v -0.016044044867157936 0.045081429183483124 0.025380663573741913
v -0.015661707147955894 0.0449850931763649 0.024825233966112137
v -0.01859976537525654 0.0449894480407238 0.024853352457284927
v -0.019551625475287437 0.0448378324508667 0.023980790749192238
v -0.020469659939408302 0.04467730596661568 0.023056864738464355
v -0.02143028751015663 0.04449189081788063 0.021989593282341957
v -0.01393789891153574 0.04480808973312378 0.023803625255823135
v -0.013260730542242527 0.04479563236236572 0.02373114414513111
v -0.012583584524691105 0.04480836167931557 0.02380378358066082
v -0.01193812396377325 0.04484568163752556 0.024018146097660065
v -0.027872933074831963 0.042201776057481766 0.008801623247563839
v -0.027601778507232666 0.042281582951545715 0.009261165745556355
v -0.022649483755230904 0.042101435363292694 0.008218108676373959
v -0.027437003329396248 0.04236946627497673 0.009767329320311546
v -0.025615360587835312 0.04334454610943794 0.015383435413241386
v -0.022624073550105095 0.04423137754201889 0.020489856600761414
v -0.023581665009260178 0.04160705581307411 0.00537067512050271
v -0.02390081062912941 0.04170990362763405 0.005963577423244715
v -0.022648269310593605 0.04071427881717682 0.00022593923495151103
v -0.023362360894680023 0.04137855023145676 0.004053914919495583
v -0.023399339988827705 0.04149485379457474 0.0047240424901247025
v -0.024341857060790062 0.04179859533905983 0.0064750248566269875
v -0.02488417737185955 0.04186897724866867 0.006881103850901127
v -0.025502415373921394 0.04191776365041733 0.007162825670093298
v -0.028236571699380875 0.040679726749658585 3.2635096431476995e-05
v -0.026507295668125153 0.04086841270327568 0.001117972075007856
v -0.02583014965057373 0.040881142020225525 0.001190611976198852
v -0.025184687227010727 0.040918461978435516 0.0014049761230126023
v -0.02460109256207943 0.04097863286733627 0.0017510410398244858
v -0.024106651544570923 0.04105883464217186 0.002212625229731202
v -0.02372448332607746 0.04115532338619232 0.002768145641312003
v -0.023472458124160767 0.04126358404755592 0.003391626523807645
v -0.02616765908896923 0.041942670941352844 0.007307017687708139
v -0.0282378438860178 0.04213375598192215 0.008410102687776089
v -0.0268488097935915 0.0419425331056118 0.00730693805962801
v -0.027514014393091202 0.041917361319065094 0.007162589579820633
v -0.028679516166448593 0.04208069294691086 0.0081048384308815
v -0.02813216671347618 0.04186832904815674 0.006880722939968109
v -0.02946515940129757 0.041986580938100815 0.007563428487628698
v -0.02867436408996582 0.04179772734642029 0.006474517285823822
v -0.030116558074951172 0.04186616465449333 0.0068703205324709415
v -0.029115252196788788 0.04170886054635048 0.00596296600997448
v -0.03060413897037506 0.04172490909695625 0.00605697650462389
v -0.029434217140078545 0.041605886071920395 0.005369989201426506
v -0.030905773863196373 0.04156922921538353 0.005160316824913025
v -0.029616346582770348 0.04149361327290535 0.004723313730210066
v -0.031007766723632812 0.04140618443489075 0.004221044015139341
v -0.029653120785951614 0.041377294808626175 0.004053177312016487
v -0.03090548887848854 0.041243184357881546 0.0032817956525832415
v -0.029542822390794754 0.041262369602918625 0.0033909149933606386
v -0.03060358203947544 0.04108762368559837 0.0023852067533880472
v -0.029290609061717987 0.04115420952439308 0.002767493249848485
v -0.030115753412246704 0.040946561843156815 0.0015719769289717078
v -0.028908271342515945 0.041057877242565155 0.0022120624780654907
v -0.02946414425969124 0.040826406329870224 0.0008790214196778834
v -0.028413690626621246 0.04097786918282509 0.0017505941214039922
v -0.02867833524942398 0.04073261097073555 0.00033779582008719444
v -0.027829989790916443 0.040917932987213135 0.0014046659925952554
v -0.027184464037418365 0.04088087007403374 0.0011904531856998801
v -0.027871541678905487 0.04061185196042061 -0.00035879947245121
v -0.024223772808909416 0.04046526178717613 -0.0012071675155311823
v -0.027435317635536194 0.04044433683156967 -0.001324403565376997
v -0.024422621354460716 0.0403798446059227 -0.0016990930307656527
v -0.024393444880843163 0.040288083255290985 -0.0022278225515037775
v -0.022544775158166885 0.0405288003385067 -0.0008428273722529411
v -0.02305409498512745 0.040558043867349625 -0.0006738134543411434
v -0.023588361218571663 0.04054800048470497 -0.000731126347091049
v -0.02404881827533245 0.04050052538514137 -0.0010041710920631886
v -0.025938233360648155 0.03960123658180237 -0.006183522287756205
v -0.024141639471054077 0.04020693525671959 -0.0026956209912896156
v -0.023713747039437294 0.04015140235424042 -0.0030160164460539818
v -0.02264714054763317 0.03942568972706795 -0.007198345847427845
v -0.023188870400190353 0.04013174772262573 -0.0031297842506319284
v -0.027600247412919998 0.040532153099775314 -0.0008182789315469563
v -0.02038886398077011 0.03812561556696892 -0.014691135846078396
v -0.020550671964883804 0.0381552092730999 -0.014520451426506042
v -0.021398913115262985 0.038319047540426254 -0.013575606979429722
v -0.021322140470147133 0.03942595422267914 -0.007198190316557884
v -0.022723371163010597 0.03860890120267868 -0.011904234997928143
v -0.023562585934996605 0.03881949931383133 -0.010689995251595974
v -0.016524599865078926 0.03754309192299843 -0.018051382154226303
v -0.011354528367519379 0.044905852526426315 0.024364210665225983
v -0.010860087350010872 0.0449860543012619 0.024825796484947205
v -0.01047791913151741 0.045082543045282364 0.025381315499544144
v -0.010225893929600716 0.04519079998135567 0.026004796847701073
v -0.010115796700119972 0.0453057698905468 0.02666708454489708
v -0.010152775794267654 0.04542207345366478 0.02733721397817135
v -0.010335100814700127 0.045534275472164154 0.02798384614288807
v 0.023457175120711327 0.04127296805381775 0.003397127380594611
v 0.023709390312433243 0.041164811700582504 0.0027737056370824575
v 0.024867834523320198 0.04187892749905586 0.006886935327202082
v 0.02432563714683056 0.04180832952260971 0.006480729673057795
v 0.023884745314717293 0.0417194627225399 0.005969178397208452
v 0.02683233842253685 0.04195326939225197 0.007313230074942112
v 0.02615118771791458 0.041953135281801224 0.007313150446861982
v 0.025485986843705177 0.04192795976996422 0.0071688019670546055
v 0.023565780371427536 0.04161648452281952 0.005376201588660479
v 0.023383652791380882 0.041504211723804474 0.004729526117444038
v 0.023346876725554466 0.0413878932595253 0.00405938969925046
v 0.024091726168990135 0.04106847569346428 0.0022182748652994633
v 0.024586308747529984 0.04098847135901451 0.0017568065086379647
v 0.025170007720589638 0.04092853516340256 0.001410878379829228
v 0.025815535336732864 0.04089147225022316 0.0011966655729338527
v 0.026492703706026077 0.040879011154174805 0.0011241844622418284
v 0.0271698497235775 0.04089174047112465 0.0011968242470175028
v 0.027815310284495354 0.04092906415462494 0.001411188393831253
v 0.029449624940752983 0.04083818942308426 0.0008859269437380135
v 0.0283989068120718 0.040989235043525696 0.0017572534270584583
v 0.030101021751761436 0.04095860570669174 0.0015790351899340749
v 0.028893345966935158 0.04106943681836128 0.0022188376169651747
v 0.030588604509830475 0.04109986126422882 0.0023923793341964483
v 0.02927551604807377 0.041165925562381744 0.0027743580285459757
v 0.030890239402651787 0.04125554487109184 0.0032890390139073133
v 0.029527539387345314 0.04127418249845505 0.0033978389110416174
v 0.030992230400443077 0.04141858592629433 0.004228311590850353
v 0.029637636616826057 0.04138915240764618 0.004060127306729555
v 0.030889954417943954 0.041581589728593826 0.005167560186237097
v 0.029600657522678375 0.04150545597076416 0.004730254877358675
v 0.030588047578930855 0.041737150400877 0.006064149085432291
v 0.029418334364891052 0.041617654263973236 0.005376887507736683
v 0.03010021708905697 0.04187820851802826 0.006877378560602665
v 0.02909918688237667 0.04172050580382347 0.005969789810478687
v 0.029448609799146652 0.04199836403131485 0.007570334244519472
v 0.028658144176006317 0.041809193789958954 0.00648123724386096
v 0.02811582386493683 0.04187957942485809 0.006887315772473812
v 0.014869257807731628 0.03795235976576805 -0.01572585478425026
v 0.01425102073699236 0.03800114616751671 -0.015444133430719376
v 0.011621268466114998 0.03795170783996582 -0.015726236626505852
v 0.011079071089625359 0.03788110986351967 -0.01613244228065014
v 0.016171768307685852 0.03769043833017349 -0.01723628304898739
v 0.01585262268781662 0.03779328614473343 -0.016643380746245384
v 0.015411578118801117 0.03788197413086891 -0.0161319337785244
v 0.013585774227976799 0.038026053458452225 -0.01529994048178196
v 0.012904624454677105 0.03802591562271118 -0.015300020575523376
v 0.012239420786499977 0.038000743836164474 -0.015444369055330753
v 0.0006658830679953098 0.0454181432723999 0.027303365990519524
v 0.0013113442109897733 0.04545546695590019 0.02751772850751877
v -0.0027945763431489468 0.04569121077656746 0.028880245983600616
v -0.002412239322438836 0.04559487849473953 0.02832481451332569
v -0.0019176576752215624 0.045514874160289764 0.02786334790289402
v -0.0013339570723474026 0.04545493796467781 0.027517419308423996
v -0.000688430736772716 0.045417871326208115 0.02730320580303669
v -1.1262820407864638e-05 0.04540541395545006 0.027230724692344666
v -0.0029381855856627226 0.04614288732409477 0.03148274123668671
v -0.003120314097031951 0.04603061452507973 0.030836068093776703
v -0.0031570889987051487 0.04591429606080055 0.030165931209921837
v -0.0030467903707176447 0.045799370855093 0.02950366772711277
v 0.0018949398072436452 0.04551563411951065 0.027863794937729836
v 0.0023893811739981174 0.045595839619636536 0.028325378894805908
v 0.002771549392491579 0.0456923246383667 0.028880897909402847
v 0.0030235741287469864 0.0458005852997303 0.029504379257559776
v 0.00313367135822773 0.04591555520892143 0.030166668817400932
v -0.0009656956535764039 0.04669596627354622 0.03466729447245598
v -1.2407957001414616e-05 0.04671362042427063 0.034768037497997284
v 0.00032837179605849087 0.04647967219352722 0.03341976925730705
v 0.0009409103076905012 0.04669634625315666 0.034667517989873886
v 0.000993618625216186 0.046454764902591705 0.033275578171014786
v 0.0018509847577661276 0.046644922345876694 0.0343702994287014
v 0.0016118562780320644 0.04640597850084305 0.0329938568174839
v 0.0026765037328004837 0.04656168818473816 0.03388987481594086
v 0.002154176589101553 0.04633559659123421 0.03258777782320976
v 0.0033799943048506975 0.0464504174888134 0.03324805200099945
v 0.0025952213909476995 0.046246904879808426 0.03207632899284363
v 0.0029143677093088627 0.04614405706524849 0.03148343041539192
v 0.003096692729741335 0.04603185877203941 0.030836796388030052
v -0.02202790603041649 0.04042486101388931 -0.0014422034146264195
v -0.022154550999403 0.04046567529439926 -0.001206924906000495
v -0.022920161485671997 0.04013679921627045 -0.0031009588856250048
v -0.022432440891861916 0.040175486356019974 -0.0028785662725567818
v -0.02208458073437214 0.040245603770017624 -0.0024749531876295805
v -0.02194087952375412 0.04033418744802475 -0.0019647274166345596
v 0.01696552149951458 0.03829992562532425 -0.013725501485168934
v 0.017234232276678085 0.038304977118968964 -0.013696675188839436
v 0.017721951007843018 0.03834366425871849 -0.013474284671247005
v 0.017100298777222633 0.03872621804475784 -0.011269531212747097
v 0.017609616741538048 0.03869697451591492 -0.011438543908298016
v 0.017999840900301933 0.03863385319709778 -0.011802641674876213
v 0.018069811165332794 0.03841377794742584 -0.013070669956505299
v 0.018213512375950813 0.03850236162543297 -0.012560445815324783
v 0.018126485869288445 0.03859303891658783 -0.012037920765578747
v 0.0052478378638625145 0.045239388942718506 0.026268720626831055
v 0.005675727967172861 0.045183856040239334 0.02594832517206669
v 0.006200606469064951 0.04516420513391495 0.02583455853164196
v 0.00646931491792202 0.04516925662755966 0.02586338296532631
v 0.006957035977393389 0.04520794376730919 0.02608577534556389
v 0.007234925404191017 0.04549813270568848 0.027757417410612106
v 0.006844701245427132 0.045561254024505615 0.02812151424586773
v 0.006335381884127855 0.04559049755334854 0.028290526941418648
v 0.005801114719361067 0.04558045417070389 0.02823321521282196
v 0.005340659059584141 0.04553298279643059 0.027960170060396194
v 0.005165702663362026 0.04549771547317505 0.027757175266742706
v 0.004966855980455875 0.045412302017211914 0.02726524882018566
v 0.0049960315227508545 0.0453205369412899 0.026736518368124962
v 0.00730489706620574 0.04527805745601654 0.026489388197660446
v 0.00744859641417861 0.045366641134023666 0.026999613270163536
v 0.007361570838838816 0.04545731842517853 0.027522137388586998
v 0.02560354582965374 0.01690760627388954 -0.008338218554854393
v 0.025612661615014076 -0.033833783119916916 0.0004686744650825858
v 0.028212694451212883 -0.0329839251935482 0.005362497642636299
v 0.025025343522429466 0.03449587523937225 -0.012260321527719498
v 0.025023216381669044 0.023844681680202484 -0.010417545214295387
v 0.028200391680002213 0.035492319613695145 -0.006522533018141985
v 0.025424888357520103 0.02080378867685795 -0.009290365502238274
v 0.025594692677259445 0.01777658611536026 -0.008502677083015442
v 0.021718477830290794 0.03381437063217163 -0.01618341915309429
v 0.023205164819955826 0.030506953597068787 -0.013963999226689339
v 0.024345852434635162 0.02696390636265278 -0.011906513012945652
v -0.02172618731856346 0.03380567952990532 -0.01618851162493229
v -0.02503424510359764 0.03448586165904999 -0.01226618979126215
v -0.022347167134284973 0.03254277631640434 -0.015310672111809254
v -0.023626962676644325 0.02935365028679371 -0.013266149908304214
v -0.02560633048415184 0.01689736358821392 -0.008344221860170364
v -0.025488123297691345 0.02008790150284767 -0.009082749485969543
v -0.028211036697030067 0.035481035709381104 -0.006529145408421755
v -0.025136196985840797 0.0231734961271286 -0.01015026681125164
v -0.02452078089118004 0.026286432519555092 -0.011566702276468277
v 0.029552539810538292 0.03619128465652466 -0.0024968034122139215
v 0.030053675174713135 -0.031893882900476456 0.011640924960374832
v 0.018549855798482895 -0.02686081826686859 0.0406511016190052
v 0.01994915120303631 0.041419100016355515 0.027633465826511383
v 0.02334614098072052 -0.027643483132123947 0.036136776208877563
v 0.021273700520396233 0.04121136665344238 0.026435229927301407
v 0.023281583562493324 0.04084334895014763 0.024312790483236313
v 0.02333383820950985 0.0408327616751194 0.024251746013760567
v 0.02703852392733097 -0.028585124760866165 0.030707625672221184
v 0.0270262211561203 0.039891116321086884 0.018822595477104187
v 0.02945237047970295 -0.02964121289551258 0.024620421230793
v 0.02944006770849228 0.03883503004908562 0.012735390104353428
v 0.03047351911664009 -0.030761798843741417 0.018163053318858147
v 0.03046121634542942 0.03771444410085678 0.006278022658079863
v 0.030041372403502464 0.03658236190676689 -0.00024410610785707831
v 0.014802389778196812 0.04203351214528084 0.031178776174783707
v 0.015466766431927681 0.04196864739060402 0.030804358422756195
v 0.012876504100859165 -0.026274150237441063 0.044037092477083206
v 0.01798752136528492 0.04168569669127464 0.029171518981456757
v 0.018537553027272224 0.041615426540374756 0.028766069561243057
v -0.018546616658568382 -0.026868239045143127 0.0406467542052269
v -0.018009012565016747 0.041678499430418015 0.02916730009019375
v -0.012874295003712177 -0.026279300451278687 0.04403407499194145
v -0.015488754026591778 0.041962455958127975 0.030800729990005493
v -0.014824490994215012 0.042027588933706284 0.03117530420422554
v -0.012886597774922848 0.04219694435596466 0.032149042934179306
v -0.0065928357653319836 -0.025913862511515617 0.04613306745886803
v -0.006605138536542654 0.04256238043308258 0.03424803912639618
v 6.778259376005735e-07 -0.025789204984903336 0.04684446379542351
v -1.1625033039308619e-05 0.04268703982234001 0.03495943546295166
v 0.006594407372176647 -0.025911225005984306 0.04613461345434189
v 0.006582104600965977 0.04256501793861389 0.03424958512187004
v 0.012864201329648495 0.042202092707157135 0.03215206414461136
v -0.021838445216417313 0.04110976308584213 0.025894470512866974
v -0.021294359117746353 0.0412028506398201 0.026430241763591766
v -0.018558921292424202 0.04160800576210022 0.028761722147464752
v -0.025597214698791504 -0.033844027668237686 0.00046267194557003677
v -0.028198733925819397 -0.032995205372571945 0.005355885252356529
v -0.03004162199795246 -0.031905900686979294 0.01163388043642044
v -0.03005392476916313 0.036570340394973755 -0.00025115013704635203
v -0.0304634477943182 -0.030773986130952835 0.018155910074710846
v -0.03047575056552887 0.03770225867629051 0.0062708803452551365
v -0.029444262385368347 -0.029652994126081467 0.0246135164052248
v -0.029456565156579018 0.03882325068116188 0.012728486210107803
v -0.027032263576984406 -0.02859594114124775 0.0307012889534235
v -0.027044566348195076 0.03988030180335045 0.018816258758306503
v -0.023341530933976173 -0.027652820572257042 0.03613130375742912
v -0.023353833705186844 0.040823422372341156 0.024246273562312126
v -0.02330159768462181 0.04083402827382088 0.024307331070303917
v -0.023587653413414955 0.03660691902041435 -4.7095672925934196e-05
v -0.023053385317325592 0.036616962403059006 1.021717798721511e-05
v -0.021722663193941116 0.036888815462589264 0.0015751351602375507
v 0.019850274547934532 0.04084158316254616 0.02430618554353714
v 0.01984996907413006 0.04118889942765236 0.02630726248025894
v 0.015374970622360706 0.04118800535798073 0.02630673721432686
v 0.004611661657691002 0.041062936186790466 0.02559729479253292
v 0.009017635136842728 0.04080996289849281 0.024135207757353783
v 0.015375275164842606 0.04084068909287453 0.024305662140250206
v 0.016566738486289978 0.03477509692311287 -0.010642812587320805
v 0.01710100658237934 0.03478514030575752 -0.010585500858724117
v 0.017790058627724648 0.035411570221185684 -0.006976998411118984
v 0.011080105789005756 0.03432314842939377 -0.013241052627563477
v 0.015381168574094772 0.034108079969882965 -0.014484638348221779
v 0.01478081475943327 0.034805022180080414 -0.010468537919223309
v -0.01737946644425392 0.04057249799370766 0.022794371470808983
v -0.01684519834816456 0.04058254137635231 0.02285168319940567
v -0.015395287424325943 0.04083453491330147 0.024302054196596146
v 0.024558544158935547 0.038054369390010834 0.00824261549860239
v 0.029392434284090996 0.038055334240198135 0.008243182674050331
v 0.003369798418134451 0.0420079305768013 0.031043222174048424
v 0.003370091551914811 0.041672974824905396 0.029113348573446274
v -0.02172611653804779 0.04083326831459999 0.02430131286382675
v -0.01780056580901146 0.035404451191425323 -0.006981169804930687
v -0.021721433848142624 0.03548479452729225 -0.006514206528663635
v -0.021720223128795624 0.03410065919160843 -0.014488986693322659
v -0.024571433663368225 0.03548422455787659 -0.006514540873467922
v -0.01653253100812435 0.03235342353582382 -0.024561142548918724
v -0.016154300421476364 0.03211527690291405 -0.025933628901839256
v -0.015389394015073776 0.034101925790309906 -0.01448824442923069
v 0.013820863328874111 0.03384120389819145 -0.01602064073085785
v 0.014174140989780426 0.03381332755088806 -0.016181623563170433
v 0.006860973313450813 0.033988479524850845 -0.015164908021688461
v 0.002320698695257306 0.033816661685705185 -0.01615014113485813
v 0.01147004496306181 0.03359883278608322 -0.017414646223187447
v 0.01483682356774807 0.033405523747205734 -0.018531884998083115
v 0.01461844239383936 0.0333503894507885 -0.01884932443499565
v 0.015831919386982918 0.03213644027709961 -0.025844810530543327
v 0.014335904270410538 0.03330455720424652 -0.0191130880266428
v 0.0140024209395051 0.033270176500082016 -0.019310837611556053
v 0.012318147346377373 0.033812955021858215 -0.016181841492652893
v 0.012671377509832382 0.03384097293019295 -0.016020774841308594
v 0.013051494024693966 0.03385536000132561 -0.01593828946352005
v 0.013440722599625587 0.033855438232421875 -0.01593824289739132
v 0.014344773255288601 0.032183147966861725 -0.02557416632771492
v 0.014924311079084873 0.03216889128088951 -0.025656910613179207
v 0.013633585534989834 0.03324884921312332 -0.019433332607150078
v 0.014484038576483727 0.03377310931682587 -0.016413668170571327
v 0.014736064709722996 0.03372242674231529 -0.01670592464506626
v 0.014918433502316475 0.03366365656256676 -0.01704472489655018
v 0.015280275605618954 0.032157737761735916 -0.025721529498696327
v 0.015022619627416134 0.03359954059123993 -0.01741422899067402
v 0.015043750405311584 0.03353308141231537 -0.017797159031033516
v 0.01498083770275116 0.03346738591790199 -0.018175611272454262
v 0.01399756595492363 0.03218957036733627 -0.025536801666021347
v 0.013246645219624043 0.033241573721170425 -0.01947484165430069
v 0.012867959216237068 0.032305024564266205 -0.02487044408917427
v 0.012859691865742207 0.033248692750930786 -0.01943342201411724
v 0.010203655809164047 0.03249279037117958 -0.023785855621099472
v 0.011574117466807365 0.033662986010313034 -0.017045116052031517
v 0.011756383813917637 0.03372183069586754 -0.016706272959709167
v 0.012008320540189743 0.03377261385321617 -0.016413958743214607
v 0.01249082013964653 0.03326987475156784 -0.01931101456284523
v 0.012157277204096317 0.0333041213452816 -0.019113343209028244
v 0.0060799275524914265 0.0326463021337986 -0.02289711870253086
v 0.011874658986926079 0.033349838107824326 -0.018849646672606468
v 0.0036392328329384327 0.03268991783261299 -0.02264329232275486
v 0.011656180024147034 0.0334048867225647 -0.01853225752711296
v 0.0033782452810555696 0.0326930396258831 -0.022625038400292397
v 0.011512057855725288 0.03346669301390648 -0.018176017329096794
v 0.011449029669165611 0.033532362431287766 -0.01779758185148239
v -0.001779424026608467 0.03298904746770859 -0.02091422863304615
v -0.0016753504751250148 0.0330532044172287 -0.02054470032453537
v -0.0023284186609089375 0.03381573036313057 -0.016150685027241707
v 0.001794281997717917 0.03292329981923103 -0.02129674144089222
v 0.001731369411572814 0.03285760432481766 -0.021675193682312965
v -0.0017374105518683791 0.032856907695531845 -0.021675599738955498
v -0.001800438156351447 0.03292258083820343 -0.021297162398695946
v -0.003383997827768326 0.03269168734550476 -0.02262583002448082
v -0.0014930840115994215 0.0331120491027832 -0.02020585536956787
v -0.0012411472853273153 0.03316282853484154 -0.01991354115307331
v -0.0009313204209320247 0.03320317342877388 -0.019681423902511597
v 0.0012345707509666681 0.03316332399845123 -0.01991325244307518
v 0.0009246733970940113 0.03320354223251343 -0.019681205973029137
v 0.0005713947466574609 0.03323142230510712 -0.019520223140716553
v 0.0014865963021293283 0.03311264514923096 -0.020205507054924965
v 0.0016689656767994165 0.03305387496948242 -0.02054430916905403
v 0.0017731515690684319 0.032989758998155594 -0.020913811400532722
v 0.0015873551601544023 0.0327957421541214 -0.022031467407941818
v 0.0013689734041690826 0.032740604132413864 -0.022348906844854355
v 0.0011895184870809317 0.032709259539842606 -0.022529328241944313
v -0.0005780907231383026 0.03323119133710861 -0.019520357251167297
v -0.00019797473214566708 0.033245574682950974 -0.019437871873378754
v 0.00019125371181871742 0.03324565291404724 -0.019437825307250023
v -0.0011953001376241446 0.0327087827026844 -0.022529607638716698
v -0.001374809886328876 0.03274005651473999 -0.022349229082465172
v -0.0015932880342006683 0.03279510512948036 -0.022031839936971664
v -0.005180739797651768 0.03362589329481125 -0.01724148541688919
v -0.005054094363003969 0.0335850827395916 -0.0174767654389143
v -0.004967069253325462 0.03349440544843674 -0.01799928955733776
v -0.005110768135637045 0.03340582177042961 -0.01850951462984085
v -0.0054586296901106834 0.03333570808172226 -0.018913129344582558
v -0.003644979791715741 0.03268846124410629 -0.022644147276878357
v -0.005946350283920765 0.03329702094197273 -0.019135519862174988
v -0.006085596978664398 0.032643869519233704 -0.022898545488715172
v -0.006215059198439121 0.03329196944832802 -0.019164344295859337
v -0.008443066850304604 0.03257055953145027 -0.023318488150835037
v -0.006739937700331211 0.033311620354652405 -0.01905057765543461
v -0.011974439024925232 0.03237461671233177 -0.02444375306367874
v -0.00716782733798027 0.03336715325713158 -0.018730182200670242
v -0.00741963367909193 0.03344830125570297 -0.018262384459376335
v -0.007448809687048197 0.033540062606334686 -0.017733654007315636
v -0.009459941647946835 0.03410311043262482 -0.014487549662590027
v -0.007249962538480759 0.03362547978758812 -0.01724172756075859
v -0.007075006142258644 0.03366074338555336 -0.017038732767105103
v -0.00840761698782444 0.03408544138073921 -0.014590434730052948
v -0.006614550482481718 0.03370821848511696 -0.016765687614679337
v -0.00686899246647954 0.03398573026061058 -0.015166517347097397
v -0.00608028331771493 0.03371826186776161 -0.01670837588608265
v -0.0055709644220769405 0.033689018338918686 -0.016877388581633568
v -0.014349659904837608 0.032177429646253586 -0.0255773663520813
v -0.014002433978021145 0.032183971256017685 -0.025540083646774292
v -0.012159626930952072 0.032360270619392395 -0.02452622912824154
v -0.015836715698242188 0.0321301631629467 -0.02584840916097164
v -0.015285186469554901 0.03215179592370987 -0.02572459541261196
v -0.014929245226085186 0.03216305747628212 -0.025659866631031036
v -0.019279684871435165 0.03329582139849663 -0.019128618761897087
v -0.01887802965939045 0.0331919901072979 -0.019727276638150215
v -0.01798037625849247 0.03293026611208916 -0.02123614028096199
v -0.017858900129795074 0.03289095684885979 -0.021462740376591682
v -0.017469076439738274 0.03275665268301964 -0.022236958146095276
v -0.02075774595141411 0.03362560272216797 -0.017227036878466606
v -0.019862551242113113 0.033434852957725525 -0.018326975405216217
v -0.01939687319099903 0.03332482650876045 -0.01896139234304428
v -0.025932572782039642 0.03775782138109207 0.006586318835616112
v -0.025579294189810753 0.03772994503378868 0.006425335071980953
v -0.02457367442548275 0.03804454207420349 0.008236857131123543
v -0.026312710717320442 0.037772055715322495 0.006668714340776205
v -0.025269396603107452 0.037689726799726486 0.006193289998918772
v -0.02501736953854561 0.03763904422521591 0.005901033990085125
v -0.024834999814629555 0.03758027404546738 0.005562232807278633
v -0.02670194022357464 0.03777197748422623 0.006668668705970049
v -0.027082057669758797 0.037757594138383865 0.00658618425950408
v -0.027435287833213806 0.037729572504758835 0.006425117142498493
v -0.02473081462085247 0.03751616179943085 0.005192728713154793
v -0.024709684774279594 0.03744970262050629 0.004809798207134008
v -0.024572663009166718 0.0368882454931736 0.0015748010482639074
v -0.028283389285206795 0.03751545026898384 0.005192311946302652
v -0.028179315850138664 0.03757960721850395 0.00556184072047472
v -0.027997050434350967 0.03763844817876816 0.005900684744119644
v -0.027745114639401436 0.03768923133611679 0.006192999891936779
v -0.02477259747684002 0.03738400340080261 0.004431347828358412
v -0.02491661161184311 0.037322141230106354 0.004075073171406984
v -0.025134991854429245 0.03726700693368912 0.003757632803171873
v -0.025417529046535492 0.03722117468714714 0.003493870608508587
v -0.025751013308763504 0.037186793982982635 0.003296119160950184
v -0.02611984871327877 0.03716546669602394 0.0031736253295093775
v -0.026506789028644562 0.037158191204071045 0.0031321169808506966
v -0.026893742382526398 0.037165313959121704 0.0031735345255583525
v -0.0278787761926651 0.037266459316015244 0.003757311264052987
v -0.028097255155444145 0.037321507930755615 0.004074700176715851
v -0.02824137732386589 0.0373833104968071 0.004430941306054592
v -0.028304405510425568 0.037448983639478683 0.004809377249330282
v -0.0272626131772995 0.03718649223446846 0.0032959419768303633
v -0.027596157044172287 0.03722073882818222 0.0034936151932924986
v -0.013835492543876171 0.04168481007218361 0.029199354350566864
v -0.014188721776008606 0.04165679216384888 0.029038287699222565
v -0.015396017581224442 0.041669223457574844 0.029111148789525032
v -0.015395591035485268 0.04118185117840767 0.026303131133317947
v -0.009466858580708504 0.04200536385178566 0.031041717156767845
v 0.0012266370467841625 0.042226728051900864 0.03230604529380798
v 0.0014786627143621445 0.04217604920268059 0.03201378509402275
v -0.0016832840628921986 0.04211660847067833 0.031674593687057495
v -0.0015010175993666053 0.042175453156232834 0.032013438642024994
v -0.00020590836356859654 0.042308978736400604 0.03278142213821411
v 0.00018332009494770318 0.04230905696749687 0.03278146684169769
v 0.0005634611006826162 0.04229482263326645 0.03269907459616661
v 0.0009167397511191666 0.04226694628596306 0.03253808617591858
v -0.0012490808730944991 0.04222623258829117 0.0323057547211647
v -0.0009392540669068694 0.04226657375693321 0.03253787010908127
v -0.0005860243109054863 0.04229459539055824 0.03269893676042557
v 0.0016610320890322328 0.042117275297641754 0.031674984842538834
v 0.015374544076621532 0.0416753776371479 0.029114756733179092
v 0.02381851151585579 0.0387214757502079 0.012086953036487103
v 0.024208735674619675 0.038658350706100464 0.011722855269908905
v 0.023309193551540375 0.03875071927905083 0.012255966663360596
v 0.02277492545545101 0.038740675896406174 0.012198654003441334
v 0.022314470261335373 0.038693200796842575 0.011925608851015568
v 0.024335380643606186 0.038617536425590515 0.011487577110528946
v 0.024422407150268555 0.03852686285972595 0.010965052992105484
v 0.02317441813647747 0.038324423134326935 0.009799996390938759
v 0.02264953963458538 0.03834407776594162 0.009913763962686062
v 0.021461233496665955 0.03767465054988861 0.006058065686374903
v 0.022221647202968597 0.03839961066842079 0.010234159417450428
v 0.02070840261876583 0.038459062576293945 0.010578269138932228
v 0.021969841793179512 0.03848075494170189 0.010701957158744335
v 0.02194066531956196 0.0385725200176239 0.011230687610805035
v 0.018986940383911133 0.03919728472828865 0.014833370223641396
v 0.02213951386511326 0.038657937198877335 0.011722613126039505
v 0.024278705939650536 0.038438279181718826 0.01045482698827982
v 0.02393084578216076 0.038368161767721176 0.010051214136183262
v 0.023443127050995827 0.03832947462797165 0.009828821755945683
v 0.029393445700407028 0.03689904138445854 0.0015811267076060176
v 0.01981295272707939 0.033433057367801666 -0.018378404900431633
v 0.02017906680703163 0.03351486846804619 -0.01790742762386799
v 0.0198561679571867 0.034108974039554596 -0.014484113082289696
v 0.01985495537519455 0.03549310937523842 -0.00650933338329196
v 0.016149552538990974 0.03212174028158188 -0.02592984214425087
v 0.01647515594959259 0.032331641763448715 -0.02472081035375595
v 0.01692991890013218 0.032552722841501236 -0.02344750426709652
v 0.019290639087557793 0.03330797702074051 -0.019098520278930664
v 0.018872572109103203 0.03319985419511795 -0.01972103677690029
v 0.017114702612161636 0.032630182802677155 -0.023001419380307198
v 0.01714879274368286 0.03264390677213669 -0.022922370582818985
v 0.017975397408008575 0.03293783962726593 -0.02122972346842289
v 0.018162330612540245 0.03299638628959656 -0.020892607048153877
v 0.01853814348578453 0.033107466995716095 -0.020252985879778862
v -0.013020867481827736 0.040395669639110565 0.021771060302853584
v -0.009465835057199001 0.04083571955561638 0.024302750825881958
v -0.009037596173584461 0.040806349366903305 0.024133091792464256
v -0.009466138668358326 0.04118303582072258 0.02630382589995861
v -0.01573198474943638 0.040358684957027435 0.02156076952815056
v -0.015875685960054398 0.04027010127902031 0.02105054445564747
v -0.016395626589655876 0.03984824940562248 0.01862056367099285
v -0.02172367461025715 0.038045112043619156 0.008237190544605255
v -0.017504852265119553 0.0401758998632431 0.02050948143005371
v -0.017932744696736336 0.040231432765722275 0.020829876884818077
v -0.018213726580142975 0.04040434584021568 0.021826405078172684
v -0.018014878034591675 0.04048975929617882 0.02231832966208458
v -0.01783992350101471 0.04052502289414406 0.022521326318383217
v -0.016335880383849144 0.040553297847509384 0.02268267050385475
v -0.01594565622508526 0.04049017280340195 0.02231857366859913
v -0.015819011256098747 0.0404493622481823 0.02208329364657402
v -0.01818455010652542 0.04031258076429367 0.021297674626111984
v -0.016223546117544174 0.04019998759031296 0.02064692974090576
v -0.016711266711354256 0.04016130045056343 0.02042453922331333
v -0.01900407485663891 0.03918968886137009 0.014828917570412159
v -0.016979973763227463 0.040156248956918716 0.020395712926983833
v -0.02072424441576004 0.03845077380537987 0.010573413223028183
v -0.01997886598110199 0.03610643744468689 -0.0029343799687922
v -0.02122330851852894 0.036872245371341705 0.001479145372286439
v -0.02147570066154003 0.037666063755750656 0.006053032819181681
v -0.014790261164307594 0.034799110144376755 -0.010472003370523453
v -0.011088709346950054 0.0343187153339386 -0.013243651017546654
v 0.017610324546694756 0.0347558967769146 -0.010754512622952461
v 0.01808709092438221 0.03548862412571907 -0.006533349864184856
v 0.019967129454016685 0.03611442819237709 -0.0029296977445483208
v 0.01610628329217434 0.03472762182354927 -0.010915856808423996
v 0.015931326895952225 0.03469235822558403 -0.011118853464722633
v 0.01800054870545864 0.03469277173280716 -0.011118611320853233
v 0.018127193674445152 0.03465195745229721 -0.011353890411555767
v 0.01821422018110752 0.03456128388643265 -0.011876414529979229
v 0.01807052083313465 0.03447270020842552 -0.012386639602482319
v 0.017722660675644875 0.03440258279442787 -0.012790253385901451
v 0.017234940081834793 0.03436389937996864 -0.013012644834816456
v 0.016966229304671288 0.03435884788632393 -0.01304147019982338
v 0.016441352665424347 0.034378498792648315 -0.012927703559398651
v 0.016013462096452713 0.03443403169512749 -0.012607308104634285
v 0.01576165482401848 0.03451517969369888 -0.012139509432017803
v 0.015732478350400925 0.0346069410443306 -0.011610778979957104
v 0.02456078492105007 0.03549405187368393 -0.006508782040327787
v 0.02455955557525158 0.03689807280898094 0.001580560114234686
v 0.021210230886936188 0.0368807315826416 0.001484119100496173
v 0.013001624494791031 0.040400877594947815 0.021774111315608025
v 0.016377341002225876 0.039854805916547775 0.018624406307935715
v 0.0007450186531059444 0.04172379523515701 0.02940887212753296
v 0.00037618365604430437 0.04170246794819832 0.029286378994584084
v 0.0017652178648859262 0.042053163051605225 0.03130548074841499
v 0.0017863484099507332 0.041986703872680664 0.030922550708055496
v 0.0017234358238056302 0.04192100837826729 0.0305441003292799
v 0.0015794215723872185 0.04185914248228073 0.030187824741005898
v -1.0756824849522673e-05 0.04169519618153572 0.02924486994743347
v -0.0003977099258918315 0.04170231521129608 0.02928628772497177
v -0.003391565289348364 0.041671622544527054 0.02911255694925785
v 0.0013610398164018989 0.041804008185863495 0.02987038530409336
v 0.0010785016929730773 0.041758179664611816 0.029606623575091362
v -0.0007665820885449648 0.04172349348664284 0.029408695176243782
v -0.0011001252569258213 0.041757743805646896 0.029606368392705917
v -0.0013827434740960598 0.04180346056818962 0.029870064929127693
v -0.0016012216219678521 0.04185850918292999 0.03018745221197605
v -0.001745344139635563 0.041920311748981476 0.030543694272637367
v -0.003391858423128724 0.04200657829642296 0.03104242868721485
v -0.0018083717441186309 0.04198598489165306 0.03092212975025177
v -0.0017873576143756509 0.04205245152115822 0.031305063515901566
v -0.012504450045526028 0.04111401364207268 0.025909289717674255
v -0.01287328451871872 0.04109268635511398 0.02578679472208023
v -0.01326022483408451 0.04108541086316109 0.025745287537574768
v -0.013647178187966347 0.04109252989292145 0.02578670345246792
v -0.012022830545902252 0.04161694645881653 0.02880646102130413
v -0.011770805343985558 0.041566263884305954 0.028514204546809196
v -0.0094665652140975 0.041670408099889755 0.029111843556165695
v -0.011526032350957394 0.041311223059892654 0.027044517919421196
v -0.011670046485960484 0.041249360889196396 0.026688244193792343
v -0.011888428591191769 0.04119422659277916 0.026370804756879807
v -0.01217096671462059 0.04114839434623718 0.02610704116523266
v -0.013455376960337162 0.04169919714331627 0.029281839728355408
v -0.01306614838540554 0.04169927537441254 0.02928188629448414
v -0.012686007656157017 0.041685041040182114 0.02919948846101761
v -0.012332728132605553 0.04165716469287872 0.029038505628705025
v -0.011588435620069504 0.04150749370455742 0.02817540429532528
v -0.01148425042629242 0.04144338145852089 0.02780590020120144
v -0.011463119648396969 0.04137692227959633 0.027422970160841942
v -0.014016050845384598 0.0411137118935585 0.02590911090373993
v -0.01434959378093481 0.04114795848727226 0.026106785982847214
v -0.01463221199810505 0.04119367524981499 0.02637048251926899
v -0.01485069002956152 0.04124872386455536 0.026687869802117348
v -0.014932751655578613 0.041506823152303696 0.02817501313984394
v -0.014750486239790916 0.0415656678378582 0.02851385623216629
v -0.014498548582196236 0.04161645099520683 0.02880617044866085
v -0.014994812197983265 0.04131053015589714 0.027044111862778664
v -0.015057840384542942 0.041376203298568726 0.027422547340393066
v -0.015036826021969318 0.04144266992807388 0.02780548296868801
v 0.027067428454756737 0.037768423557281494 0.006592531222850084
v 0.027420707046985626 0.037740543484687805 0.0064315469935536385
v 0.027730604633688927 0.03770032525062561 0.006199502386152744
v 0.027982627972960472 0.037649646401405334 0.0059072463773190975
v 0.028164997696876526 0.0375908762216568 0.005568445194512606
v 0.025564713403582573 0.03774017468094826 0.006431329529732466
v 0.025917943567037582 0.03776819258928299 0.006592396646738052
v 0.026298057287931442 0.03778257593512535 0.0066748810932040215
v 0.02668728679418564 0.03778265416622162 0.006674926728010178
v 0.024820681661367416 0.037590205669403076 0.0055680531077086926
v 0.025002947077155113 0.03764905035495758 0.005906897131353617
v 0.025254886597394943 0.037699829787015915 0.006199211813509464
v 0.02826918289065361 0.03752676025032997 0.005198941100388765
v 0.028290314599871635 0.03746030107140541 0.004816010594367981
v 0.02822740189731121 0.037394605576992035 0.004437560215592384
v 0.02808338776230812 0.037332743406295776 0.004081285558640957
v 0.02512122131884098 0.03727705776691437 0.0037635236512869596
v 0.024902744218707085 0.03733210638165474 0.004080912563949823
v 0.027865005657076836 0.03727760910987854 0.0037638451904058456
v 0.02758246846497059 0.03723177686333656 0.0035000829957425594
v 0.027248984202742577 0.03719739615917206 0.0033023315481841564
v 0.02688015066087246 0.037176068872213364 0.00317983771674335
v 0.02649320848286152 0.03716879338026047 0.0031383291352540255
v 0.026106256991624832 0.03717591241002083 0.003179746912792325
v 0.02475862205028534 0.03739391267299652 0.004437153693288565
v 0.024695593863725662 0.03745958209037781 0.004815589636564255
v 0.024716608226299286 0.037526052445173264 0.005198524333536625
v 0.02573738433420658 0.037197090685367584 0.003302154364064336
v 0.025403840467333794 0.03723134100437164 0.003499827580526471
v 0.0033705183304846287 0.04118560254573822 0.02630533091723919
v -1.027781399898231e-05 0.04114796966314316 0.026092007756233215
v 0.00633609015494585 0.04164941981434822 0.028974559158086777
v 0.006845409050583839 0.041620176285505295 0.028805546462535858
v 0.007305605337023735 0.04133697971701622 0.027173418551683426
v 0.0069577437825500965 0.04126686230301857 0.02676980569958687
v 0.00524854613468051 0.041298311203718185 0.026952750980854034
v 0.0049967397935688496 0.04137945920228958 0.02742054872214794
v 0.005341367330402136 0.04159190133213997 0.028644202277064323
v 0.005801822990179062 0.04163937643170357 0.02891724556684494
v 0.005166410934180021 0.04155663773417473 0.028441205620765686
v 0.0049675642512738705 0.041471220552921295 0.02794928103685379
v 0.006470023188740015 0.04122817888855934 0.026547415181994438
v 0.006201314274221659 0.04122312739491463 0.02651858888566494
v 0.005676435772329569 0.041242778301239014 0.02663235552608967
v 0.007235633675009012 0.04155705124139786 0.028441447764635086
v 0.007362279109656811 0.04151623696088791 0.028206169605255127
v 0.007449304219335318 0.041425563395023346 0.027683643624186516
v -0.0033911385107785463 0.04118425026535988 0.026304537430405617
v -0.004632066935300827 0.04106108844280243 0.02559621073305607
v -0.022544067353010178 0.03658771887421608 -0.00015879669808782637
v -0.022153843194246292 0.03652459755539894 -0.0005228942609392107
v -0.02202719822525978 0.03648378327488899 -0.0007581728277727962
v -0.021940171718597412 0.03639310598373413 -0.0012806967133656144
v -0.022083871066570282 0.036304522305727005 -0.0017909224843606353
v -0.023713039234280586 0.0362103208899498 -0.0023319858592003584
v -0.02414092980325222 0.03626585379242897 -0.0020115904044359922
v -0.024392737075686455 0.036347001791000366 -0.0015437919646501541
v -0.02442191354930401 0.03643876686692238 -0.0010150623274967074
v -0.02422306500375271 0.03652418032288551 -0.0005231368122622371
v -0.024048108607530594 0.03655944764614105 -0.0003201404761057347
v -0.022431733086705208 0.03623440861701965 -0.0021945354528725147
v -0.02291945181787014 0.036195721477270126 -0.0024169280659407377
v -0.023188162595033646 0.03619066998362541 -0.002445753663778305
v 0.013246175833046436 0.03585254028439522 -0.019928012043237686
v 0.0128592224791646 0.03585965931415558 -0.019886592403054237
v 0.012490350753068924 0.035880837589502335 -0.019764184951782227
v 0.012156807817518711 0.03591508790850639 -0.01956651359796524
v 0.011874189600348473 0.03596080467104912 -0.019302817061543465
v 0.011655710637569427 0.03601585328578949 -0.018985427916049957
v 0.011511588469147682 0.03607765585184097 -0.01862918771803379
v 0.011448560282588005 0.03614332899451256 -0.018250752240419388
v 0.011469575576484203 0.036209795624017715 -0.017867816612124443
v 0.011573649011552334 0.03627395257353783 -0.017498286440968513
v 0.01175591442734003 0.03633279725909233 -0.017159443348646164
v 0.012007852084934711 0.036383576691150665 -0.016867127269506454
v 0.012317678891122341 0.03642392158508301 -0.01663501188158989
v 0.012670908123254776 0.03645193949341774 -0.01647394523024559
v 0.01305102463811636 0.0364663228392601 -0.016391459852457047
v 0.013440253213047981 0.03646640107035637 -0.016391413286328316
v 0.013820393942296505 0.036452170461416245 -0.016473811119794846
v 0.014173672534525394 0.036424290388822556 -0.01663479395210743
v 0.014483570121228695 0.03638407215476036 -0.016866838559508324
v 0.01473559532314539 0.036333393305540085 -0.017159095034003258
v 0.014917964115738869 0.03627462312579155 -0.017497895285487175
v 0.015022151172161102 0.03621050715446472 -0.017867399379611015
v 0.015043281018733978 0.03614404797554016 -0.018250329419970512
v 0.014980368316173553 0.036078352481126785 -0.018628781661391258
v 0.014836354181170464 0.03601649031043053 -0.01898505538702011
v 0.014617973007261753 0.03596135228872299 -0.019302494823932648
v 0.014335434883832932 0.035915523767471313 -0.019566258415579796
v 0.014001951552927494 0.03588113933801651 -0.01976400800049305
v 0.013633116148412228 0.035859812051057816 -0.019886502996087074
v -0.013260694220662117 0.04369637742638588 0.02529211714863777
v -0.013647646643221378 0.04370349645614624 0.02533353492617607
v -0.01401651930063963 0.043724674731492996 0.025455940514802933
v -0.014350063167512417 0.043758925050497055 0.025653615593910217
v -0.014632681384682655 0.04380464181303978 0.025917312130331993
v -0.014851158484816551 0.04385969042778015 0.02623469941318035
v -0.014995281584560871 0.043921492993831635 0.026590941473841667
v -0.015058308839797974 0.04398716613650322 0.02696937695145607
v -0.015037295408546925 0.04405363276600838 0.027352312579751015
v -0.01493322104215622 0.04411778971552849 0.027721842750906944
v -0.014750954695045948 0.04417663440108299 0.028060685843229294
v -0.014499017968773842 0.04422741383314133 0.028353000059723854
v -0.014189191162586212 0.04426775872707367 0.028585117310285568
v -0.013835961930453777 0.0442957766354084 0.028746183961629868
v -0.013455846346914768 0.04431015998125076 0.02882866933941841
v -0.013066617771983147 0.04431023821234703 0.028828715905547142
v -0.012686476111412048 0.044296007603406906 0.028746318072080612
v -0.012333197519183159 0.04426812753081322 0.028585335239768028
v -0.012023299932479858 0.04422790929675102 0.028353290632367134
v -0.01177127379924059 0.044177230447530746 0.0280610341578722
v -0.01158890500664711 0.04411846026778221 0.027722233906388283
v -0.011484719812870026 0.04405434429645538 0.027352729812264442
v -0.011463588103652 0.04398788511753082 0.026969799771904945
v -0.011526501737535 0.04392218962311745 0.0265913475304842
v -0.01167051587253809 0.04386032745242119 0.026235073804855347
v -0.011888897977769375 0.043805189430713654 0.02591763436794281
v -0.012171436101198196 0.043759360909461975 0.025653870776295662
v -0.01250491850078106 0.04372497648000717 0.02545611932873726
v -0.012873752973973751 0.04370364919304848 0.025333624333143234
v 0.026492739096283913 0.03977975994348526 0.0026851589791476727
v 0.026105787605047226 0.03978687897324562 0.002726576756685972
v 0.025736914947628975 0.03980805724859238 0.0028489839751273394
v 0.025403371080756187 0.039842307567596436 0.0030466571915894747
v 0.025120751932263374 0.03988802433013916 0.003310353495180607
v 0.024902276694774628 0.03994307294487953 0.0036277424078434706
v 0.024758152663707733 0.040004875510931015 0.003983983304351568
v 0.024695126339793205 0.0400705486536026 0.004362419247627258
v 0.02471613883972168 0.04013701528310776 0.004745354410260916
v 0.02482021227478981 0.04020117223262787 0.005114883184432983
v 0.025002479553222656 0.04026001691818237 0.00545372674241662
v 0.025254417210817337 0.04031079635024071 0.005746041890233755
v 0.025564244017004967 0.04035113751888275 0.005978159606456757
v 0.025917474180459976 0.04037915915250778 0.006139226257801056
v 0.026297587901353836 0.04039354249835014 0.006221710704267025
v 0.026686817407608032 0.04039362072944641 0.006221756339073181
v 0.02706695906817913 0.04037938639521599 0.006139360833913088
v 0.02742023766040802 0.0403515100479126 0.005978377070277929
v 0.02773013524711132 0.0403112918138504 0.005746331997215748
v 0.027982160449028015 0.04026061296463013 0.005454075988382101
v 0.02816452831029892 0.04020183905959129 0.005115274805575609
v 0.028268713504076004 0.040137726813554764 0.004745770711451769
v 0.02828984707593918 0.0400712676346302 0.004362840671092272
v 0.028226932510733604 0.04000556841492653 0.003984390292316675
v 0.028082918375730515 0.03994370624423027 0.0036281151697039604
v 0.02786453627049923 0.039888571947813034 0.003310675034299493
v 0.027581999078392982 0.039842743426561356 0.003046912606805563
v 0.02724851481616497 0.03980835899710655 0.00284916115924716
v 0.026879681274294853 0.03978703171014786 0.0027266673278063536
v -0.0007591175963170826 0.035271055996418 -0.02326376922428608
v -0.0003411946527194232 0.03265563026070595 -0.02294604294002056
v -0.0003902454045601189 0.035249873995780945 -0.02338617667555809
v -9.318688535131514e-05 0.032653309404850006 -0.022975867614150047
v -3.292303517810069e-06 0.035242754966020584 -0.02342759445309639
v 0.0002618043217808008 0.03265473246574402 -0.022958513349294662
v 0.00038364820647984743 0.03525003045797348 -0.023386085405945778
v 0.0005059967515990138 0.03265940025448799 -0.022904623299837112
v 0.0007524831453338265 0.035271357744932175 -0.023263592272996902
v -0.0013752789236605167 0.03535102307796478 -0.02280239947140217
v -0.0010926607064902782 0.03530530259013176 -0.023066096007823944
v -0.0009070252417586744 0.03267776966094971 -0.02273533307015896
v -0.0006824017618782818 0.03266502171754837 -0.02284509688615799
v 0.0008361053187400103 0.03267364948987961 -0.022770987823605537
v 0.001046986784785986 0.03269112482666969 -0.022641628980636597
v 0.0010859662434086204 0.03530573844909668 -0.0230658408254385
v 0.001368504366837442 0.03535157069563866 -0.02280207723379135
v 0.0015868861228227615 0.03540670499205589 -0.022484637796878815
v 0.0017309003742411733 0.03546856716275215 -0.022128364071249962
v 0.0017938129603862762 0.035534266382455826 -0.021749911829829216
v 0.0017726824153214693 0.035600725561380386 -0.02136698178946972
v 0.0016684966394677758 0.035664837807416916 -0.020997479557991028
v 0.0014861272647976875 0.03572360798716545 -0.02065867744386196
v 0.0012341015972197056 0.035774290561676025 -0.020366420969367027
v 0.0009242043015547097 0.03581450879573822 -0.020134376361966133
v 0.0005709256511181593 0.03584238514304161 -0.0199733916670084
v 0.00019078461627941579 0.035856619477272034 -0.01989099569618702
v -0.00019844384223688394 0.035856541246175766 -0.01989104226231575
v -0.0005785598186776042 0.035842154175043106 -0.019973527640104294
v -0.0009317895164713264 0.035814136266708374 -0.020134594291448593
v -0.001241616322658956 0.03577379509806633 -0.020366711542010307
v -0.001493553165346384 0.0357230119407177 -0.020659025758504868
v -0.0016758195124566555 0.03566417098045349 -0.020997870713472366
v -0.0017798930639401078 0.03560001403093338 -0.021367399021983147
v -0.0018009071936830878 0.03553354740142822 -0.021750332787632942
v -0.0017378797056153417 0.03546787425875664 -0.022128770127892494
v -0.0015937571879476309 0.035406067967414856 -0.02248501032590866
v -0.026507258415222168 0.03976915776729584 0.0026789465919137
v -0.026894211769104004 0.0397762767970562 0.0027203643694519997
v -0.027263082563877106 0.039797455072402954 0.002842771587893367
v -0.027596626430749893 0.03983170539140701 0.0030404450371861458
v -0.027879245579242706 0.03987742215394974 0.0033041411079466343
v -0.02809772454202175 0.03993247076869011 0.003621530020609498
v -0.028241846710443497 0.03999427706003189 0.003977770917117596
v -0.028304874897003174 0.04005994647741318 0.004356206860393286
v -0.0282838586717844 0.04012641683220863 0.004739142023026943
v -0.02817978523671627 0.040190570056438446 0.005108670797199011
v -0.027997519820928574 0.04024941474199295 0.005447514355182648
v -0.027745582163333893 0.040300194174051285 0.0057398295029997826
v -0.027435755357146263 0.04034053906798363 0.005971947219222784
v -0.027082527056336403 0.04036855697631836 0.006133013870567083
v -0.026702409610152245 0.04038294032216072 0.0062154983170330524
v -0.02631318010389805 0.04038301855325699 0.006215543951839209
v -0.02593304216861725 0.040368787944316864 0.006133148446679115
v -0.02557976171374321 0.040340907871723175 0.005972164683043957
v -0.02526986598968506 0.04030068963766098 0.005740119609981775
v -0.025017838925123215 0.040250010788440704 0.0054478636011481285
v -0.02483546920120716 0.04019124060869217 0.005109062884002924
v -0.024731284007430077 0.04012712463736534 0.004739558324217796
v -0.0247101541608572 0.04006066545844078 0.004356628283858299
v -0.024773066863417625 0.039994969964027405 0.003978177905082703
v -0.024917080998420715 0.039933107793331146 0.0036219030153006315
v -0.02513546124100685 0.03987796977162361 0.0033044626470655203
v -0.025417998433113098 0.03983214125037193 0.0030407002195715904
v -0.02575148269534111 0.03979775682091713 0.0028429487720131874
v -0.026120318099856377 0.039776433259248734 0.0027204551734030247
v -1.1225926755287219e-05 0.044306159019470215 0.028791701421141624
v -0.00039817902143113315 0.044313278049230576 0.028833117336034775
v -0.0007670511840842664 0.04433446004986763 0.028955524787306786
v -0.0011005944106727839 0.04436870664358139 0.02915319800376892
v -0.0013832126278430223 0.044414423406124115 0.029416894540190697
v -0.0016016907757148147 0.04446947202086449 0.029734281823039055
v -0.0017458132933825254 0.04453127831220627 0.03009052388370037
v -0.0018088408978655934 0.044596947729587555 0.030468959361314774
v -0.0017878267681226134 0.04466341808438301 0.03085189498960972
v -0.0016837532166391611 0.044727571308612823 0.031221425160765648
v -0.0015014867531135678 0.04478641599416733 0.031560268253088
v -0.0012495500268414617 0.04483719915151596 0.03185258433222771
v -0.000939723162446171 0.044877540320158005 0.03208469972014427
v -0.000586493406444788 0.04490555822849274 0.03224576637148857
v -0.00020637745910789818 0.0449199452996254 0.032328251749277115
v 0.00018285098485648632 0.044920023530721664 0.032328296452760696
v 0.0005629920051433146 0.04490578919649124 0.032245904207229614
v 0.000916270655579865 0.04487791284918785 0.03208491578698158
v 0.0012261680094525218 0.04483769088983536 0.03185287490487099
v 0.001478193560615182 0.04478701204061508 0.031560614705085754
v 0.0016605629352852702 0.04472824186086655 0.031221816316246986
v 0.0017647488275542855 0.04466412588953972 0.030852312222123146
v 0.0017858792562037706 0.04459766671061516 0.0304693803191185
v 0.0017229666700586677 0.04453197121620178 0.030090929940342903
v 0.001578952418640256 0.044470109045505524 0.02973465621471405
v 0.0013605707790702581 0.04441497474908829 0.029417214915156364
v 0.0010780326556414366 0.04436914250254631 0.029153455048799515
v 0.0007445495575666428 0.044334761798381805 0.028955701738595963
v 0.00037571456050500274 0.04431343451142311 0.028833208605647087
v -0.010838886722922325 0.03984018787741661 -0.02821318618953228
v -0.010839506983757019 0.04328863322734833 -0.028811713680624962
v -0.017515402287244797 0.040366169065237045 -0.025175800547003746
v -0.01751602254807949 0.04381461441516876 -0.025774328038096428
v -0.023372933268547058 0.04112546145915985 -0.020795047283172607
v -0.023373553529381752 0.04457390308380127 -0.02139357477426529
v -0.028137465938925743 0.0420825369656086 -0.015275859273970127
v -0.028138086199760437 0.045530982315540314 -0.015874385833740234
v -0.031586114317178726 0.043192632496356964 -0.008876425214111805
v -0.03158673271536827 0.04664107412099838 -0.009474951773881912
v -0.03355753794312477 0.0444038100540638 -0.0018961152527481318
v -0.033558160066604614 0.047852255403995514 -0.0024946420453488827
v -0.0339595265686512 0.04565941542387009 0.005338529124855995
v -0.03396014869213104 0.049107857048511505 0.004740002099424601
v -0.03277327120304108 0.04690070450305939 0.012489067390561104
v -0.03277388960123062 0.050349149852991104 0.011890540830790997
v -0.030054260045289993 0.04806961491703987 0.019220994785428047
v -0.030054880306124687 0.05151806026697159 0.018622469156980515
v -0.02592969499528408 0.049111463129520416 0.0252193883061409
v -0.025930315256118774 0.05255990847945213 0.024620860815048218
v -0.020592523738741875 0.049977511167526245 0.03020363859832287
v -0.02059314399957657 0.053425952792167664 0.029605112969875336
v -0.014292419888079166 0.050627242773771286 0.03394058719277382
v -0.014293039217591286 0.054075688123703 0.03334205970168114
v -0.007324106991291046 0.05103026703000069 0.036255404353141785
v -0.0073247263208031654 0.054478708654642105 0.0356568768620491
v -1.3565108019975014e-05 0.05116772651672363 0.03703982010483742
v -1.4184676729200874e-05 0.05461616814136505 0.036441292613744736
v 0.007297214586287737 0.05103319138288498 0.03625711798667908
v 0.007296595256775618 0.0544816330075264 0.035658590495586395
v 0.014266230165958405 0.05063295364379883 0.03394393250346184
v 0.014265610836446285 0.054081398993730545 0.033345405012369156
v 0.02056746929883957 0.049985744059085846 0.030208464711904526
v 0.020566850900650024 0.053434185683727264 0.029609937220811844
v 0.02590615674853325 0.049121830612421036 0.02522546425461769
v 0.025905536487698555 0.05257027596235275 0.02462693676352501
v 0.03003254346549511 0.04808163270354271 0.01922803744673729
v 0.030031923204660416 0.051530078053474426 0.018629511818289757
v 0.0327536016702652 0.046913810074329376 0.012496748007833958
v 0.032752979546785355 0.05036225542426109 0.01189822144806385
v 0.033942028880119324 0.04567299410700798 0.005346488207578659
v 0.03394141048192978 0.0491214394569397 0.0047479611821472645
v 0.03354223817586899 0.044417232275009155 -0.001888250233605504
v 0.03354161977767944 0.047865673899650574 -0.0024867767933756113
v 0.03157293424010277 0.04320526495575905 -0.008869022130966187
v 0.03157231584191322 0.04665370658040047 -0.009467548690736294
v 0.02812623232603073 0.04209379106760025 -0.015269264578819275
v 0.028125612065196037 0.04554223641753197 -0.015867790207266808
v 0.023363376036286354 0.04113480821251869 -0.02078956924378872
v 0.02336275577545166 0.04458324983716011 -0.0213880967348814
v 0.017507176846265793 0.04037317633628845 -0.02517169527709484
v 0.0175065565854311 0.04382161796092987 -0.025770222768187523
v 0.010831584222614765 0.03984452411532402 -0.028210647404193878
v 0.010830964893102646 0.04329296573996544 -0.02880917303264141
v 0.0070136054418981075 0.040712907910346985 -0.023203447461128235
v 0.006821192800998688 0.04071122035384178 -0.023212963715195656
v 0.007175645790994167 0.04072679579257965 -0.0231236033141613
v -0.012101429514586926 0.04103274270892143 -0.021340908482670784
v -0.007267821580171585 0.040727708488702774 -0.02310338243842125
v -0.007348322309553623 0.040677260607481 -0.02339395508170128
v -0.007102004252374172 0.04072025790810585 -0.02314649149775505
v -0.006830014754086733 0.04070848971605301 -0.023214563727378845
v 0.007424700539559126 0.040650662034749985 -0.023562507703900337
v -1.3116035006532911e-05 0.05065470188856125 0.034084007143974304
v -0.0009664037497714162 0.05063704401254654 0.033983264118433
v -0.030604848638176918 0.04566599056124687 0.005372945684939623
v -0.03011726588010788 0.04580724611878395 0.0061862897127866745
v -0.029465867206454277 0.045927662402391434 0.006879398133605719
v -0.03090648166835308 0.04551030695438385 0.004476286005228758
v -0.03100847452878952 0.045347265899181366 0.003537013428285718
v -0.03090619668364525 0.045184262096881866 0.0025977648328989744
v -0.03060428984463215 0.045028701424598694 0.0017011759337037802
v 0.01737797074019909 0.04112788289785385 -0.020823271945118904
v 0.017661238089203835 0.04128456860780716 -0.019920816645026207
v 0.01549554243683815 0.040765561163425446 -0.022908860817551613
v 0.016269976273179054 0.04086235165596008 -0.02235199324786663
v -0.0018763878615573049 0.05058525875210762 0.0336858332157135
v -0.002701760735362768 0.05050169304013252 0.03320521488785744
v 0.008835031650960445 0.04081188887357712 -0.022635038942098618
v 0.009362326934933662 0.04083150625228882 -0.022522564977407455
v 0.008453466929495335 0.03999978303909302 -0.027313636615872383
v 0.00990183837711811 0.040831323713064194 -0.02252417430281639
v 0.008680194616317749 0.039944782853126526 -0.027630755677819252
v 0.010428438894450665 0.04081135243177414 -0.022639792412519455
v 0.010917605832219124 0.04077252000570297 -0.02286403253674507
v 0.008965578861534595 0.039898455142974854 -0.027897972613573074
v 0.011786333285272121 0.04070330783724785 -0.023263707756996155
v 0.009298560209572315 0.03986259549856186 -0.028104934841394424
v 0.009666236117482185 0.03983858972787857 -0.028243618085980415
v 0.029448917135596275 0.04477927088737488 0.00020189631322864443
v 0.03010031394660473 0.04489968717098236 0.0008950044866651297
v -0.02743602730333805 0.04438541457056999 -0.0020084341522306204
v -0.025938941165804863 0.04354231432080269 -0.006867552641779184
v 0.010447892360389233 0.039829377084970474 -0.02829751931130886
v 0.010054360143840313 0.0398273728787899 -0.028308654204010963
v 0.016907092183828354 0.04098498076200485 -0.02164611592888832
v 0.02866327203810215 0.044685158878564835 -0.0003395134990569204
v 0.003379286266863346 0.05039149522781372 0.03256402164697647
v 0.0026757956948131323 0.05050276592373848 0.03320584446191788
v 0.0018502767197787762 0.05058600381016731 0.03368626907467842
v 0.0009402022114954889 0.05063742771744728 0.033983487635850906
v -0.013696935959160328 0.05004123970866203 0.03056367300450802
v -0.014635900035500526 0.050007931888103485 0.03037274070084095
v -0.015512493439018726 0.049941372126340866 0.02999015524983406
v -0.016286926344037056 0.04984457790851593 0.02943328768014908
v -0.027602486312389374 0.046222664415836334 0.008577135391533375
v -0.02787364087998867 0.046142853796482086 0.008117591962218285
v -0.007433416321873665 0.04064768925309181 -0.023564249277114868
v -0.008461042307317257 0.039996400475502014 -0.027315620332956314
v -0.008687674067914486 0.03994131088256836 -0.02763279154896736
v 0.012721272185444832 0.04066715016961098 -0.023472990840673447
v 0.013679984956979752 0.04066569358110428 -0.02348237857222557
v 0.014618948101997375 0.04069900140166283 -0.023291446268558502
v 0.01774403639137745 0.04144792631268501 -0.018979711458086967
v 0.017791369929909706 0.041539840400218964 -0.018450194969773293
v 0.01795290596783161 0.04162789508700371 -0.017943020910024643
v 0.03099152259528637 0.045359667390584946 0.003544280771166086
v 0.03088953159749508 0.04519662261009216 0.0026050081942230463
v 0.030587896704673767 0.04504094272851944 0.0017083486309275031
v 0.030889246612787247 0.04552266746759415 0.00448352936655283
v 0.030587339773774147 0.04567822813987732 0.005380118265748024
v 0.03009950928390026 0.04581928998231888 0.006193348206579685
v -0.018238071352243423 0.048998937010765076 0.024563100188970566
v -0.018600473180413246 0.04893052577972412 0.024169322103261948
v -0.022624781355261803 0.04817245528101921 0.019805826246738434
v -0.02561606839299202 0.04728562757372856 0.014699404127895832
v -0.027437711134552956 0.04631054401397705 0.009083298966288567
v -0.028238553553819656 0.04607483372092247 0.007726072333753109
v -0.0286802239716053 0.04602177068591118 0.0074208080768585205
v -0.023563293740153313 0.04276058077812195 -0.011374025605618954
v -0.02038957178592682 0.04206669330596924 -0.015375166200101376
v -0.016525307670235634 0.04148416966199875 -0.018735412508249283
v -0.00897297728806734 0.039894867688417435 -0.027900075539946556
v -0.009305895306169987 0.039858873933553696 -0.028107115998864174
v -0.009673529304564 0.03983472287654877 -0.02824588492512703
v -0.011803284287452698 0.05000362545251846 0.030345002189278603
v -0.012738223187625408 0.050039783120155334 0.030554285272955894
v -0.016924044117331505 0.04972194880247116 0.02872741036117077
v -0.01739492081105709 0.04957904666662216 0.027904566377401352
v -0.017678190022706985 0.04942236468195915 0.027002111077308655
v -0.01776098646223545 0.0492590069770813 0.026061005890369415
v -0.010061632841825485 0.03982334956526756 -0.02831101045012474
v -0.010455168783664703 0.0398251935839653 -0.0282999686896801
v 0.018221119418740273 0.04170799255371094 -0.017481805756688118
v 0.018583521246910095 0.04177640378475189 -0.0170880276709795
v 0.02260782942175865 0.0425344742834568 -0.012724530883133411
v 0.025599118322134018 0.04342130571603775 -0.0076181101612746716
v 0.027420761063694954 0.04439638927578926 -0.0020020040683448315
v 0.027585534378886223 0.04448426887392998 -0.001495840959250927
v -0.028237279504537582 0.044620804488658905 -0.0006513955886475742
v -0.027872249484062195 0.04455293342471123 -0.0010428301757201552
v -0.027600955218076706 0.044473230838775635 -0.0015023095766082406
v 0.023238878697156906 0.04802633821964264 0.018916480243206024
v 0.01978754997253418 0.04874320328235626 0.02305031381547451
v 0.015590987168252468 0.04933246225118637 0.026449691504240036
v 0.010807173326611519 0.049771927297115326 0.028986647725105286
v 0.005616198293864727 0.05004505440592766 0.030565673485398293
v 0.005102462600916624 0.05007314309477806 0.030728034675121307
v 0.004636040888726711 0.05011943355202675 0.030995210632681847
v -0.030116461217403412 0.044887643307447433 0.0008879462257027626
v -0.029464852064847946 0.04476748779416084 0.00019499077461659908
v -0.02867904305458069 0.04467369243502617 -0.0003462348540779203
v 0.02785669080913067 0.044564079493284225 -0.0010362978791818023
v 0.028221601620316505 0.04463209584355354 -0.0006447777850553393
v 0.0274190753698349 0.04632151499390602 0.009089728817343712
v 0.025815049186348915 0.04720884934067726 0.014203814789652824
v 0.004238656256347895 0.05018176510930061 0.03135475888848305
v 0.003928814548999071 0.05025723949074745 0.031789932399988174
v -0.017808321863412857 0.04916709288954735 0.02553148940205574
v -0.017969857901334763 0.049079038202762604 0.02502431534230709
v 0.029447901993989944 0.04593944549560547 0.006886303424835205
v 0.028662092983722687 0.04603324085474014 0.00742752943187952
v 0.02822032943367958 0.04608612507581711 0.007732689846307039
v -0.005641361232846975 0.05004280433058739 0.030564352869987488
v -0.008851983584463596 0.049895040690898895 0.029716333374381065
v -0.009379277937114239 0.049875423312187195 0.029603859409689903
v -0.009918790310621262 0.04987560585141182 0.02960546873509884
v 0.027855299413204193 0.046153999865055084 0.008124124258756638
v 0.027584003284573555 0.04623369872570038 0.008583604358136654
v -0.0034050561953336 0.05039013922214508 0.0325632244348526
v -0.003954349551349878 0.0502556636929512 0.031789008527994156
v -0.0042640590108931065 0.050180066376924515 0.03135376051068306
v -0.01044538989663124 0.04989558085799217 0.029721086844801903
v -0.0109345568343997 0.04993441328406334 0.02994532696902752
v -0.004661334212869406 0.05011757090687752 0.030994120985269547
v -0.005127674899995327 0.050071097910404205 0.030726836994290352
v 0.010447273030877113 0.04327781870961189 -0.028896044939756393
v 0.010053740814328194 0.04327581450343132 -0.028907179832458496
v 0.009665616787970066 0.04328703507781029 -0.028842145577073097
v 0.009297939948737621 0.04331103712320328 -0.028703462332487106
v 0.008964959532022476 0.04334690049290657 -0.028496500104665756
v 0.00867957528680563 0.04339322820305824 -0.028229283168911934
v 0.00845284666866064 0.043448228389024734 -0.027912164106965065
v -0.008461661636829376 0.04344484582543373 -0.027914145961403847
v -0.008688293397426605 0.04338975250720978 -0.028231319040060043
v -0.00897359661757946 0.04334331303834915 -0.028498603031039238
v -0.009306514635682106 0.043307315558195114 -0.028705641627311707
v -0.009674148634076118 0.043283164501190186 -0.02884441241621971
v -0.01006225310266018 0.04327179118990898 -0.028909537941217422
v -0.010455789044499397 0.04327363893389702 -0.02889849618077278
v -0.007434027269482613 0.044096093624830246 -0.024162737652659416
v 0.007424067705869675 0.04409906268119812 -0.02416101098060608
v -0.0035084676928818226 0.04393947497010231 -0.025069428607821465
v -0.0030199983157217503 0.04382013902068138 -0.025757506489753723
v -0.00239467341452837 0.04372122883796692 -0.026328016072511673
v -0.0016608786536380649 0.04364724084734917 -0.026755061000585556
v -0.0008519236580468714 0.04360153153538704 -0.027019254863262177
v -4.529606485448312e-06 0.04358617588877678 -0.027108605951070786
v 0.0008428372675552964 0.0436018705368042 -0.02701905556023121
v 0.0016517119947820902 0.04364790394902229 -0.026754673570394516
v 0.002385376952588558 0.043722186237573624 -0.026327455416321754
v 0.0030105283949524164 0.043821342289447784 -0.025756798684597015
v 0.0034987886901944876 0.04394087567925453 -0.025068607181310654
v -0.02998994290828705 -0.03690047934651375 -0.014218860305845737
v -0.02999061718583107 -0.02818874455988407 -0.02332877740263939
v -0.029990488663315773 -0.02864646166563034 -0.023651110008358955
v -0.029990974813699722 -0.02655971050262451 -0.02305794507265091
v -0.029990866780281067 -0.027118535712361336 -0.02302457205951214
v -0.029990745708346367 -0.027670778334140778 -0.02311638370156288
v -0.029989708214998245 -0.029963424429297447 -0.02804940938949585
v -0.029989637434482574 -0.029996801167726517 -0.028608236461877823
v -0.029987482354044914 -0.03971193730831146 -0.030417218804359436
v -0.029989590868353844 -0.029904989525675774 -0.029160480946302414
v -0.02998957224190235 -0.029692592099308968 -0.02967844530940056
v -0.029990363866090775 -0.02902097813785076 -0.02406720630824566
v -0.02999025210738182 -0.029293512925505638 -0.02455621026456356
v -0.02999015711247921 -0.02945040352642536 -0.025093602016568184
v -0.029989583417773247 -0.0293702632188797 -0.030136162415146828
v -0.02998962253332138 -0.028954163193702698 -0.03051067888736725
v -0.029989687725901604 -0.028465159237384796 -0.030783213675022125
v -0.02999180555343628 -0.021570244804024696 -0.024477513507008553
v -0.029991766437888145 -0.0219863448292017 -0.02410299889743328
v -0.029999148100614548 0.014333544299006462 -0.023111257702112198
v -0.029991701245307922 -0.02247535064816475 -0.023830464109778404
v -0.02999161183834076 -0.023012738674879074 -0.02367357350885868
v -0.02999064326286316 -0.02326972968876362 -0.0314972922205925
v -0.029990771785378456 -0.022751763463020325 -0.03128489851951599
v -0.029996685683727264 0.011522087268531322 -0.03930961713194847
v -0.029990902170538902 -0.022294048219919205 -0.030962567776441574
v -0.02999102510511875 -0.021919529885053635 -0.03054647147655487
v -0.02999175153672695 -0.02094370871782303 -0.026005439460277557
v -0.029991798102855682 -0.02103552035987377 -0.025453196838498116
v -0.029991816729307175 -0.021247917786240578 -0.02493523247539997
v -0.029989777132868767 -0.02792777121067047 -0.03094010427594185
v -0.029990414157509804 -0.024380799382925034 -0.03155573084950447
v -0.02999052219092846 -0.02382197417318821 -0.03158910572528839
v -0.029991136863827705 -0.021646995097398758 -0.03005746379494667
v -0.029991231858730316 -0.021490106359124184 -0.029520075768232346
v -0.02999168075621128 -0.02097708359360695 -0.02656426839530468
v -0.02839563973248005 0.010325354523956776 -0.04620631784200668
v -0.02838643454015255 -0.04090867191553116 -0.03731391951441765
v -0.028686434030532837 -0.040908731520175934 -0.037313953042030334
v 0.028713563457131386 -0.040897250175476074 -0.03730722516775131
v 0.0284135639667511 -0.04089730978012085 -0.0373072624206543
v 0.028704358264803886 0.010336775332689285 -0.04619962349534035
v 0.0284043587744236 0.010336714796721935 -0.04619965702295303
v 0.028699951246380806 0.010823328047990799 -0.04628407210111618
v -0.01592487096786499 0.03428341820836067 -0.050362683832645416
v -0.015662062913179398 0.034436989575624466 -0.05038930103182793
v -0.014199993573129177 0.03456101939082146 -0.05041060596704483
v 0.02628488838672638 0.02169390767812729 -0.048171184957027435
v 0.027095042169094086 0.01966562308371067 -0.047819022089242935
v 0.025947006419301033 0.021717390045523643 -0.04817530885338783
v 0.02719961665570736 0.019365578889846802 -0.04776693135499954
v 0.027782704681158066 0.016154302284121513 -0.0472094789147377
v 0.027745237573981285 0.017578398808836937 -0.04745665565133095
v 0.02823014184832573 0.01544787734746933 -0.04708680137991905
v 0.025358079001307487 0.02358170412480831 -0.0484989769756794
v 0.02297748625278473 0.026782836765050888 -0.04905494302511215
v 0.023893635720014572 0.026129942387342453 -0.0489414818584919
v 0.019003933295607567 0.03112925961613655 -0.049809928983449936
v 0.014200005680322647 0.03456670045852661 -0.050407275557518005
v 0.015708541497588158 0.03441649302840233 -0.050380975008010864
v 0.028324918821454048 0.014911520294845104 -0.046993691474199295
v 0.02853594534099102 0.013387124985456467 -0.04672908037900925
v 0.028687050566077232 0.011309717781841755 -0.046368494629859924
v 0.017473163083195686 0.03328344225883484 -0.05018405243754387
v 0.01814975030720234 0.03277991712093353 -0.050096552819013596
v 0.020341981202363968 0.03080485761165619 -0.04975342005491257
v -0.025942375883460045 0.02170701138675213 -0.04818139225244522
v -0.026288829743862152 0.021666303277015686 -0.048174381256103516
v -0.02576320432126522 0.022782031446695328 -0.048367951065301895
v 0.020620480179786682 0.030510956421494484 -0.049702368676662445
v 0.022250721231102943 0.02855742536485195 -0.04936305806040764
v 0.023627258837223053 0.02655528299510479 -0.0490153469145298
v 0.008775660768151283 0.0369449257850647 -0.05082087591290474
v 0.010274291969835758 0.03680291771888733 -0.05079599842429161
v 0.013094278983771801 0.03573041036725044 -0.050609420984983444
v -0.018138641491532326 0.032780785113573074 -0.050102218985557556
v -0.019002685323357582 0.03112165816128254 -0.049814384430646896
v -0.019318895414471626 0.03178863227367401 -0.04993019625544548
v -0.02297467552125454 0.026773644611239433 -0.04906032979488373
v -0.022260470315814018 0.028532614931464195 -0.049365513026714325
v -0.020336374640464783 0.030801154673099518 -0.04975895956158638
v -0.02556178905069828 0.02317836694419384 -0.04843670874834061
v -0.025354119017720222 0.0235715601593256 -0.04850492253899574
v -0.02387983538210392 0.026137836277484894 -0.048950113356113434
v 0.0018856824608519673 0.03854755684733391 -0.05110008269548416
v 0.003741347463801503 0.03836759924888611 -0.051068566739559174
v 0.002967968350276351 0.03815999999642372 -0.0510326512157917
v 0.005625608842819929 0.03806043416261673 -0.051014967262744904
v 0.007419491186738014 0.03764767199754715 -0.050943054258823395
v -0.010270857252180576 0.03680014982819557 -0.05079863965511322
v -0.00877650361508131 0.036941416561603546 -0.05082293227314949
v -0.011142352595925331 0.03649832680821419 -0.05074638873338699
v -0.013028576970100403 0.035753898322582245 -0.05061746761202812
v -7.205614451777365e-07 0.03860827535390854 -0.05111090838909149
v -0.0029692482203245163 0.03815881162881851 -0.051033347845077515
v -0.0018758676014840603 0.03854753077030182 -0.05110064893960953
v -0.007420586422085762 0.037644702941179276 -0.05094479024410248
v -0.005593733862042427 0.03806469962000847 -0.051017411053180695
v -0.003742701606824994 0.03836610168218613 -0.05106944218277931
v -0.02809080109000206 0.01609792932868004 -0.04720818251371384
v -0.027926359325647354 0.016826661303639412 -0.047334637492895126
v -0.027776075527071953 0.0161431897431612 -0.04721599072217941
v -0.02733268029987812 0.01893952675163746 -0.047701265662908554
v -0.02662007510662079 0.02088932693004608 -0.048039574176073074
v -0.028695639222860336 0.010325294919312 -0.04620635136961937
v -0.028610583394765854 0.012506856583058834 -0.04658497869968414
v -0.028354108333587646 0.01467511709779501 -0.04696127399802208
v 0.03000331111252308 0.011534088291227818 -0.039302583783864975
v 0.030000848695635796 0.014345544390380383 -0.023104224354028702
v 0.03001251630485058 -0.03969993814826012 -0.03041018545627594
v 0.030010053887963295 -0.0368884801864624 -0.014211826957762241
v 0.01099028903990984 0.04370458796620369 -0.029361609369516373
v 0.010510674677789211 0.043685656040906906 -0.029470199719071388
v 0.010018759407103062 0.04368314892053604 -0.029484115540981293
v 0.009533604606986046 0.04369717463850975 -0.029402822256088257
v 0.009074008092284203 0.04372717812657356 -0.02922946773469448
v 0.008657781407237053 0.043772004544734955 -0.028970766812562943
v 0.008301052264869213 0.043829914182424545 -0.028636746108531952
v 0.007985608652234077 0.04390864446759224 -0.02818281762301922
v -0.010998866520822048 0.043700188398361206 -0.02936418540775776
v -0.017773564904928207 0.044233907014131546 -0.026282131671905518
v -0.023717237636446953 0.04500436410307884 -0.021836956962943077
v -0.02855183556675911 0.045975517481565475 -0.016236603260040283
v -0.032051194459199905 0.047101933509111404 -0.009743059985339642
v -0.03405161574482918 0.04833092540502548 -0.0026600982528179884
v -0.034459520131349564 0.04960499331355095 0.004680937621742487
v -0.03325581178069115 0.05086454004049301 0.011936631053686142
v -0.03049681894481182 0.0520506389439106 0.01876755803823471
v -0.02631159871816635 0.05310780927538872 0.024854162707924843
v -0.020895937457680702 0.05398659035563469 0.029911713674664497
v -0.014503185637295246 0.054645877331495285 0.03370361402630806
v -0.0074323974549770355 0.05505482852458954 0.03605247661471367
v -1.4348031982081011e-05 0.05519430711865425 0.03684841841459274
v 0.007403943222016096 0.055057793855667114 0.03605421632528305
v 0.014475444331765175 0.05465167388319969 0.03370700776576996
v 0.02086934819817543 0.05399494618177414 0.029916608706116676
v 0.026286546140909195 0.053118329495191574 0.024860328063368797
v 0.03047361597418785 0.052062831819057465 0.01877470500767231
v 0.03323468565940857 0.05087783560156822 0.011944425292313099
v 0.03444059565663338 0.04961877316236496 0.004689014051109552
v 0.03403492271900177 0.04834454134106636 -0.0026521175168454647
v 0.03203665465116501 0.04711475223302841 -0.009735547937452793
v 0.028539268299937248 0.04598693549633026 -0.016229910776019096
v 0.02370637282729149 0.045013848692178726 -0.021831398829817772
v 0.017764050513505936 0.04424101486802101 -0.026277966797351837
v -0.007994543761014938 0.04390544816851616 -0.028184691444039345
v -0.008309849537909031 0.04382659122347832 -0.028638692572712898
v -0.008666477166116238 0.043768540024757385 -0.028972797095775604
v -0.00908262562006712 0.04372354596853256 -0.029231594875454903
v -0.00954216904938221 0.04369335621595383 -0.029405057430267334
v -0.010027299635112286 0.043679140508174896 -0.029486466199159622
v -0.010519218631088734 0.043681446462869644 -0.02947266399860382
v -0.028312552720308304 0.022461488842964172 -0.03428246080875397
v -0.02781009115278721 0.023368973284959793 -0.03684192895889282
v -0.028329558670520782 0.021243561059236526 -0.04099666327238083
v -0.026946397498250008 0.024725841358304024 -0.040341466665267944
v -0.026504013687372208 0.025368066504597664 -0.0417117178440094
v -0.028702624142169952 0.021622488275170326 -0.03214067593216896
v -0.02857244573533535 0.020526599138975143 -0.04087226092815399
v -0.028972167521715164 0.020940741524100304 -0.030564894899725914
v -0.02963646501302719 0.016094088554382324 -0.04010309651494026
v -0.02938896231353283 0.019608667120337486 -0.027935346588492393
v -0.029985330998897552 0.015219254419207573 -0.023360706865787506
v -0.029943304136395454 0.01607615314424038 -0.02379605546593666
v -0.02984398417174816 0.01716320402920246 -0.024649668484926224
v -0.029624762013554573 0.018576983362436295 -0.026308920234441757
v 0.026509709656238556 -0.029375074431300163 -0.02408313937485218
v 0.026509637013077736 -0.030069729313254356 -0.02228790707886219
v 0.02615494094789028 -0.030076395720243454 -0.02232595533132553
v 0.02551114931702614 -0.03012746386229992 -0.022619513794779778
v 0.02525215782225132 -0.030169473960995674 -0.02286129631102085
v 0.025816844776272774 -0.030095946043729782 -0.02243823930621147
v 0.024919962510466576 -0.030276723206043243 -0.02347886748611927
v 0.024862291291356087 -0.03033694438636303 -0.02382577955722809
v 0.02505197562277317 -0.030220014974474907 -0.02315228059887886
v 0.02497716434299946 -0.03045663610100746 -0.024515511468052864
v 0.025144336745142937 -0.03051050938665867 -0.02482607774436474
v 0.02488166093826294 -0.030397865921258926 -0.02417679689824581
v 0.025659432634711266 -0.030593834817409515 -0.025306688621640205
v 0.02598327212035656 -0.030619388446211815 -0.025454256683588028
v 0.025375360623002052 -0.030556965619325638 -0.025093980133533478
v 0.026688527315855026 -0.030632363632321358 -0.02552974410355091
v 0.027036966755986214 -0.030619177967309952 -0.02545413188636303
v 0.026331733912229538 -0.03063243441283703 -0.025529785081744194
v 0.027644768357276917 -0.030556512996554375 -0.025093713775277138
v 0.027875710278749466 -0.030509963631629944 -0.02482575736939907
v 0.027360761538147926 -0.030593493953347206 -0.025306489318609238
v 0.028138188645243645 -0.030397213995456696 -0.02417641691863537
v 0.02815745212137699 -0.0303362850099802 -0.023825393989682198
v 0.028042787685990334 -0.030456023290753365 -0.024515151977539062
v 0.02796756476163864 -0.030219431966543198 -0.023151937872171402
v 0.02776729315519333 -0.030168971046805382 -0.022861000150442123
v 0.028099674731492996 -0.030276086181402206 -0.023478494957089424
v 0.027202477678656578 -0.030095668509602547 -0.02243807725608349
v 0.026864344254136086 -0.030076254159212112 -0.022325871512293816
v 0.027508225291967392 -0.030127063393592834 -0.022619279101490974
v 0.02651100605726242 -0.037680938839912415 -0.020966872572898865
v 0.026156309992074966 -0.03768760338425636 -0.021004920825362206
v 0.02581821195781231 -0.03770715370774269 -0.021117206662893295
v 0.025512518361210823 -0.03773867338895798 -0.021298479288816452
v 0.025253525003790855 -0.03778068348765373 -0.021540261805057526
v 0.025053342804312706 -0.037831224501132965 -0.021831246092915535
v 0.02492132969200611 -0.03788793087005615 -0.022157832980155945
v 0.024863658472895622 -0.03794815391302109 -0.022504745051264763
v 0.024883029982447624 -0.038009073585271835 -0.022855764254927635
v 0.024978531524538994 -0.03806784376502037 -0.02319447696208954
v 0.02514570578932762 -0.03812171891331673 -0.023505045101046562
v 0.025376727804541588 -0.03816817328333855 -0.023772945627570152
v 0.0256607998162508 -0.038205042481422424 -0.02398565411567688
v 0.025984639301896095 -0.03823059797286987 -0.024133222177624702
v 0.026333101093769073 -0.03824364393949509 -0.02420875057578087
v 0.026689894497394562 -0.038243573158979416 -0.024208709597587585
v 0.02703833393752575 -0.03823038563132286 -0.024133099243044853
v 0.027362128719687462 -0.038204703480005264 -0.023985454812645912
v 0.027646135538816452 -0.03816772252321243 -0.02377268113195896
v 0.02787707932293415 -0.03812117129564285 -0.023504724726080894
v 0.02804415486752987 -0.03806723281741142 -0.023194117471575737
v 0.02813955768942833 -0.038008421659469604 -0.022855382412672043
v 0.028158819302916527 -0.03794749453663826 -0.022504359483718872
v 0.02810104377567768 -0.037887293845415115 -0.0221574604511261
v 0.027968931943178177 -0.03783063963055611 -0.021830905228853226
v 0.027768660336732864 -0.03778018057346344 -0.021539967507123947
v 0.027509594336152077 -0.03773827105760574 -0.02129824459552765
v 0.027203844860196114 -0.037706878036260605 -0.021117042750120163
v 0.02686571329832077 -0.03768746182322502 -0.02100483886897564
v 0.024511270225048065 -0.038278728723526 -0.022216131910681725
v 0.024498816579580307 -0.03832066059112549 -0.0225308109074831
v 0.024511365219950676 -0.03838722035288811 -0.022841215133666992
v 0.024513043463230133 -0.038388997316360474 -0.022851455956697464
v 0.02463025227189064 -0.03846112638711929 -0.023267149925231934
v 0.02483541890978813 -0.038527242839336395 -0.023648297414183617
v 0.02511894702911377 -0.038584258407354355 -0.023977085947990417
v 0.025467582046985626 -0.03862950578331947 -0.024238137528300285
v 0.025865020230412483 -0.038660869002342224 -0.02441924437880516
v 0.026292679831385612 -0.03867688030004501 -0.02451194077730179
v 0.02673056162893772 -0.03867679089307785 -0.02451189048588276
v 0.027158191427588463 -0.03866060823202133 -0.024419091641902924
v 0.027555575594305992 -0.038629088550806046 -0.024237891659140587
v 0.027904130518436432 -0.038583703339099884 -0.023976759985089302
v 0.02818755991756916 -0.03852657228708267 -0.02364790439605713
v 0.02839260920882225 -0.038460373878479004 -0.023266708478331566
v 0.02850969135761261 -0.0383882001042366 -0.022850986570119858
v 0.02853333204984665 -0.03831342235207558 -0.022420184686779976
v 0.028462426736950874 -0.03823954239487648 -0.021994445472955704
v 0.028300289064645767 -0.03817001357674599 -0.021593675017356873
v 0.028054499998688698 -0.038108084350824356 -0.021236611530184746
v 0.02773655578494072 -0.03805665299296379 -0.020939955487847328
v 0.027361318469047546 -0.0380181223154068 -0.020717572420835495
v 0.026946337893605232 -0.03799429535865784 -0.020579861477017403
v 0.026511015370488167 -0.037986285984516144 -0.02053326554596424
v 0.026075707748532295 -0.037994466722011566 -0.02057996392250061
v 0.025660768151283264 -0.03801846131682396 -0.020717771723866463
v 0.025285599753260612 -0.03805714100599289 -0.02094024233520031
v 0.024967743083834648 -0.0381086990237236 -0.021236972883343697
v 0.024722065776586533 -0.03817072883248329 -0.02159409411251545
v 0.024560049176216125 -0.03824032470583916 -0.021994903683662415
v -0.026490287855267525 -0.029385674744844437 -0.024089353159070015
v -0.026490360498428345 -0.03008032962679863 -0.022294119000434875
v -0.0268450565636158 -0.030086996033787727 -0.022332167252898216
v -0.027488848194479942 -0.030138064175844193 -0.022625725716352463
v -0.02774784155189991 -0.030180074274539948 -0.022867508232593536
v -0.027183154597878456 -0.030106546357274055 -0.022444453090429306
v -0.028080036863684654 -0.030287323519587517 -0.023485079407691956
v -0.028137706220149994 -0.030347544699907303 -0.023831991478800774
v -0.02794802375137806 -0.03023061528801918 -0.023158492520451546
v -0.028022833168506622 -0.030467236414551735 -0.02452172338962555
v -0.027855662629008293 -0.030521109700202942 -0.024832289665937424
v -0.02811833843588829 -0.0304084662348032 -0.024183010682463646
v -0.027340566739439964 -0.03060443513095379 -0.02531290054321289
v -0.02701672725379467 -0.030629988759756088 -0.025460468605160713
v -0.027624638751149178 -0.03056756779551506 -0.025100192055106163
v -0.026311470195651054 -0.03064296394586563 -0.025535956025123596
v -0.025963032618165016 -0.030629778280854225 -0.025460345670580864
v -0.026668263599276543 -0.030643034726381302 -0.02553599700331688
v -0.025355231016874313 -0.030567113310098648 -0.025099927559494972
v -0.025124289095401764 -0.030520563945174217 -0.024831971153616905
v -0.025639237836003304 -0.03060409426689148 -0.025312701240181923
v -0.024861810728907585 -0.03040781430900097 -0.024182628840208054
v -0.02484254539012909 -0.030346885323524475 -0.023831605911254883
v -0.024957209825515747 -0.030466623604297638 -0.024521363899111748
v -0.02503243461251259 -0.03023003228008747 -0.023158151656389236
v -0.0252327062189579 -0.030179571360349655 -0.022867213934659958
v -0.024900322780013084 -0.03028668649494648 -0.02348470687866211
v -0.025797521695494652 -0.03010626882314682 -0.022444289177656174
v -0.026135653257369995 -0.030086854472756386 -0.02233208529651165
v -0.02549177221953869 -0.030137663707137108 -0.02262549102306366
v -0.02648899331688881 -0.03769153729081154 -0.02097308449447155
v -0.026843689382076263 -0.037698205560445786 -0.02101113274693489
v -0.02718178555369377 -0.037717755883932114 -0.02112341858446598
v -0.027487481012940407 -0.0377492718398571 -0.021304691210389137
v -0.027746474370360374 -0.037791281938552856 -0.02154647372663021
v -0.027946656569838524 -0.03784182295203209 -0.02183745801448822
v -0.02807866968214512 -0.037898533046245575 -0.02216404490172863
v -0.02813633903861046 -0.03795875236392021 -0.022510958835482597
v -0.028116971254348755 -0.03801967576146126 -0.02286197617650032
v -0.028021465986967087 -0.03807844594120979 -0.023200688883662224
v -0.027854295447468758 -0.03813231736421585 -0.023511257022619247
v -0.027623271569609642 -0.03817877545952797 -0.023779159411787987
v -0.02733919769525528 -0.03821564465761185 -0.023991866037249565
v -0.027015358209609985 -0.038241196423769 -0.024139434099197388
v -0.026666896417737007 -0.03825424239039421 -0.024214964359998703
v -0.02631010301411152 -0.03825417160987854 -0.02421492151916027
v -0.02596166357398033 -0.03824098780751228 -0.02413931116461754
v -0.025637870654463768 -0.03821530193090439 -0.023991666734218597
v -0.025353863835334778 -0.03817832097411156 -0.023778893053531647
v -0.02512292191386223 -0.038131773471832275 -0.02351093664765358
v -0.02495584264397621 -0.03807783126831055 -0.023200329393148422
v -0.02486044354736805 -0.03801902383565903 -0.022861594334244728
v -0.024841178208589554 -0.037958092987537384 -0.022510571405291557
v -0.02489895559847355 -0.03789789602160454 -0.022163672372698784
v -0.025031067430973053 -0.03784124180674553 -0.02183711715042591
v -0.025231339037418365 -0.037790779024362564 -0.021546179428696632
v -0.025490405037999153 -0.037748873233795166 -0.021304458379745483
v -0.025796152651309967 -0.03771747648715973 -0.021123256534337997
v -0.02613428607583046 -0.037698063999414444 -0.021011050790548325
v -0.024488631635904312 -0.03839702159166336 -0.02284695953130722
v -0.024476181715726852 -0.03833045810461044 -0.02253655157983303
v -0.024488726630806923 -0.038288529962301254 -0.022221876308321953
v -0.024537572637200356 -0.0382501445710659 -0.022000659257173538
v -0.024699710309505463 -0.03818061202764511 -0.021599886938929558
v -0.024945497512817383 -0.03811868280172348 -0.02124282345175743
v -0.02526344358921051 -0.038067251443862915 -0.020946167409420013
v -0.025638679042458534 -0.03802872076630592 -0.02072378434240818
v -0.02605365961790085 -0.03800489380955696 -0.020586075261235237
v -0.026488982141017914 -0.03799688443541527 -0.020539477467536926
v -0.026924289762973785 -0.03800506889820099 -0.020586175844073296
v -0.027339229360222816 -0.03802906349301338 -0.020723983645439148
v -0.027714399620890617 -0.03806774318218231 -0.020946454256772995
v -0.028032254427671432 -0.038119301199913025 -0.02124318666756153
v -0.028277933597564697 -0.038181327283382416 -0.021600306034088135
v -0.028439950197935104 -0.03825092315673828 -0.0220011156052351
v -0.028510725125670433 -0.038324832916259766 -0.022426869720220566
v -0.028486954048275948 -0.038399599492549896 -0.02285766787827015
v -0.02836974523961544 -0.038471728563308716 -0.02327336184680462
v -0.028164580464363098 -0.03853784501552582 -0.02365451119840145
v -0.02788105048239231 -0.03859486058354378 -0.023983299732208252
v -0.027532417327165604 -0.038640107959508896 -0.02424434944987297
v -0.027134977281093597 -0.03867146745324135 -0.024425456300377846
v -0.026707319542765617 -0.038687482476234436 -0.024518154561519623
v -0.02626943774521351 -0.03868739306926727 -0.024518102407455444
v -0.025841806083917618 -0.038671210408210754 -0.02442530356347561
v -0.025444423779845238 -0.03863968700170517 -0.02424410544335842
v -0.02509586699306965 -0.03859430178999901 -0.023982971906661987
v -0.02481243945658207 -0.038537174463272095 -0.023654118180274963
v -0.02460738830268383 -0.038470976054668427 -0.02327292039990425
v -0.02449030615389347 -0.03839879855513573 -0.022857200354337692
v -0.032996274530887604 -0.022546671330928802 0.015320672653615475
v -0.03299634903669357 -0.023241324350237846 0.01711590774357319
v -0.03335104137659073 -0.023247992619872093 0.017077859491109848
v -0.03399483487010002 -0.02329905889928341 0.0167843010276556
v -0.03425382822751999 -0.023341070860624313 0.016542518511414528
v -0.033689144998788834 -0.023267541080713272 0.01696557179093361
v -0.03458602353930473 -0.023448318243026733 0.01592494547367096
v -0.03464369475841522 -0.02350854128599167 0.015578033402562141
v -0.03445401042699814 -0.023391611874103546 0.01625153236091137
v -0.03452882170677185 -0.0236282330006361 0.014888301491737366
v -0.03436164930462837 -0.023682106286287308 0.014577734284102917
v -0.03462432697415352 -0.023569460958242416 0.015227014198899269
v -0.03384655341506004 -0.023765429854393005 0.014097125269472599
v -0.03352271765470505 -0.023790985345840454 0.013949556276202202
v -0.03413062542676926 -0.023728562518954277 0.014309832826256752
v -0.03281745687127113 -0.023803960531949997 0.013874068856239319
v -0.032469019293785095 -0.023790773004293442 0.013949680142104626
v -0.03317425027489662 -0.023804031312465668 0.013874026946723461
v -0.03186121582984924 -0.023728108033537865 0.014310099184513092
v -0.031630273908376694 -0.023681560531258583 0.01457805372774601
v -0.03214522823691368 -0.023765090852975845 0.014097324572503567
v -0.031367797404527664 -0.023568810895085335 0.015227396041154861
v -0.03134853392839432 -0.02350788190960884 0.015578419901430607
v -0.031463198363780975 -0.023627620190382004 0.014888660982251167
v -0.03153841942548752 -0.023391028866171837 0.01625187322497368
v -0.03173869103193283 -0.02334056794643402 0.016542812809348106
v -0.03140630945563316 -0.023447683081030846 0.015925319865345955
v -0.03230350837111473 -0.023267265409231186 0.01696573570370674
v -0.03264164179563522 -0.02324785105884075 0.017077941447496414
v -0.03199775889515877 -0.023298660293221474 0.016784533858299255
v -0.03299498185515404 -0.030852533876895905 0.018436942249536514
v -0.03334967419505119 -0.030859200283885002 0.018398892134428024
v -0.033687774091959 -0.03087875060737133 0.018286606296896935
v -0.033993467688560486 -0.030910268425941467 0.018105333670973778
v -0.034252461045980453 -0.030952278524637222 0.017863553017377853
v -0.0344526432454586 -0.031002819538116455 0.017572565004229546
v -0.0345846563577652 -0.03105952776968479 0.017245979979634285
v -0.03464232757687569 -0.031119748950004578 0.016899067908525467
v -0.03462295979261398 -0.031180670484900475 0.016548048704862595
v -0.034527454525232315 -0.03123944066464901 0.01620933599770069
v -0.03436028212308884 -0.03129331395030022 0.015898767858743668
v -0.03412925824522972 -0.031339772045612335 0.015630867332220078
v -0.03384518250823021 -0.031376637518405914 0.01541815884411335
v -0.033521346747875214 -0.03140219300985336 0.015270590782165527
v -0.033172883093357086 -0.03141523897647858 0.015195061452686787
v -0.0328160896897316 -0.031415168195962906 0.015195103362202644
v -0.03246764838695526 -0.03140198066830635 0.015270713716745377
v -0.032143861055374146 -0.031376298516988754 0.015418358147144318
v -0.03185984864830971 -0.03133931756019592 0.015631133690476418
v -0.03162890672683716 -0.03129277005791664 0.015899088233709335
v -0.03146183118224144 -0.031238827854394913 0.016209695488214493
v -0.03136643022298813 -0.031180018559098244 0.016548430547118187
v -0.03134716674685478 -0.03111908957362175 0.016899453476071358
v -0.03140494227409363 -0.031058890745043755 0.01724635250866413
v -0.03153705224394798 -0.031002236530184746 0.017572907730937004
v -0.031737323850393295 -0.03095177561044693 0.017863847315311432
v -0.03199639171361923 -0.030909867957234383 0.01810556836426258
v -0.0323021374642849 -0.030878473073244095 0.018286768347024918
v -0.03264027461409569 -0.03085905872285366 0.01839897595345974
v -0.03099309653043747 -0.03155634552240372 0.01657268963754177
v -0.03098217397928238 -0.03149145096540451 0.016873473301529884
v -0.03099318966269493 -0.03145119547843933 0.017178528010845184
v -0.031043561175465584 -0.03141113743185997 0.017409369349479675
v -0.03120569698512554 -0.03134160861372948 0.017810139805078506
v -0.03145148605108261 -0.031279679387807846 0.018167201429605484
v -0.03176942840218544 -0.03122824802994728 0.0184638611972332
v -0.03214466571807861 -0.03118971735239029 0.018686242401599884
v -0.03255964815616608 -0.031165890395641327 0.018823951482772827
v -0.03299497067928314 -0.031157881021499634 0.01887054555118084
v -0.033430278301239014 -0.031166063621640205 0.01882384903728962
v -0.033845216035842896 -0.03119005635380745 0.018686043098568916
v -0.034220386296510696 -0.03122873790562153 0.01846357248723507
v -0.03453823924064636 -0.03128029778599739 0.018166840076446533
v -0.034783922135829926 -0.03134232386946678 0.01780972070991993
v -0.034945935010910034 -0.03141191974282265 0.017408911138772964
v -0.03501671552658081 -0.03148582950234413 0.01698315516114235
v -0.03499294072389603 -0.03156059607863426 0.016552358865737915
v -0.03487573191523552 -0.03163272142410278 0.016136664897203445
v -0.034670569002628326 -0.031698841601610184 0.015755513682961464
v -0.03438703715801239 -0.03175585716962814 0.015426726080477238
v -0.03403840586543083 -0.03180110082030296 0.015165676362812519
v -0.033640965819358826 -0.031832464039325714 0.01498456858098507
v -0.033213309943675995 -0.0318484753370285 0.01489187404513359
v -0.032775428146123886 -0.03184838965535164 0.014891925267875195
v -0.032347794622182846 -0.03183220699429512 0.014984720386564732
v -0.03195041045546532 -0.031800683587789536 0.015165920369327068
v -0.03160185366868973 -0.031755298376083374 0.015427052974700928
v -0.03131842613220215 -0.03169817104935646 0.01575590670108795
v -0.03111337684094906 -0.031631968915462494 0.016137106344103813
v -0.0309962946921587 -0.03155979514122009 0.016552826389670372
v 0.03300372138619423 -0.022533470764756203 0.015328409150242805
v 0.03300365060567856 -0.023228123784065247 0.017123645171523094
v 0.032648954540491104 -0.023234792053699493 0.017085595056414604
v 0.03200516104698181 -0.02328585833311081 0.016792036592960358
v 0.031746167689561844 -0.023327870294451714 0.016550254076719284
v 0.0323108546435833 -0.023254340514540672 0.016973309218883514
v 0.0314139723777771 -0.023435117676854134 0.015932682901620865
v 0.03135630488395691 -0.02349534071981907 0.015585769899189472
v 0.031545985490083694 -0.023378411307930946 0.016259267926216125
v 0.03147117793560028 -0.0236150324344635 0.014896037988364697
v 0.03163834661245346 -0.023668905720114708 0.014585469849407673
v 0.03137567266821861 -0.023556260392069817 0.015234749764204025
v 0.03215344622731209 -0.023752229288220406 0.014104860834777355
v 0.032477281987667084 -0.023777784779667854 0.013957292772829533
v 0.031869370490312576 -0.023715361952781677 0.014317569322884083
v 0.0331825390458107 -0.023790759965777397 0.01388180535286665
v 0.033530980348587036 -0.023777572438120842 0.013957415707409382
v 0.03282574564218521 -0.023790830746293068 0.013881763443350792
v 0.03413878008723259 -0.023714907467365265 0.014317834749817848
v 0.03436972200870514 -0.023668359965085983 0.01458579022437334
v 0.03385477140545845 -0.023751888424158096 0.014105060137808323
v 0.03463220223784447 -0.023555610328912735 0.015235131606459618
v 0.034651465713977814 -0.02349468134343624 0.015586155466735363
v 0.034536801278591156 -0.023614419624209404 0.014896397478878498
v 0.034461576491594315 -0.023377828299999237 0.016259608790278435
v 0.034261304885149 -0.02332736738026142 0.016550550237298012
v 0.03459368646144867 -0.023434482514858246 0.01593305543065071
v 0.0336964912712574 -0.023254064843058586 0.016973471269011497
v 0.03335835412144661 -0.023234650492668152 0.01708567887544632
v 0.034002237021923065 -0.023285459727048874 0.01679227128624916
v 0.033005017787218094 -0.030839331448078156 0.01844467781484127
v 0.03265032172203064 -0.030845999717712402 0.01840662956237793
v 0.03231222182512283 -0.03086555004119873 0.01829434372484684
v 0.03200652822852135 -0.030897067859768867 0.018113071098923683
v 0.03174753487110138 -0.030939077958464622 0.01787128858268261
v 0.03154735267162323 -0.030989618971943855 0.01758030243217945
v 0.031415339559316635 -0.031046327203512192 0.01725371554493904
v 0.031357672065496445 -0.031106548383831978 0.016906803473830223
v 0.03137703984975815 -0.031167469918727875 0.01655578427016735
v 0.031472545117139816 -0.03122624009847641 0.016217071563005447
v 0.031639713793992996 -0.031280115246772766 0.015906503424048424
v 0.03187073767185211 -0.031326569616794586 0.015638602897524834
v 0.032154813408851624 -0.031363438814878464 0.01542589534074068
v 0.03247864916920662 -0.03138899430632591 0.015278326347470284
v 0.03282711282372475 -0.031402040272951126 0.015202797017991543
v 0.033183906227350235 -0.031401969492435455 0.0152028389275074
v 0.03353234753012657 -0.0313887819647789 0.015278450213372707
v 0.033856138586997986 -0.031363096088171005 0.015426094643771648
v 0.034140147268772125 -0.031326115131378174 0.015638869255781174
v 0.034371089190244675 -0.03127956762909889 0.01590682379901409
v 0.03453816846013069 -0.031225627288222313 0.01621743105351925
v 0.034633569419384 -0.031166817992925644 0.016556166112422943
v 0.03465283289551735 -0.03110588900744915 0.016907189041376114
v 0.034595053642988205 -0.031045690178871155 0.017254089936614037
v 0.03446294367313385 -0.030989035964012146 0.01758064329624176
v 0.03426267206668854 -0.03093857504427433 0.017871582880616188
v 0.0340036042034626 -0.030896667391061783 0.018113303929567337
v 0.033697858452796936 -0.030865272507071495 0.018294505774974823
v 0.033359721302986145 -0.03084585815668106 0.018406711518764496
v 0.031003760173916817 -0.03143879398703575 0.017185796052217484
v 0.030992833897471428 -0.03147905319929123 0.016880737617611885
v 0.031003853306174278 -0.031543947756290436 0.01657995767891407
v 0.031007055193185806 -0.03154739364981651 0.01656009443104267
v 0.031124264001846313 -0.03161952272057533 0.01614440232515335
v 0.031329430639743805 -0.031685639172792435 0.01576325111091137
v 0.03161295875906944 -0.031742654740810394 0.015434462577104568
v 0.0319615937769413 -0.03178790211677551 0.015173411928117275
v 0.032359033823013306 -0.031819265335798264 0.0149923050776124
v 0.032786693423986435 -0.03183527663350105 0.014899609610438347
v 0.033224575221538544 -0.03183518722653389 0.014899661764502525
v 0.033652205020189285 -0.03181900456547737 0.014992456883192062
v 0.034049589186906815 -0.031787484884262085 0.015173656865954399
v 0.034398142248392105 -0.031742095947265625 0.015434789471328259
v 0.03468157351016998 -0.03168496862053871 0.015763644129037857
v 0.034886620938777924 -0.03161877021193504 0.01614484190940857
v 0.03500370308756828 -0.03154659643769264 0.016560561954975128
v 0.03502734750509262 -0.031471818685531616 0.01699136383831501
v 0.0349564366042614 -0.03139793872833252 0.01741710491478443
v 0.03479430079460144 -0.03132840618491173 0.017817875370383263
v 0.03454850986599922 -0.0312664769589901 0.01817493885755539
v 0.03423056751489639 -0.03121504746377468 0.018471596762537956
v 0.03385533019900322 -0.03117651678621769 0.01869397982954979
v 0.033440351486206055 -0.031152689829468727 0.018831687048077583
v 0.03300502896308899 -0.031144680455327034 0.018878282979130745
v 0.03256972134113312 -0.031152863055467606 0.018831584602594376
v 0.03215477988123894 -0.03117685578763485 0.01869378052651882
v 0.031779609620571136 -0.03121553733944893 0.018471309915184975
v 0.03146175667643547 -0.03126709535717964 0.01817457750439644
v 0.031216077506542206 -0.03132912516593933 0.017817456275224686
v 0.031054062768816948 -0.0313987173140049 0.01741664670407772
v -1.2172508832009044e-06 -0.016896819695830345 0.04783844202756882
v -1.2887405773653882e-06 -0.01759147271513939 0.049633678048849106
v -0.0003559841716196388 -0.017598140984773636 0.04959562420845032
v -0.0009997757151722908 -0.017649207264184952 0.04930206760764122
v -0.0012587690725922585 -0.017691219225525856 0.049060285091400146
v -0.0006940829334780574 -0.017617689445614815 0.04948334023356438
v -0.0015909653156995773 -0.017798466607928276 0.04844271391630173
v -0.0016486352542415261 -0.01785868965089321 0.04809579998254776
v -0.0014589523198083043 -0.01774176023900509 0.04876929894089699
v -0.001533761853352189 -0.017978381365537643 0.047406069934368134
v -0.0013665900332853198 -0.01803225465118885 0.04709550365805626
v -0.0016292654909193516 -0.01791960932314396 0.047744784504175186
v -0.0008514939690940082 -0.018115578219294548 0.04661489278078079
v -0.0005276552401483059 -0.018141133710741997 0.04646732285618782
v -0.0011355665046721697 -0.01807871088385582 0.04682759940624237
v 0.00017760017362888902 -0.01815410889685154 0.04639183729887009
v 0.0005260398611426353 -0.018140923231840134 0.04646744951605797
v -0.0001791925897123292 -0.01815417967736721 0.046391796320676804
v 0.00113384157884866 -0.018078258261084557 0.04682786762714386
v 0.001364783733151853 -0.018031708896160126 0.04709582403302193
v 0.0008498337119817734 -0.018115239217877388 0.04661509022116661
v 0.0016272618668153882 -0.017918959259986877 0.04774516448378563
v 0.0016465249937027693 -0.017858030274510384 0.0480961874127388
v 0.0015318611403927207 -0.017977768555283546 0.047406427562236786
v 0.0014566374011337757 -0.01774117723107338 0.048769641667604446
v 0.0012563657946884632 -0.017690716311335564 0.049060579389333725
v 0.0015887495828792453 -0.01779783144593239 0.048443086445331573
v 0.0006915510748513043 -0.01761741377413273 0.04948350414633751
v 0.0003534182324074209 -0.017597999423742294 0.04959570989012718
v 0.0009972989792004228 -0.017648808658123016 0.04930230230093002
v 7.873550345038893e-08 -0.025202680379152298 0.05095471069216728
v -0.0003546166990417987 -0.025209348648786545 0.05091666057705879
v -0.0006927154609002173 -0.025228898972272873 0.05080437660217285
v -0.0009984083008021116 -0.02526041679084301 0.050623100250959396
v -0.0012574015418067575 -0.025302426889538765 0.05038131773471832
v -0.0014575847890228033 -0.025352967903017998 0.05009033530950546
v -0.0015895977849140763 -0.025409676134586334 0.049763746559619904
v -0.001647267839871347 -0.02546989731490612 0.049416836351156235
v -0.0016278979601338506 -0.025530818849802017 0.04906581714749336
v -0.001532394322566688 -0.025589589029550552 0.04872710257768631
v -0.0013652225024998188 -0.02564346231520176 0.048416536301374435
v -0.0011341989738866687 -0.025689920410513878 0.048148635774850845
v -0.0008501264965161681 -0.025726787745952606 0.04793592542409897
v -0.0005262877675704658 -0.025752341374754906 0.047788359224796295
v -0.0001778251025825739 -0.02576538734138012 0.04771282896399498
v 0.00017896764620672911 -0.02576531656086445 0.04771286994218826
v 0.0005274073337204754 -0.025752130895853043 0.047788482159376144
v 0.0008512011845596135 -0.025726446881890297 0.047936126589775085
v 0.001135209109634161 -0.025689465925097466 0.048148900270462036
v 0.0013661511475220323 -0.025642916560173035 0.0484168566763401
v 0.0015332286711782217 -0.025588976219296455 0.04872746393084526
v 0.0016286293976008892 -0.025530166923999786 0.049066197127103806
v 0.0016478925244882703 -0.025469237938523293 0.049417220056056976
v 0.0015901171136647463 -0.025409039109945297 0.04976411908864975
v 0.0014580049319192767 -0.02535238489508629 0.05009067431092262
v 0.0012577332090586424 -0.025301923975348473 0.0503816120326519
v 0.0009986665099859238 -0.025260016322135925 0.0506233349442482
v 0.0006929186056368053 -0.025228621438145638 0.050804536789655685
v 0.00035478570498526096 -0.025209207087755203 0.05091674253344536
v -0.00030675611924380064 -0.026196656748652458 0.04742106422781944
v 6.911471928106039e-07 -0.026186151430010796 0.04740815609693527
v 0.0003081395698245615 -0.02619653381407261 0.04742113873362541
v 0.0006472649401985109 -0.026182353496551514 0.047502487897872925
v 0.0010446483502164483 -0.026150833815336227 0.04768368974328041
v 0.0013932035071775317 -0.026105446740984917 0.047944821417331696
v 0.001676632440648973 -0.026048319414258003 0.04827367514371872
v 0.0018816821975633502 -0.025982119143009186 0.04865487664937973
v 0.001998764695599675 -0.025909943506121635 0.04907059296965599
v 0.002022405620664358 -0.02583516761660576 0.04950139671564102
v 0.0019514997256919742 -0.025761287659406662 0.04992713779211044
v 0.0017893619369715452 -0.02569175697863102 0.050327908247709274
v 0.0015435739187523723 -0.02562982775270939 0.05068496987223625
v 0.0012256285408511758 -0.025578396394848824 0.05098162963986397
v 0.0008503924473188818 -0.025539865717291832 0.05120401456952095
v 0.0004354112024884671 -0.02551603876054287 0.051341719925403595
v 8.898387449107759e-08 -0.025508029386401176 0.05138831585645676
v -0.00043521905899979174 -0.025516213849186897 0.05134161561727524
v -0.0008501584525220096 -0.025540204718708992 0.05120381340384483
v -0.0012253269087523222 -0.02557888627052307 0.050981342792510986
v -0.0015431821811944246 -0.025630446150898933 0.0506846085190773
v -0.0017888617003336549 -0.025692472234368324 0.05032748728990555
v -0.0019508777186274529 -0.02576206810772419 0.04992667958140373
v -0.002021654276177287 -0.025835976004600525 0.04950092360377312
v -0.0019978825002908707 -0.025910744443535805 0.049070123583078384
v -0.0018806735752150416 -0.025982871651649475 0.04865443333983421
v -0.0016755079850554466 -0.026048989966511726 0.04827328398823738
v -0.0013919791672378778 -0.026106003671884537 0.04794449359178543
v -0.0010433446150273085 -0.026151251047849655 0.04768344387412071
v -0.0006459061987698078 -0.026182612404227257 0.04750233516097069
v -0.02715492807328701 0.025956666097044945 -0.033888377249240875
v -0.026317693293094635 0.026991406455636024 -0.03701714053750038
v -0.026010015979409218 0.026265885680913925 -0.04188911244273186
v -0.023865915834903717 0.02969553880393505 -0.042563389986753464
v -0.02431310899555683 0.02904445119202137 -0.04243602231144905
v -0.02423323132097721 0.02934613637626171 -0.04187411814928055
v -0.02534565143287182 0.028129074722528458 -0.039671868085861206
v -0.007757955230772495 0.04007895663380623 -0.04426268860697746
v -0.007402973249554634 0.041191522032022476 -0.03926679119467735
v -0.00542964693158865 0.0410846546292305 -0.04154478386044502
v -0.0050543746910989285 0.04193717613816261 -0.037467192858457565
v -0.0031471257098019123 0.04198471084237099 -0.038289960473775864
v -0.0025923489592969418 0.04258525371551514 -0.03527148813009262
v -0.0008912982884794474 0.0428178608417511 -0.03438137099146843
v -3.7948161661915947e-06 0.04313827306032181 -0.03261309117078781
v -0.008853787556290627 0.041745658963918686 -0.036322303116321564
v -0.00619804672896862 0.042292214930057526 -0.03548600152134895
v -0.0032629657071083784 0.04275769740343094 -0.03428206592798233
v -0.026743482798337936 0.03149065747857094 -0.028042996302247047
v -0.027003150433301926 0.03438686951994896 -0.025209885090589523
v -0.025909388437867165 0.03202005848288536 -0.030596604570746422
v -0.0261688232421875 0.034703921526670456 -0.027489636093378067
v -0.025007372722029686 0.03262382373213768 -0.03279789537191391
v -0.025289863348007202 0.03508105129003525 -0.029475899413228035
v -0.024031702429056168 0.033293262124061584 -0.034677620977163315
v -0.024359382688999176 0.03551409766077995 -0.031202994287014008
v -0.022990483790636063 0.034011099487543106 -0.036233652383089066
v -0.023381784558296204 0.03599444404244423 -0.03267330303788185
v -0.0218649934977293 0.03477778658270836 -0.037501927465200424
v -0.022334355860948563 0.036525335162878036 -0.03392288088798523
v -0.020633313804864883 0.03559320047497749 -0.03850004822015762
v -0.021190166473388672 0.037109680473804474 -0.03497074916958809
v -0.0193022508174181 0.036435361951589584 -0.039219871163368225
v -0.019947677850723267 0.037733398377895355 -0.03580716252326965
v -0.017848020419478416 0.0372987724840641 -0.039672575891017914
v -0.01857583411037922 0.03839219734072685 -0.03644150495529175
v -0.016237813979387283 0.03818001598119736 -0.03986240550875664
v -0.017034240067005157 0.03908252716064453 -0.03687766566872597
v -0.01447343174368143 0.039052750915288925 -0.03977943956851959
v -0.015314488671720028 0.03978131338953972 -0.03709981590509415
v -0.013403410091996193 0.040467433631420135 -0.03709634393453598
v -0.026793094351887703 0.028707927092909813 -0.03090745024383068
v -0.025960737839341164 0.029441138729453087 -0.03378348425030708
v -0.025027574971318245 0.03029930591583252 -0.03620854392647743
v -0.023990966379642487 0.031231114640831947 -0.03824719041585922
v -0.02286319062113762 0.032208092510700226 -0.03989206254482269
v -0.022958623245358467 0.030915306881070137 -0.042800258845090866
v -0.02163035422563553 0.033226072788238525 -0.04117860645055771
v -0.02195057086646557 0.032119270414114 -0.04303022474050522
v -0.020276976749300957 0.03428027778863907 -0.042122840881347656
v -0.019797353073954582 0.034242529422044754 -0.0434204563498497
v -0.01882098987698555 0.03533967584371567 -0.04271852225065231
v -0.01872808299958706 0.03510769456624985 -0.04357088357210159
v -0.017248043790459633 0.03639751672744751 -0.04297921806573868
v -0.017465904355049133 0.03599836304783821 -0.04371855407953262
v -0.015534833073616028 0.03745092451572418 -0.04291018098592758
v -0.014799213036894798 0.03751993179321289 -0.04395056143403053
v -0.01369575597345829 0.038471873849630356 -0.0425085574388504
v -0.013260363601148129 0.038226038217544556 -0.04404778033494949
v -0.011738395318388939 0.03944045677781105 -0.041777580976486206
v -0.01166524924337864 0.03885709121823311 -0.044128164649009705
v -0.009643909521400928 0.04035089164972305 -0.04070458188652992
v -0.01126125268638134 0.04112811014056206 -0.03684843331575394
v -0.027016380801796913 0.04289577528834343 -0.02169596031308174
v -0.027775343507528305 0.045371271669864655 -0.019718801602721214
v -0.02608778141438961 0.04282066598534584 -0.022929100319743156
v -0.02745845727622509 0.045306574553251266 -0.020091881975531578
v -0.025094881653785706 0.04276716709136963 -0.02410786598920822
v -0.026426346972584724 0.0451076440513134 -0.02123909629881382
v -0.024005116894841194 0.04273591190576553 -0.025254862383008003
v -0.025288820266723633 0.044907066971063614 -0.02239590883255005
v -0.022809602320194244 0.04272735118865967 -0.026359612122178078
v -0.02961329184472561 0.04325317218899727 -0.017400693148374557
v -0.03105100616812706 0.04617132246494293 -0.015105864964425564
v -0.02877029776573181 0.04311097413301468 -0.018955454230308533
v -0.030201507732272148 0.045936379581689835 -0.01646037958562374
v -0.027909429743885994 0.042992789298295975 -0.02037462592124939
v -0.029329296201467514 0.045717332512140274 -0.017723338678479195
v -0.02841651439666748 0.045507948845624924 -0.01893065683543682
v -0.02757374197244644 0.03733217716217041 -0.022474633529782295
v -0.028434814885258675 0.040258701890707016 -0.019896816462278366
v -0.026737991720438004 0.03746600076556206 -0.024494530633091927
v -0.027609575539827347 0.04027799144387245 -0.02164098434150219
v -0.025873694568872452 0.03764638304710388 -0.0262772087007761
v -0.02675134316086769 0.040292996913194656 -0.023233940824866295
v -0.02497211843729019 0.03787163645029068 -0.027859484776854515
v -0.0258621945977211 0.0403410978615284 -0.024680575355887413
v -0.02403448335826397 0.03813907504081726 -0.029247315600514412
v -0.024940738454461098 0.040422726422548294 -0.02598930150270462
v -0.023035045713186264 0.03845280036330223 -0.030476467683911324
v -0.023959221318364143 0.04054080694913864 -0.027195164933800697
v -0.021943403407931328 0.038816921412944794 -0.03156726807355881
v -0.022885369136929512 0.04069872200489044 -0.028319664299488068
v -0.020752625539898872 0.03922388702630997 -0.03250890225172043
v -0.021709823980927467 0.04089381545782089 -0.02935170568525791
v -0.019426634535193443 0.03967050835490227 -0.03330986946821213
v -0.00460688304156065 0.043187882751226425 -0.03232249245047569
v -0.00393467303365469 0.04295863211154938 -0.033298783004283905
v -0.006307228468358517 0.04323207587003708 -0.03206610307097435
v -0.007350869942456484 0.04275064915418625 -0.033531516790390015
v -0.01184034999459982 0.043478161096572876 -0.030642537400126457
v -0.010336223989725113 0.042509790509939194 -0.03344126045703888
v -0.012460902333259583 0.04351607337594032 -0.030423473566770554
v -0.013822503387928009 0.04291683807969093 -0.03129410371184349
v -0.018174167722463608 0.04281284660100937 -0.029491111636161804
v -0.018155626952648163 0.043974414467811584 -0.027776816859841347
v -0.024040188640356064 0.04470638185739517 -0.02355346642434597
v -0.023288842290639877 0.04459454491734505 -0.024198582395911217
v -0.021469054743647575 0.04273947328329086 -0.02743256278336048
v -0.022642770782113075 0.044503238052129745 -0.024725336581468582
v -0.019932236522436142 0.04276956245303154 -0.028483696281909943
v -0.021045509725809097 0.04429501295089722 -0.02592667192220688
v -0.019222315400838852 0.04408498480916023 -0.02713865041732788
v -0.012953810393810272 0.04223969578742981 -0.033108193427324295
v -0.012099266052246094 0.04164280742406845 -0.034961264580488205
v -0.01521166879683733 0.041954874992370605 -0.03259538486599922
v -0.014291348867118359 0.041154928505420685 -0.03481893613934517
v -0.017169801518321037 0.041666802018880844 -0.031943049281835556
v -0.020393794402480125 0.041123729199171066 -0.030300075188279152
v -0.018887698650360107 0.04138541966676712 -0.031171264126896858
v -0.017919454723596573 0.0401533804833889 -0.03397471085190773
v -0.01621484011411667 0.040654249489307404 -0.03448334336280823
v -0.014702904969453812 0.043671850115060806 -0.02952362224459648
v -0.028324449434876442 0.023755107074975967 -0.029494164511561394
v -0.02824915014207363 0.028224408626556396 -0.02423635497689247
v -0.028171569108963013 0.025960618630051613 -0.026853002607822418
v -0.029248418286442757 0.02286013588309288 -0.023111442103981972
v -0.028559138998389244 0.030530745163559914 -0.02166341058909893
v -0.031976472586393356 0.016712691634893417 -0.009401620365679264
v -0.033490266650915146 0.017470583319664 -0.005033418536186218
v -0.031908877193927765 0.020164409652352333 -0.010152621194720268
v -0.03348138928413391 0.01931498944759369 -0.005377237219363451
v -0.03171120584011078 0.023481274023652077 -0.011161062866449356
v -0.033274970948696136 0.02633381076157093 -0.007116689812391996
v -0.030977152287960052 0.029633786529302597 -0.013732124119997025
v -0.030853038653731346 0.037538569420576096 -0.014389240182936192
v -0.029867403209209442 0.0352046936750412 -0.016722673550248146
v -0.02910012938082218 0.03286313638091087 -0.01915290392935276
v -0.029779154807329178 0.02622455358505249 -0.018344108015298843
v -0.030241839587688446 0.023866483941674232 -0.0168667770922184
v -0.029656440019607544 0.021129410713911057 -0.021488705649971962
v -0.0305876974016428 0.021372539922595024 -0.01559554971754551
v -0.029961327090859413 0.019273364916443825 -0.02013149857521057
v -0.030805692076683044 0.018718281760811806 -0.014586610719561577
v -0.030153464525938034 0.017269350588321686 -0.019108088687062263
v -0.030880380421876907 0.015930337831377983 -0.013910329900681973
v -0.03251826390624046 0.03596989065408707 -0.010522482916712761
v -0.032046180218458176 0.03984835743904114 -0.01216744165867567
v -0.032811183482408524 0.03301786258816719 -0.009367928840219975
v -0.03139735385775566 0.02662837691605091 -0.012368648312985897
v -0.030219320207834244 0.015133753418922424 -0.01850057952105999
v -0.030871175229549408 -0.03530368581414223 -0.005017932504415512
v -0.033481061458587646 -0.03376344218850136 0.0038589786272495985
v 0.03348647430539131 0.01748397946357727 -0.005025567952543497
v 0.03349567949771881 -0.03375004604458809 0.0038668294437229633
v 0.03197401016950607 0.016725482419133186 -0.009394124150276184
v 0.030888492241501808 -0.03529133275151253 -0.005010693334043026
v 0.03087928704917431 0.015942690894007683 -0.013903090730309486
v 0.03021962009370327 0.015145841985940933 -0.018493495881557465
v 0.007754321210086346 0.04008205980062485 -0.04426087066531181
v 0.009639331139624119 0.04035474732518196 -0.040702320635318756
v 0.01173443254083395 0.03944515064358711 -0.04177482798695564
v 0.001916977926157415 0.04244222864508629 -0.03626561537384987
v 0.002585603389889002 0.04258628934621811 -0.03527088090777397
v 0.002277062740176916 0.042309459298849106 -0.03688320517539978
v 0.005048403050750494 0.04193919897079468 -0.037466008216142654
v 0.004691431298851967 0.04138373211026192 -0.04056611284613609
v 0.00739772105589509 0.04119448363780975 -0.03926505893468857
v 0.007103066425770521 0.04037371277809143 -0.043557580560445786
v 0.011189786717295647 0.03903171420097351 -0.044146060943603516
v 0.01369235198944807 0.038477350026369095 -0.04250534996390343
v 0.013209936209022999 0.038251496851444244 -0.04404735565185547
v 0.015531930141150951 0.03745713829994202 -0.042906541377305984
v 0.016373708844184875 0.036679502576589584 -0.043821047991514206
v 0.013573044911026955 0.0380951426923275 -0.04402640461921692
v 0.0172455795109272 0.03640441596508026 -0.04297517612576485
v 0.018818886950612068 0.03534720465540886 -0.042714107781648636
v 0.0187239833176136 0.03511694073677063 -0.04356679320335388
v 0.020048733800649643 0.03403010591864586 -0.0433766171336174
v 0.020275156944990158 0.03428838774561882 -0.04211808741092682
v 0.020202476531267166 0.0338924266397953 -0.04335189610719681
v 0.02127811126410961 0.03285326808691025 -0.04316151887178421
v 0.021628735587000847 0.03323472663760185 -0.041173532605171204
v 0.021621838212013245 0.032490815967321396 -0.043093737214803696
v 0.022861676290631294 0.03221723809838295 -0.039886701852083206
v 0.022964367642998695 0.030917026102542877 -0.042793452739715576
v 0.023477651178836823 0.030243217945098877 -0.04266275092959404
v 0.02398945763707161 0.031240710988640785 -0.038241565227508545
v 0.023709099739789963 0.029925622045993805 -0.04260086268186569
v 0.0243382565677166 0.02901766635477543 -0.04242316633462906
v 0.024233326315879822 0.02935582958161831 -0.041868437081575394
v 0.025004448369145393 0.02798311971127987 -0.04221970587968826
v 0.02534571662545204 0.02813921496272087 -0.03966592624783516
v 0.02576707862317562 0.026705924421548843 -0.04196779802441597
v 0.02650545723736286 0.025378961116075516 -0.04170608893036842
v 0.026317592710256577 0.027001934126019478 -0.03701097145676613
v 0.026970772072672844 0.02470261976122856 -0.04025811329483986
v 0.027424221858382225 0.024006487801671028 -0.03856825456023216
v 0.027154507115483284 0.02596752904355526 -0.033882010728120804
v 0.02781139500439167 0.023380104452371597 -0.03683541342616081
v 0.010329078882932663 0.04251392185688019 -0.03343883529305458
v 0.008847623132169247 0.041749197989702225 -0.03632022812962532
v 0.007343649864196777 0.042753588408231735 -0.033529795706272125
v 0.006191468331962824 0.042294692248106 -0.03548454865813255
v 0.0039273155853152275 0.04296020418405533 -0.033297862857580185
v 0.003255919087678194 0.0427590012550354 -0.034281302243471146
v 0.013814691454172134 0.04292236641049385 -0.03129086270928383
v 0.015204546973109245 0.041960958391427994 -0.032591819763183594
v 0.01294669508934021 0.04224487394094467 -0.03310515731573105
v 0.013397938571870327 0.04047279432415962 -0.03709320351481438
v 0.011255458928644657 0.0411326140165329 -0.03684579208493233
v 0.0017875899793580174 0.04314620420336723 -0.032569240778684616
v 0.0045992047525942326 0.043189723044633865 -0.03232141584157944
v 0.00761445565149188 0.04327920451760292 -0.031808990985155106
v 0.013090666383504868 0.04356260597705841 -0.030181828886270523
v 0.014694375917315483 0.04367773234844208 -0.029520176351070404
v 0.018112916499376297 0.043978314846754074 -0.02779189869761467
v 0.02756609581410885 0.037343207746744156 -0.022468170151114464
v 0.026997320353984833 0.0343976691365242 -0.025203553959727287
v 0.026730764657258987 0.03747669607400894 -0.024488262832164764
v 0.026163404807448387 0.034714389592409134 -0.02748350240290165
v 0.025866813957691193 0.03765673190355301 -0.026271143928170204
v 0.02528475783765316 0.03509116545319557 -0.029469970613718033
v 0.024965519085526466 0.037881623953580856 -0.02785363234579563
v 0.024354510009288788 0.03552383929491043 -0.031197283416986465
v 0.024028101935982704 0.03814869001507759 -0.02924168109893799
v 0.023377064615488052 0.03600379824638367 -0.032667819410562515
v 0.023028826341032982 0.03846201300621033 -0.030471069738268852
v 0.02232971601188183 0.03653426840901375 -0.03391764312982559
v 0.021937295794487 0.03882569819688797 -0.03156212344765663
v 0.021185537800192833 0.037118155509233475 -0.03496578335762024
v 0.02074657566845417 0.03923218697309494 -0.03250403702259064
v 0.01994299702346325 0.03774137794971466 -0.035802487283945084
v 0.019420593976974487 0.03967827931046486 -0.03330531343817711
v 0.01857103779911995 0.038399625569581985 -0.036437150090932846
v 0.017913376912474632 0.04016054794192314 -0.033970508724451065
v 0.01702927052974701 0.03908934071660042 -0.036873672157526016
v 0.016208680346608162 0.040660735219717026 -0.034479543566703796
v 0.015309292823076248 0.03978743776679039 -0.03709622472524643
v 0.029602088034152985 0.04326501488685608 -0.017393751069903374
v 0.028425391763448715 0.04027007520198822 -0.01989015005528927
v 0.028759514912962914 0.04312248155474663 -0.018948711454868317
v 0.02760055474936962 0.04028903320431709 -0.021634511649608612
v 0.02789902687072754 0.04300395026803017 -0.02036808431148529
v 0.026742691174149513 0.04030369594693184 -0.023227671161293983
v 0.027006326243281364 0.04290657863020897 -0.021689627319574356
v 0.02585386112332344 0.04035143926739693 -0.024674512445926666
v 0.02607804536819458 0.04283110052347183 -0.02292298525571823
v 0.024932678788900375 0.040432702749967575 -0.025983454659581184
v 0.025085443630814552 0.042777203023433685 -0.02410198375582695
v 0.023951398208737373 0.040550388395786285 -0.027189549058675766
v 0.023995960131287575 0.04274551197886467 -0.025249235332012177
v 0.02287774533033371 0.04070787504315376 -0.02831430174410343
v 0.022800708189606667 0.0427364744246006 -0.026354266330599785
v 0.021702365949749947 0.04090249538421631 -0.029346616938710213
v 0.021460408344864845 0.04274806007742882 -0.02742752991616726
v 0.02038646675646305 0.0411318838596344 -0.030295295640826225
v 0.019923824816942215 0.04277753084897995 -0.02847902476787567
v 0.018880469724535942 0.0413929708302021 -0.031166838482022285
v 0.01816597394645214 0.04282011464238167 -0.029486851766705513
v 0.017162641510367393 0.04167367145419121 -0.03193902596831322
v 0.02679087407886982 0.028718644753098488 -0.030901169404387474
v 0.025958899408578873 0.02945152297616005 -0.033777397125959396
v 0.02502596005797386 0.030309317633509636 -0.036202676594257355
v 0.02673947811126709 0.03150135278701782 -0.028036728501319885
v 0.025905771180987358 0.03203042224049568 -0.03059053048491478
v 0.025004029273986816 0.03263382613658905 -0.03279203176498413
v 0.024028532207012177 0.033302873373031616 -0.03467198461294174
v 0.02298739179968834 0.03402029722929001 -0.03622826188802719
v 0.021861892193555832 0.03478652983903885 -0.03749680146574974
v 0.020630119368433952 0.035601455718278885 -0.03849521279335022
v 0.019298888742923737 0.036443084478378296 -0.039215344935655594
v 0.017844419926404953 0.037305913865566254 -0.03966839239001274
v 0.016233906149864197 0.038186512887477875 -0.03985859826207161
v 0.014469154179096222 0.039058540016412735 -0.03977604955434799
v 0.012546653859317303 0.03990030288696289 -0.03941597044467926
v 0.010436896234750748 0.04070129618048668 -0.0387621708214283
v 0.03103809617459774 0.046183742582798004 -0.015098587609827518
v 0.03018900752067566 0.04594845697283745 -0.016453301534056664
v 0.029317179694771767 0.04572906345129013 -0.017716465517878532
v 0.02840476669371128 0.04551931470632553 -0.01892399601638317
v 0.027447061613202095 0.04531755670905113 -0.020085446536540985
v 0.02103588730096817 0.04430343210697174 -0.025921739637851715
v 0.0226327832788229 0.04451229050755501 -0.024720029905438423
v 0.024029845371842384 0.044715993106365204 -0.023547831922769547
v 0.02527812495827675 0.04491718113422394 -0.022389981895685196
v 0.026415299624204636 0.04511821269989014 -0.021232903003692627
v 0.027225155383348465 0.04527319595217705 -0.020340804010629654
v 0.029096558690071106 0.032864294946193695 -0.019138770177960396
v 0.02986210770905018 0.035204753279685974 -0.0167087409645319
v 0.03097010962665081 0.029648825526237488 -0.01372615061700344
v 0.0312802717089653 0.044806547462940216 -0.01443467102944851
v 0.032123539596796036 0.039195578545331955 -0.011868193745613098
v 0.030845897272229195 0.037537626922130585 -0.014375364407896996
v 0.032789189368486404 0.03317442163825035 -0.0094142509624362
v 0.030153656378388405 0.017273036763072014 -0.01909821666777134
v 0.028172258287668228 0.02596541866660118 -0.02683752402663231
v 0.028248585760593414 0.02822796069085598 -0.024221433326601982
v 0.029246298596262932 0.022873343899846077 -0.023106150329113007
v 0.029774516820907593 0.026238534599542618 -0.018338538706302643
v 0.029655499383807182 0.021138999611139297 -0.02147984504699707
v 0.03023878112435341 0.02387550100684166 -0.016857929527759552
v 0.029962796717882156 0.019266556948423386 -0.020112762227654457
v 0.03058759495615959 0.021359704434871674 -0.015577174723148346
v 0.03080432116985321 0.018719622865319252 -0.014576436020433903
v 0.02832622081041336 0.023761169984936714 -0.0294780470430851
v 0.028557151556015015 0.0305330827832222 -0.021648943424224854
v 0.033440034836530685 0.021585140377283096 -0.005854844115674496
v 0.03190583363175392 0.02016357146203518 -0.010141951963305473
v 0.03325387462973595 0.026628822088241577 -0.007192616816610098
v 0.031392090022563934 0.026637032628059387 -0.012359644286334515
v 0.031708963215351105 0.02346247434616089 -0.01114275585860014
v 0.02998501807451248 0.015284365974366665 -0.02337527461349964
v 0.029938410967588425 0.016176855191588402 -0.02384619042277336
v 0.029845135286450386 0.017173275351524353 -0.024640902876853943
v 0.029632966965436935 0.01855052076280117 -0.026248421519994736
v 0.02938942424952984 0.019621411338448524 -0.02793019264936447
v 0.029095813632011414 0.020602641627192497 -0.029809659346938133
v 0.028705298900604248 0.021629801020026207 -0.032123856246471405
v 0.028308752924203873 0.02248236909508705 -0.03430159017443657
v -0.02838650904595852 -0.04082316532731056 -0.036821283400058746
v -0.028395939618349075 0.010667369700968266 -0.044235777109861374
v -0.028386734426021576 -0.04056665673851967 -0.03534337878227234
v 0.028413264080882072 -0.04055529460310936 -0.03533672168850899
v 0.028404060751199722 0.010678729973733425 -0.04422912001609802
v 0.02841348946094513 -0.04081180691719055 -0.036814626306295395
v -0.024486733600497246 -0.04056587442755699 -0.03534292057156563
v -0.028186770156025887 -0.040369562804698944 -0.03537755832076073
v -0.02819593995809555 0.010667409747838974 -0.04423575475811958
v -0.027580739930272102 0.01644427515566349 -0.04523831605911255
v -0.02777637541294098 0.01648520492017269 -0.0452454499900341
v -0.025759952142834663 0.021968916058540344 -0.046196918934583664
v -0.025942673906683922 0.02204902656376362 -0.04621085152029991
v -0.02281315252184868 0.02699986845254898 -0.04706966504454613
v -0.022974975407123566 0.027115659788250923 -0.04708978906273842
v -0.018869131803512573 0.03131725639104843 -0.04781841114163399
v -0.01900298520922661 0.03146367147564888 -0.04784384369850159
v -0.014100262895226479 0.0347324013710022 -0.048410434275865555
v -0.014200293458998203 0.03490303456783295 -0.04844006523489952
v -0.008714966475963593 0.037096038460731506 -0.04881985858082771
v -0.008776803500950336 0.037283431738615036 -0.04885239154100418
v -0.002948606852442026 0.038304854184389114 -0.04902879148721695
v -0.002969547640532255 0.03850082680583 -0.049062807112932205
v 0.00294679868966341 0.03830603510141373 -0.049028098583221436
v 0.002967668930068612 0.03850201517343521 -0.04906211048364639
v 0.00871359184384346 0.03709952533245087 -0.048817817121744156
v 0.008775361813604832 0.03728694096207619 -0.04885033518075943
v 0.014099737629294395 0.03473804146051407 -0.04840712994337082
v 0.014199706725776196 0.0349087156355381 -0.048436734825372696
v 0.018869834020733833 0.031324807554483414 -0.04781398922204971
v 0.01900363340973854 0.03147127479314804 -0.047839388251304626
v 0.0228154044598341 0.027008995413780212 -0.047064319252967834
v 0.022977186366915703 0.027124851942062378 -0.04708440229296684
v 0.025764012709259987 0.02197922207415104 -0.04619088023900986
v 0.025946706533432007 0.022059405222535133 -0.04620477184653282
v 0.027586784213781357 0.016455309465527534 -0.04523184895515442
v 0.02778240479528904 0.016496317461133003 -0.04523893818259239
v 0.028204061090946198 0.010678690858185291 -0.04422914236783981
v 0.028213229030370712 -0.0403582789003849 -0.03537094593048096
v 0.02451326511800289 -0.04055607318878174 -0.0353371798992157
v -0.02549698017537594 0.011859169229865074 -0.0373721644282341
v -0.026160597801208496 0.012523423880338669 -0.03811264783143997
v -0.025771280750632286 0.012726882472634315 -0.03814790025353432
v -0.02642722986638546 0.012177708558738232 -0.03805268183350563
v -0.026521889492869377 0.011753642931580544 -0.03797909617424011
v -0.024921823292970657 0.01258984487503767 -0.03812398761510849
v -0.024752868339419365 0.012448505498468876 -0.03809943050146103
v -0.025331242009997368 0.012750476598739624 -0.038151927292346954
v -0.024477876722812653 0.011644860729575157 -0.037959903478622437
v -0.024618517607450485 0.01123336423188448 -0.037888504564762115
v -0.024525603279471397 0.012076502665877342 -0.0380348265171051
v -0.025117328390479088 0.010815747082233429 -0.03781609609723091
v -0.02555220201611519 0.010745416395366192 -0.037803955376148224
v -0.024921521544456482 0.01091807708144188 -0.03783382847905159
v -0.026312774047255516 0.011142516508698463 -0.03787299245595932
v -0.026497885584831238 0.011536546051502228 -0.03794141113758087
v -0.025976847857236862 0.010861492715775967 -0.03782416507601738
v -0.026520976796746254 0.010710496455430984 -0.043989237397909164
v -0.026426317170262337 0.011134563013911247 -0.04406282678246498
v -0.026159685105085373 0.01148027740418911 -0.044122789055109024
v -0.025770368054509163 0.011683736927807331 -0.04415804520249367
v -0.025330329313874245 0.011707330122590065 -0.044162072241306305
v -0.024920908734202385 0.011546699330210686 -0.04413412883877754
v -0.024751955643296242 0.011405359022319317 -0.04410957172513008
v -0.024524690583348274 0.011033357121050358 -0.04404497146606445
v -0.02447696402668953 0.010601714253425598 -0.04397004842758179
v -0.024617604911327362 0.01019021775573492 -0.043898649513721466
v -0.02492060884833336 0.009874931536614895 -0.04384396970272064
v -0.025116415694355965 0.009772601537406445 -0.04382624104619026
v -0.025551287457346916 0.009702269919216633 -0.043814100325107574
v -0.02597593516111374 0.009818346239626408 -0.04383431002497673
v -0.026311861351132393 0.010099370032548904 -0.04388313740491867
v -0.026496972888708115 0.010493400506675243 -0.04395155608654022
v -0.026653192937374115 0.011195190250873566 -0.04432712122797966
v -0.0263215284794569 0.011625227518379688 -0.04440171271562576
v -0.025837253779172897 0.01187831163406372 -0.04444556310772896
v -0.02528988942503929 0.011907659471035004 -0.04445057362318039
v -0.02478061243891716 0.01170785166323185 -0.04441581666469574
v -0.02457045018672943 0.011532033793628216 -0.04438526928424835
v -0.02428775280714035 0.011069301515817642 -0.04430491477251053
v -0.02422838844358921 0.0105323800817132 -0.04421171545982361
v -0.02440332993865013 0.010020519606769085 -0.04412290081381798
v -0.024780238047242165 0.00962833408266306 -0.04405488818883896
v -0.025023803114891052 0.009501046501100063 -0.044032830744981766
v -0.02556474134325981 0.00941355712711811 -0.0440177284181118
v -0.02609296143054962 0.009557944722473621 -0.04404287040233612
v -0.026510819792747498 0.009907515719532967 -0.044103607535362244
v -0.026741081848740578 0.010397650301456451 -0.044188711792230606
v -0.02677094005048275 0.010667694732546806 -0.04423558712005615
v -0.02548990026116371 -0.027551619336009026 -0.030531857162714005
v -0.02615351788699627 -0.02688736468553543 -0.031272340565919876
v -0.02576419897377491 -0.026683904230594635 -0.03130759298801422
v -0.026420148089528084 -0.027233079075813293 -0.031212376430630684
v -0.026514807716012 -0.027657145634293556 -0.031138788908720016
v -0.02491474151611328 -0.026820940896868706 -0.031283680349588394
v -0.024745788425207138 -0.02696228213608265 -0.03125912323594093
v -0.02532416209578514 -0.026660310104489326 -0.03131162375211716
v -0.024470796808600426 -0.027765925973653793 -0.03111959807574749
v -0.02461143583059311 -0.028177423402667046 -0.03104819729924202
v -0.02451852336525917 -0.02733428403735161 -0.031194522976875305
v -0.02511024847626686 -0.02859503962099552 -0.030975790694355965
v -0.025545120239257812 -0.028665371239185333 -0.030963649973273277
v -0.024914441630244255 -0.02849270962178707 -0.030993521213531494
v -0.02630569413304329 -0.028268270194530487 -0.031032687053084373
v -0.02649080567061901 -0.027874238789081573 -0.031101105734705925
v -0.025969766080379486 -0.028549296781420708 -0.030983859673142433
v -0.026513895019888878 -0.028700292110443115 -0.03714893385767937
v -0.02641923539340496 -0.028276225551962852 -0.037222519516944885
v -0.026152605190873146 -0.02793051116168499 -0.03728248551487923
v -0.025763286277651787 -0.027727050706744194 -0.03731773793697357
v -0.02532324753701687 -0.027703456580638885 -0.03732176870107651
v -0.024913828819990158 -0.027864087373018265 -0.037293825298547745
v -0.024744873866438866 -0.028005428612232208 -0.037269268184900284
v -0.024517608806490898 -0.028377430513501167 -0.037204667925834656
v -0.024469884112477303 -0.028809072449803352 -0.03712974116206169
v -0.024610523134469986 -0.029220569878816605 -0.03705834224820137
v -0.024913528934121132 -0.02953585609793663 -0.037003666162490845
v -0.025109335780143738 -0.02963818609714508 -0.036985933780670166
v -0.02554420754313469 -0.029708517715334892 -0.03697379305958748
v -0.025968853384256363 -0.029592443257570267 -0.036994002759456635
v -0.026304779574275017 -0.029311416670680046 -0.037042830139398575
v -0.02648989111185074 -0.028917385265231133 -0.037111248821020126
v -0.02664611116051674 -0.028215596452355385 -0.03748681768774986
v -0.026314448565244675 -0.027785561978816986 -0.03756140545010567
v -0.02583017386496067 -0.02753247693181038 -0.03760525956749916
v -0.025282809510827065 -0.027503127232193947 -0.03761027008295059
v -0.024773530662059784 -0.02770293690264225 -0.03757551312446594
v -0.024563370272517204 -0.02787875197827816 -0.037544965744018555
v -0.024280672892928123 -0.02834148518741131 -0.03746460750699043
v -0.024221306666731834 -0.028878405690193176 -0.03737140819430351
v -0.024396250024437904 -0.02939026802778244 -0.03728259354829788
v -0.024773158133029938 -0.029782453551888466 -0.03721458092331886
v -0.025016723200678825 -0.02990974299609661 -0.03719252720475197
v -0.025557659566402435 -0.02999722957611084 -0.037177424877882004
v -0.026085879653692245 -0.029852842912077904 -0.037202563136816025
v -0.02650373987853527 -0.029503272846341133 -0.03726330026984215
v -0.0267340000718832 -0.02901313826441765 -0.03734840452671051
v -0.026763858273625374 -0.028743093833327293 -0.037395279854536057
v 0.025510096922516823 -0.027541419491171837 -0.030525879934430122
v 0.024846481159329414 -0.026877164840698242 -0.031266361474990845
v 0.025235798209905624 -0.026673704385757446 -0.03130161762237549
v 0.02457984909415245 -0.027222879230976105 -0.031206399202346802
v 0.024485191330313683 -0.027646943926811218 -0.031132811680436134
v 0.026085255667567253 -0.026810741052031517 -0.03127770125865936
v 0.026254210621118546 -0.02695208229124546 -0.0312531441450119
v 0.025675838813185692 -0.02665010839700699 -0.031305644661188126
v 0.02652920037508011 -0.027755726128816605 -0.031113620847463608
v 0.026388561353087425 -0.028167223557829857 -0.031042220070958138
v 0.026481477543711662 -0.02732408232986927 -0.031188545748591423
v 0.025889750570058823 -0.028584837913513184 -0.030969813466072083
v 0.02545487880706787 -0.028655171394348145 -0.030957670882344246
v 0.02608555555343628 -0.028482509776949883 -0.030987543985247612
v 0.024694304913282394 -0.0282580703496933 -0.03102670982480049
v 0.024509193375706673 -0.027864038944244385 -0.031095128506422043
v 0.025030232965946198 -0.02853909693658352 -0.03097788244485855
v 0.024486104026436806 -0.028690090402960777 -0.037142954766750336
v 0.024580761790275574 -0.028266025707125664 -0.03721654415130615
v 0.024847393855452538 -0.0279203113168478 -0.037276506423950195
v 0.025236710906028748 -0.027716850861907005 -0.03731176257133484
v 0.025676751509308815 -0.027693254873156548 -0.037315789610147476
v 0.026086168363690376 -0.027853887528181076 -0.03728784620761871
v 0.02625512331724167 -0.02799522876739502 -0.03726328909397125
v 0.026482390239834785 -0.02836722880601883 -0.037198688834905624
v 0.026530113071203232 -0.028798870742321014 -0.03712376579642296
v 0.02638947404921055 -0.029210368171334267 -0.03705236315727234
v 0.02608647011220455 -0.02952565625309944 -0.03699768707156181
v 0.025890663266181946 -0.029627984389662743 -0.03697995841503143
v 0.025455791503190994 -0.029698317870497704 -0.03696781396865845
v 0.02503114566206932 -0.029582243412733078 -0.0369880273938179
v 0.024695217609405518 -0.029301214963197708 -0.03703685477375984
v 0.024510106071829796 -0.028907185420393944 -0.03710527345538139
v 0.024353886023163795 -0.028205396607518196 -0.03748083859682083
v 0.024685552343726158 -0.027775360271334648 -0.037555426359176636
v 0.025169823318719864 -0.02752227708697319 -0.03759928047657013
v 0.02571718953549862 -0.027492927387356758 -0.03760429099202156
v 0.0262264683842659 -0.02769273705780506 -0.03756953403353691
v 0.02643663063645363 -0.02786855213344097 -0.03753898665308952
v 0.02671932615339756 -0.02833128347992897 -0.0374586284160614
v 0.0267786905169487 -0.028868205845355988 -0.03736542910337448
v 0.02660375088453293 -0.02938006818294525 -0.03727661445736885
v 0.026226840913295746 -0.029772253707051277 -0.03720860555768013
v 0.025983277708292007 -0.029899541288614273 -0.03718654811382294
v 0.02544233947992325 -0.029987027868628502 -0.03717144578695297
v 0.024914119392633438 -0.029842643067240715 -0.03719658777117729
v 0.024496257305145264 -0.029493073001503944 -0.037257321178913116
v 0.024265997111797333 -0.02900293655693531 -0.03734242916107178
v 0.02423614077270031 -0.028732893988490105 -0.037389300763607025
v 0.025503017008304596 0.011869369074702263 -0.03736618533730507
v 0.02483939938247204 0.012533623725175858 -0.03810666874051094
v 0.02522871643304825 0.012737083248794079 -0.038141921162605286
v 0.024572767317295074 0.012187909334897995 -0.0380467064678669
v 0.024478109553456306 0.011763843707740307 -0.03797311708331108
v 0.026078175753355026 0.012600045651197433 -0.03811800852417946
v 0.02624712884426117 0.01245870627462864 -0.038093451410532
v 0.025668757036328316 0.012760676443576813 -0.03814595192670822
v 0.026522120460867882 0.01165506150573492 -0.037953924387693405
v 0.02638147957623005 0.011243565008044243 -0.037882525473833084
v 0.026474395766854286 0.012086703442037106 -0.03802885115146637
v 0.025882670655846596 0.010825947858393192 -0.03781011700630188
v 0.025447798892855644 0.01075561624020338 -0.03779797628521919
v 0.026078475639224052 0.010928277857601643 -0.03782784938812256
v 0.02468722313642502 0.011152717284858227 -0.03786701336503029
v 0.024502111598849297 0.011546746827661991 -0.03793543204665184
v 0.02502315118908882 0.010871692560613155 -0.03781818971037865
v 0.02447902411222458 0.010720697231590748 -0.04398326203227043
v 0.024573681876063347 0.011144762858748436 -0.04405684769153595
v 0.02484031207859516 0.011490478180348873 -0.04411681368947029
v 0.02522963099181652 0.01169393677264452 -0.044152066111564636
v 0.02566966973245144 0.011717530898749828 -0.044156093150377274
v 0.02607908844947815 0.011556899175047874 -0.04412815347313881
v 0.026248043403029442 0.01141555979847908 -0.04410359635949135
v 0.02647530846297741 0.011043556965887547 -0.04403899610042572
v 0.026523033156991005 0.010611915029585361 -0.043964069336652756
v 0.02638239413499832 0.010200418531894684 -0.043892670422792435
v 0.026079388335347176 0.009885131381452084 -0.04383799433708191
v 0.02588358335196972 0.009782801382243633 -0.04382026195526123
v 0.025448711588978767 0.009712470695376396 -0.04380812123417854
v 0.025024065747857094 0.009828547015786171 -0.0438283309340477
v 0.02468813583254814 0.010109570808708668 -0.04387715831398964
v 0.02450302429497242 0.010503600351512432 -0.04394557699561119
v 0.02434680610895157 0.011205391027033329 -0.04432114586234093
v 0.024678470566868782 0.011635428294539452 -0.04439573362469673
v 0.025162743404507637 0.01188851147890091 -0.04443958401679993
v 0.025710109621286392 0.011917860247194767 -0.044444598257541656
v 0.026219386607408524 0.011718052439391613 -0.04440984129905701
v 0.026429548859596252 0.011542233638465405 -0.04437929019331932
v 0.026712246239185333 0.011079502291977406 -0.0442989356815815
v 0.026771610602736473 0.010542579926550388 -0.04420573636889458
v 0.026596669107675552 0.010030720382928848 -0.04411692172288895
v 0.02621976099908352 0.009638534858822823 -0.04404890909790993
v 0.02597619593143463 0.009511247277259827 -0.04402685537934303
v 0.02543525956571102 0.0094237569719553 -0.04401174932718277
v 0.02490703947842121 0.00956814456731081 -0.04403689131140709
v 0.024489177390933037 0.00991771649569273 -0.04409762844443321
v 0.024258917197585106 0.01040785014629364 -0.044182732701301575
v 0.024229060858488083 0.01067789550870657 -0.04422960802912712
v -1.496210643381346e-06 0.036988645792007446 -0.041729867458343506
v -0.0006651132134720683 0.03765289857983589 -0.04247035086154938
v -0.0002757954061962664 0.037856362760066986 -0.04250560700893402
v -0.0009317449876107275 0.03730718046426773 -0.042410388588905334
v -0.0010264039738103747 0.036883119493722916 -0.04233679920434952
v 0.0005736625171266496 0.037719324231147766 -0.042481694370508194
v 0.0007426165393553674 0.03757798299193382 -0.042457133531570435
v 0.00016424347995780408 0.037879955023527145 -0.04250963404774666
v 0.0010176070500165224 0.03677434101700783 -0.04231761023402214
v 0.0008769681444391608 0.036362845450639725 -0.04224621132016182
v 0.0009698824724182487 0.037205979228019714 -0.042392533272504807
v 0.00037815613904967904 0.03594522923231125 -0.042173802852630615
v -5.671522012562491e-05 0.03587489575147629 -0.04216166213154793
v 0.0005739628686569631 0.0360475555062294 -0.042191531509160995
v -0.0008172895759344101 0.036271993070840836 -0.042230699211359024
v -0.00100240099709481 0.03666602820158005 -0.042299117892980576
v -0.0004813623381778598 0.035990964621305466 -0.042181871831417084
v -0.001025490928441286 0.035839974880218506 -0.04834694415330887
v -0.000930831884033978 0.03626403585076332 -0.048420533537864685
v -0.0006642001098953187 0.03660975396633148 -0.04848049581050873
v -0.0002748822735156864 0.036813218146562576 -0.04851575195789337
v 0.00016515658353455365 0.036836810410022736 -0.04851977899670601
v 0.0005745756207033992 0.036676179617643356 -0.048491835594177246
v 0.000743529642932117 0.036534834653139114 -0.048467278480529785
v 0.0009707956342026591 0.036162834614515305 -0.04840267822146416
v 0.001018520095385611 0.03573119640350342 -0.04832775518298149
v 0.0008778812480159104 0.035319697111845016 -0.04825635254383087
v 0.0005748759722337127 0.03500440716743469 -0.048201676458120346
v 0.0003790692426264286 0.03490208089351654 -0.048183947801589966
v -5.5802105634938926e-05 0.03483175113797188 -0.04817180708050728
v -0.0004804492346011102 0.034947820007801056 -0.048192016780376434
v -0.0008163764723576605 0.035228848457336426 -0.048240844160318375
v -0.0010014879517257214 0.03562287986278534 -0.048309262841939926
v -0.0011577068362385035 0.036324672400951385 -0.048684827983379364
v -0.0008260430186055601 0.036754705011844635 -0.04875941574573517
v -0.0003417695697862655 0.037007786333560944 -0.04880326986312866
v 0.0002055958320852369 0.037037137895822525 -0.04880828037858009
v 0.0007148731965571642 0.03683732450008392 -0.048773523420095444
v 0.000925035506952554 0.03666150942444801 -0.048742976039648056
v 0.001207732129842043 0.036198779940605164 -0.048662617802619934
v 0.0012670968426391482 0.035661861300468445 -0.048569418489933014
v 0.0010921558132395148 0.035149991512298584 -0.04848060384392738
v 0.0007152467733249068 0.03475780785083771 -0.048412591218948364
v 0.0004716823168564588 0.03463051840662956 -0.04839053750038147
v -6.925522029632702e-05 0.03454303368926048 -0.048375435173511505
v -0.0005974748637527227 0.03468742594122887 -0.048400577157735825
v -0.0010153355542570353 0.03503699228167534 -0.04846131056547165
v -0.0012455960968509316 0.03552712872624397 -0.04854641854763031
v -0.001275453483685851 0.03579717129468918 -0.04859329015016556
v 0.02990391105413437 -0.04017982259392738 -0.033174969255924225
v 0.02989470586180687 0.011054201051592827 -0.04206736758351326
v 0.029428428038954735 -0.04069976881146431 -0.03617016226053238
v 0.029419224709272385 0.010534257628023624 -0.045062556862831116
v 0.029196057468652725 -0.04081164672970772 -0.03681451454758644
v 0.029160965234041214 0.010413157753646374 -0.04576001688838005
v 0.029170170426368713 -0.04082086682319641 -0.036867618560791016
v 0.029070492833852768 -0.0408511646091938 -0.037042077630758286
v 0.02906128764152527 0.010382859967648983 -0.04593447595834732
v 0.029494570568203926 0.016710598021745682 -0.04117271676659584
v 0.029641425237059593 0.016106080263853073 -0.04009617120027542
v 0.029973119497299194 0.012386992573738098 -0.0404222197830677
v 0.02796078473329544 0.017652573063969612 -0.04736347123980522
v 0.027306484058499336 0.019756343215703964 -0.04772870987653732
v 0.02754259668290615 0.019902264699339867 -0.0473710261285305
v 0.026964841410517693 0.02220223657786846 -0.046987615525722504
v 0.026013942435383797 0.024138810113072395 -0.0473240427672863
v 0.02635112963616848 0.024696925655007362 -0.04515533521771431
v 0.025986766442656517 0.024105485528707504 -0.04743170365691185
v 0.02671932615339756 0.02196415700018406 -0.047729019075632095
v 0.025782739743590355 0.02388838119804859 -0.048049427568912506
v 0.026490377262234688 0.021800674498081207 -0.048083528876304626
v 0.025645777583122253 0.023770146071910858 -0.04830571264028549
v 0.025767598301172256 0.02387431636452675 -0.048083484172821045
v 0.02539815753698349 0.02360336296260357 -0.0484984926879406
v 0.02549898996949196 0.02366434596478939 -0.04845993220806122
v 0.025559112429618835 0.02370518445968628 -0.04841112345457077
v 0.028449131175875664 0.015505458228290081 -0.04699065163731575
v 0.028757020831108093 0.013428634963929653 -0.04663082957267761
v 0.028898078948259354 0.01133444532752037 -0.04627831280231476
v 0.028864510357379913 0.010845131240785122 -0.046230558305978775
v 0.02869505062699318 0.01561454962939024 -0.046626653522253036
v 0.02895873412489891 0.015794243663549423 -0.04587511345744133
v 0.02900633215904236 0.01351990643888712 -0.04626305401325226
v 0.029272878542542458 0.013680345378816128 -0.04550816863775253
v 0.02916061319410801 0.011408280581235886 -0.04589652642607689
v 0.029186658561229706 0.016025694087147713 -0.0447869747877121
v 0.02966020070016384 0.011747313663363457 -0.04404432699084282
v 0.029428575187921524 0.011549304239451885 -0.045138273388147354
v 0.028309965506196022 0.0211179219186306 -0.041937850415706635
v 0.02833259105682373 0.021255172789096832 -0.04099006950855255
v 0.029508167877793312 0.016876904293894768 -0.040229979902505875
v 0.028202563524246216 0.01778029091656208 -0.04700262472033501
v 0.027795681729912758 0.020121384412050247 -0.04662632569670677
v 0.028461717069149017 0.017979899421334267 -0.04625454172492027
v 0.028014443814754486 0.020386919379234314 -0.045544106513261795
v 0.01324483472853899 0.03636239841580391 -0.04963754862546921
v 0.013320684432983398 0.0366823747754097 -0.04880346730351448
v 0.015999626368284225 0.0352339893579483 -0.048574771732091904
v 0.010630469769239426 0.03858337551355362 -0.046708930283784866
v 0.007730419747531414 0.039547260850667953 -0.0468110591173172
v 0.0074242763221263885 0.03766542673110962 -0.05094536021351814
v 0.007450796663761139 0.03776828944683075 -0.05093269422650337
v 0.010395729914307594 0.03723381832242012 -0.05041130259633064
v 0.007477795705199242 0.03788081556558609 -0.050874922424554825
v 0.007485078647732735 0.03791254386305809 -0.05085140839219093
v 0.0158273633569479 0.034691791981458664 -0.0499797984957695
v 0.013171815313398838 0.03609291836619377 -0.0502188615500927
v 0.020506663247942924 0.03103475645184517 -0.04934496060013771
v 0.018276726827025414 0.033013973385095596 -0.04969019070267677
v 0.024213997647166252 0.026399876922369003 -0.048529159277677536
v 0.013463886454701424 0.03740248084068298 -0.04656172916293144
v 0.01619068905711174 0.03595064580440521 -0.046353232115507126
v 0.010526033118367195 0.03787403553724289 -0.04897994175553322
v 0.010462217032909393 0.037535279989242554 -0.04982534050941467
v 0.0075147720053792 0.038048241287469864 -0.05071931332349777
v 0.007538976613432169 0.03816673532128334 -0.05056637525558472
v 0.007570760324597359 0.03833414986729622 -0.050297725945711136
v 0.00765657564625144 0.03887306526303291 -0.04907325655221939
v 0.024390066042542458 0.02661307156085968 -0.047928448766469955
v 0.024559995159506798 0.026867274194955826 -0.047069188207387924
v 0.02248220145702362 0.028802406042814255 -0.048952728509902954
v 0.022625669836997986 0.029012640938162804 -0.048362232744693756
v 0.02277618832886219 0.02927202358841896 -0.04751921072602272
v 0.018479488790035248 0.033518750220537186 -0.04828672111034393
v 0.02075057104229927 0.03151559457182884 -0.0479317381978035
v 0.024841146543622017 0.02743893302977085 -0.044775817543268204
v 0.02306489273905754 0.029880879446864128 -0.04526114836335182
v 0.01871931552886963 0.034212470054626465 -0.04607028514146805
v -1.4421055993807386e-06 0.04031331464648247 -0.04786455258727074
v -1.9985236576758325e-06 0.04108617827296257 -0.04443632811307907
v 0.002904642838984728 0.040947698056697845 -0.044411852955818176
v 0.0038557681255042553 0.039242781698703766 -0.050086136907339096
v 0.003883137134835124 0.03960317745804787 -0.049226999282836914
v 0.0037807035259902477 0.03860180452466011 -0.05100283771753311
v 0.0056691779755055904 0.03829331323504448 -0.050949160009622574
v 0.003921148832887411 0.04029664769768715 -0.04692962020635605
v 0.003825109452009201 0.03890325874090195 -0.050681207329034805
v 0.005717284046113491 0.03859394043684006 -0.05062723159790039
v 0.0019163733813911676 0.0390898622572422 -0.05071388557553291
v -8.745778927732317e-07 0.039152152836322784 -0.05072498694062233
v -7.407664952552295e-07 0.038707684725522995 -0.05110815912485123
v -7.766564067424042e-07 0.03884965181350708 -0.05104421451687813
v 0.0019003088818863034 0.038784775882959366 -0.05103526636958122
v -7.858124604354089e-07 0.038881927728652954 -0.05102116987109184
v -8.385072192140797e-07 0.03904957324266434 -0.050857678055763245
v -1.0125964990947978e-06 0.039493683725595474 -0.050130270421504974
v -9.736497759149643e-07 0.03940349817276001 -0.050308652222156525
v -0.007604976184666157 0.03851749747991562 -0.04993821680545807
v -0.007712135557085276 0.0393112376332283 -0.0476970337331295
v -0.003862386103719473 0.03960463032126427 -0.049228426069021225
v -0.00754510099068284 0.038187175989151 -0.050536252558231354
v -0.005685171578079462 0.03859827294945717 -0.050629716366529465
v -0.007432378362864256 0.03768879175186157 -0.05094820633530617
v -0.007461917120963335 0.0378057062625885 -0.05091937258839607
v -0.005637107416987419 0.038297317922115326 -0.050951819866895676
v -0.0018905355827882886 0.03878498822450638 -0.05103567987680435
v -0.003834834787994623 0.03924422338604927 -0.05008755624294281
v -0.00190668273717165 0.03908983990550041 -0.050714459270238876
v -0.0038040834479033947 0.038904689252376556 -0.050682615488767624
v -0.0037718364037573338 0.038601167500019073 -0.05100426450371742
v -0.0074791754595935345 0.037878356873989105 -0.050877440720796585
v -0.007504937704652548 0.0379929393529892 -0.0507793165743351
v -0.007541312836110592 0.03816799819469452 -0.05056414380669594
v -0.002908589318394661 0.04094653204083443 -0.044412534683942795
v -0.0039009859319776297 0.040298111736774445 -0.04693106561899185
v -0.010628717951476574 0.038581740111112595 -0.04670722037553787
v -0.015781864523887634 0.034715451300144196 -0.04998359456658363
v -0.018266648054122925 0.03301680460572243 -0.04969120770692825
v -0.01846969500184059 0.033521831035614014 -0.04828599467873573
v -0.025578483939170837 0.02371183969080448 -0.048391953110694885
v -0.02568002976477146 0.02379102073609829 -0.04825038090348244
v -0.02420121058821678 0.02640927955508232 -0.048533011227846146
v -0.025370627641677856 0.02358030527830124 -0.048505671322345734
v -0.025461338460445404 0.02363280951976776 -0.048484306782484055
v -0.020501496270298958 0.031031915917992592 -0.04934562370181084
v -0.013149105943739414 0.03610130399465561 -0.05021915212273598
v -0.010393191128969193 0.037233926355838776 -0.05040927976369858
v -0.023046087473630905 0.02989600971341133 -0.04526679217815399
v -0.020745690912008286 0.031512994319200516 -0.047930553555488586
v -0.021021444350481033 0.03216572478413582 -0.04570302367210388
v -0.026496393606066704 0.025233913213014603 -0.04246430844068527
v -0.024827957153320312 0.027447344735264778 -0.04478072747588158
v -0.018709739670157433 0.03421473503112793 -0.0460718534886837
v -0.022757211700081825 0.029287703335285187 -0.047522157430648804
v -0.022606827318668365 0.02902841381728649 -0.04836538806557655
v -0.022463589906692505 0.028818102553486824 -0.04895723611116409
v -0.02576538920402527 0.023865768685936928 -0.04808418080210686
v -0.025777574628591537 0.023877078667283058 -0.04805673286318779
v -0.02437695860862732 0.026622457429766655 -0.047930896282196045
v -0.025872137397527695 0.02397078461945057 -0.04780978336930275
v -0.024546675384044647 0.026876451447606087 -0.04707139730453491
v -0.02616637758910656 0.02434629760682583 -0.046557534486055374
v -0.0264208372682333 0.02488069050014019 -0.04426610469818115
v -0.013441482558846474 0.03740992024540901 -0.046562112867832184
v -0.01052379235625267 0.03787372261285782 -0.04897593706846237
v -0.013298154808580875 0.036691006273031235 -0.04880177602171898
v -0.010459805838763714 0.03753533214330673 -0.049821775406599045
v -0.013222225941717625 0.03637110814452171 -0.04963633418083191
v -0.015954067930579185 0.0352584570646286 -0.04857665300369263
v -0.026439176872372627 0.023329874500632286 -0.047149673104286194
v -0.028926972299814224 0.010344350710511208 -0.046096321195364
v -0.02883673459291458 0.0125425411388278 -0.04648148640990257
v -0.028578177094459534 0.014727947302162647 -0.04686073213815689
v -0.028147898614406586 0.01689666509628296 -0.04723704606294632
v -0.02754925563931465 0.019026195630431175 -0.047606535255908966
v -0.026829782873392105 0.02099069021642208 -0.04794863611459732
v -0.025687390938401222 0.023248281329870224 -0.04840679094195366
v -0.025950824841856956 0.022884098812937737 -0.0482945442199707
v -0.028049862012267113 0.019386611878871918 -0.04646550863981247
v -0.02731850929558277 0.021387526765465736 -0.04681268706917763
v -0.027064749971032143 0.02115010656416416 -0.047583624720573425
v -0.026193581521511078 0.02307441458106041 -0.04791748523712158
v -0.02882726676762104 0.014832083135843277 -0.04648730903863907
v -0.02909754030406475 0.015010308474302292 -0.04570609703660011
v -0.028393201529979706 0.017019690945744514 -0.04686693474650383
v -0.028659407049417496 0.017218416556715965 -0.046089280396699905
v -0.027789313346147537 0.019167756661772728 -0.04723966866731644
v -0.028564156964421272 0.02039344422519207 -0.041624490171670914
v -0.02692398987710476 0.024408888071775436 -0.04232117906212807
v -0.026649819687008858 0.023628782480955124 -0.046031106263399124
v -0.02827332355082035 0.019654138013720512 -0.04534149542450905
v -0.029329342767596245 0.015243005007505417 -0.04457604140043259
v -0.029988808557391167 0.011391453444957733 -0.04006228223443031
v -0.02963101491332054 0.01593703031539917 -0.0408511757850647
v -0.02968350052833557 0.010743613354861736 -0.043795160949230194
v -0.029360823333263397 0.012785173021256924 -0.04531993344426155
v -0.029088107869029045 0.012627601623535156 -0.04610472917556763
v -0.029110047966241837 0.010387645103037357 -0.04584668576717377
v -0.029175367206335068 0.010409658774733543 -0.04571978747844696
v -0.029332853853702545 0.010478763841092587 -0.045321471989154816
v -0.02944890223443508 0.010546447709202766 -0.04493138566613197
v -0.029615186154842377 0.010675719007849693 -0.04418640956282616
v -0.029100842773914337 -0.04084637761116028 -0.03695428743958473
v -0.029605980962514877 -0.04055830463767052 -0.03529401123523712
v -0.029323648661375046 -0.0407552607357502 -0.03642907366156578
v -0.02916908822953701 -0.0408233180642128 -0.03682135045528412
v -0.011088797822594643 0.0348113514482975 -0.0133291557431221
v -0.006869080942124128 0.03447836637496948 -0.01525202114135027
v -0.002328507136553526 0.03430836647748947 -0.016236189752817154
v 0.0023206102196127176 0.03430929780006409 -0.01623564399778843
v 0.006860884837806225 0.03448111563920975 -0.015250411815941334
v 0.011080017313361168 0.03481578454375267 -0.013326556421816349
v 0.014780726283788681 0.035297658294439316 -0.010554041713476181
v 0.017789971083402634 0.035904206335544586 -0.007062502205371857
v 0.01996704190969467 0.03660706430673599 -0.003015201771631837
v 0.021210143342614174 0.037373367697000504 0.0013986151898279786
v 0.02146114595234394 0.03816728666424751 0.005972561426460743
v 0.020708315074443817 0.03895169869065285 0.010492765344679356
v 0.01898685283958912 0.03968992084264755 0.014747866429388523
v 0.016377253457903862 0.04034744203090668 0.018538901582360268
v 0.013001536019146442 0.04089350998401642 0.021688606590032578
v 0.00901754666119814 0.041302599012851715 0.024049703031778336
v 0.004611573182046413 0.04155557230114937 0.025511790066957474
v -1.0366324204369448e-05 0.04164060577750206 0.026006503030657768
v -0.0046321554109454155 0.04155372455716133 0.02551070787012577
v -0.00903768464922905 0.04129898548126221 0.02404758706688881
v -0.013020955957472324 0.04088830575346947 0.021685555577278137
v -0.01639571599662304 0.040340885519981384 0.018535060808062553
v -0.01900416426360607 0.03968232497572899 0.014743413776159286
v -0.020724331960082054 0.03894340991973877 0.01048790942877531
v -0.021475790068507195 0.03815869987010956 0.005967528559267521
v -0.0212233979254961 0.03736488148570061 0.0013936413452029228
v -0.019978955388069153 0.03659907355904579 -0.003019883995875716
v -0.017800655215978622 0.035897087305784225 -0.007066674064844847
v -0.014790349639952183 0.03529174253344536 -0.0105575080960989
v -0.0060711815021932125 0.03488366678357124 -0.012917691841721535
v -0.002058581681922078 0.03473343327641487 -0.013787421397864819
v 0.002049940638244152 0.03473425656557083 -0.013786939904093742
v 0.006062276195734739 0.03488609567284584 -0.012916269712150097
v 0.009790811687707901 0.03518185019493103 -0.0112161198630929
v 0.01306120678782463 0.03560769185423851 -0.008765989914536476
v 0.015720538794994354 0.036143708974123 -0.005680443253368139
v 0.01764446124434471 0.03676484152674675 -0.002103758743032813
v 0.018743015825748444 0.03744203969836235 0.0017968232277780771
v 0.01896483264863491 0.038143642246723175 0.00583891524001956
v 0.018299540504813194 0.03883684426546097 0.009833513759076595
v 0.0167782474309206 0.039489228278398514 0.013593836687505245
v 0.014472088776528835 0.040070291608572006 0.016944054514169693
v 0.011488896794617176 0.04055286571383476 0.019727513194084167
v 0.00796816311776638 0.0409143827855587 0.02181406505405903
v 0.004074512980878353 0.0411379411816597 0.02310614101588726
v -9.992096238420345e-06 0.04121308773756027 0.023543328046798706
v -0.004094364121556282 0.041136305779218674 0.023105183616280556
v -0.007987621240317822 0.04091119021177292 0.02181219309568405
v -0.011507721617817879 0.04054826498031616 0.01972481794655323
v -0.014490067958831787 0.0400644987821579 0.016940658912062645
v -0.016795208677649498 0.03948251157999039 0.01358990091830492
v -0.018315358087420464 0.03882952034473419 0.009829222224652767
v -0.01897943578660488 0.03813605383038521 0.005834467709064484
v -0.01875639148056507 0.03743454068899155 0.0017924277344718575
v -0.017656652256846428 0.036757778376340866 -0.0021078966092318296
v -0.01573164202272892 0.0361374206840992 -0.005684129893779755
v -0.013071373105049133 0.03560246527194977 -0.008769053034484386
v -0.009800233878195286 0.03517793118953705 -0.011218416504561901
v -0.014487063512206078 0.03226009011268616 -0.03174218162894249
v -0.013140631839632988 0.033194854855537415 -0.03190421685576439
v -0.01310771331191063 0.033277541399002075 -0.03113262541592121
v 0.011937232688069344 0.03325888141989708 -0.028817113488912582
v 0.010515519417822361 0.033626411110162735 -0.028359033167362213
v 0.008470636792480946 0.03455314040184021 -0.028507158160209656
v -0.005472971126437187 0.03453816473484039 -0.02768171764910221
v -0.006752137094736099 0.03435977175831795 -0.02777436561882496
v -0.004158677998930216 0.03507333621382713 -0.027929438278079033
v 0.004153216257691383 0.03507499769330025 -0.027928462252020836
v 0.0027747200801968575 0.034794844686985016 -0.027574479579925537
v -2.8022141123074107e-06 0.03547075763344765 -0.027997784316539764
v -2.7789155865320936e-06 0.03488348796963692 -0.02754421904683113
v -0.0027802148833870888 0.034793730825185776 -0.027575131505727768
v 0.0068974983878433704 0.03433915227651596 -0.027786117047071457
v 0.0065158368088305 0.03439728543162346 -0.027753422036767006
v 0.0054676649160683155 0.03454035148024559 -0.02768043614923954
v 0.009881420992314816 0.03377308323979378 -0.028211332857608795
v 0.00894373282790184 0.033972516655921936 -0.028037331998348236
v 0.008272220380604267 0.03410305455327034 -0.027938418090343475
v 0.008726492524147034 0.03503238782286644 -0.029425518587231636
v 0.012551250867545605 0.03307052329182625 -0.029077447950839996
v 0.01236148364841938 0.03313231095671654 -0.02899417094886303
v 0.01464712806046009 0.03213859722018242 -0.030326874926686287
v 0.014194898307323456 0.032385602593421936 -0.029971353709697723
v 0.012952079996466637 0.03323076292872429 -0.030074652284383774
v 0.014015011489391327 0.03247537091374397 -0.029850443825125694
v 0.013135342858731747 0.03285934031009674 -0.029353411868214607
v 0.013103719800710678 0.03328278660774231 -0.03112955391407013
v 0.015087658539414406 0.03185427933931351 -0.03082425892353058
v 0.014752757735550404 0.03207550197839737 -0.03042605146765709
v 0.014483620412647724 0.032265886664390564 -0.03173878416419029
v 0.015346789732575417 0.03159112110733986 -0.0316215381026268
v 0.015321518294513226 0.03164742887020111 -0.03136875852942467
v 0.015250016003847122 0.03172371909022331 -0.031130190938711166
v 0.013136851601302624 0.033200111240148544 -0.03190113604068756
v 0.010045640170574188 0.03488556295633316 -0.032194141298532486
v 0.009015168994665146 0.03539310768246651 -0.031496450304985046
v 0.004591553471982479 0.03669114038348198 -0.03172241523861885
v 0.0051409355364739895 0.036507267504930496 -0.032476358115673065
v 0.009037998504936695 0.035315755754709244 -0.032268960028886795
v -0.004596772603690624 0.03668930381536484 -0.031723491847515106
v -0.004608243703842163 0.03661521524190903 -0.03249657526612282
v -2.6882423753704643e-06 0.03712862357497215 -0.03179904446005821
v -2.5830065624177223e-06 0.037055641412734985 -0.032572317868471146
v 0.004603235516697168 0.036617059260606766 -0.032495494931936264
v -0.009019921533763409 0.035389501601457596 -0.03149856626987457
v -0.010050025768578053 0.03488154336810112 -0.032196495682001114
v -0.009042538702487946 0.03531213849782944 -0.03227107971906662
v -0.005145904142409563 0.036505211144685745 -0.03247756138443947
v -0.015345655381679535 0.03160543739795685 -0.03151965141296387
v -0.01534999068826437 0.031584981828927994 -0.031625136733055115
v -0.015303761698305607 0.031667012721300125 -0.03128373995423317
v -0.014123576693236828 0.032418034970760345 -0.029923010617494583
v -0.014648303389549255 0.03213423490524292 -0.030328013002872467
v -0.015025585889816284 0.031895026564598083 -0.030734727159142494
v -0.015206062234938145 0.03175899013876915 -0.031027210876345634
v -0.012728514149785042 0.03300626948475838 -0.029158838093280792
v -0.013139583170413971 0.03285408392548561 -0.029356490820646286
v -0.01295629981905222 0.03322558104991913 -0.03007768839597702
v -0.013778308406472206 0.03258359059691429 -0.02970416471362114
v -0.00891577173024416 0.03531312569975853 -0.03043939732015133
v -0.012538185343146324 0.033071331679821014 -0.029072608798742294
v -0.012555859051644802 0.033065423369407654 -0.02908048778772354
v -0.010323449037969112 0.0336688756942749 -0.02831258997321129
v -0.010520299896597862 0.03362220153212547 -0.028361497446894646
v -0.008731585927307606 0.03502889350056648 -0.02942756377160549
v -0.011592376045882702 0.03335007280111313 -0.02868679165840149
v -0.011941758915781975 0.03325410559773445 -0.028819911181926727
v -0.007249150890856981 0.0342806875705719 -0.027820775285363197
v -0.00826912373304367 0.034101273864507675 -0.027939263731241226
v -0.008475753478705883 0.03454975038766861 -0.028509143739938736
v -0.008948727510869503 0.033968936651945114 -0.02803942933678627
v 0.007243980187922716 0.0342835858464241 -0.0278190765529871
v 0.004314054735004902 0.035772811621427536 -0.028719481080770493
v -2.8518156796053518e-06 0.03618389368057251 -0.028791485354304314
v -0.0043196105398237705 0.03577108308672905 -0.028720492497086525
v -0.004449950531125069 0.0362871028482914 -0.029645293951034546
v -2.8488659609138267e-06 0.03671237453818321 -0.0297184307128191
v 0.004444405436515808 0.03628888353705406 -0.029644250869750977
v -0.004543761722743511 0.03659789636731148 -0.030661722645163536
v -2.7935018351854524e-06 0.03703214228153229 -0.030736403539776802
v 0.004538330249488354 0.03659971058368683 -0.030660659074783325
v 0.008910802192986012 0.03531669080257416 -0.030437307432293892
v 0.012719610705971718 0.033012956380844116 -0.02915375865995884
v 0.012838700786232948 0.032700810581445694 -0.02859160676598549
v 0.013414117507636547 0.032534368336200714 -0.028910629451274872
v 0.013725798577070236 0.032274480909109116 -0.028447270393371582
v 0.015632400289177895 0.03143962100148201 -0.03108302503824234
v 0.016125964000821114 0.031532660126686096 -0.027997849509119987
v 0.01612422615289688 0.03154781460762024 -0.027921553701162338
v 0.015769487246870995 0.03157106786966324 -0.028253355994820595
v 0.014687883667647839 0.03210841491818428 -0.025907931849360466
v 0.013737686909735203 0.03214501962065697 -0.025919469073414803
v 0.015599663369357586 0.032053422182798386 -0.02607250213623047
v 0.015201534144580364 0.031949732452631 -0.026530899107456207
v 0.016073226928710938 0.03182409331202507 -0.026799388229846954
v 0.016132814809679985 0.03191995620727539 -0.026484008878469467
v 0.016127249225974083 0.03184229135513306 -0.02672984078526497
v 0.01612398587167263 0.03178863599896431 -0.0269131101667881
v 0.016123827546834946 0.031551800668239594 -0.027901766821742058
v 0.014809234999120235 0.031920187175273895 -0.027004828676581383
v 0.01606637053191662 0.03134940192103386 -0.029369821771979332
v 0.015416561625897884 0.03164257854223251 -0.028598343953490257
v 0.016037967056035995 0.03133811801671982 -0.029584432020783424
v 0.015079395845532417 0.03176122158765793 -0.02894609048962593
v 0.014761313796043396 0.0319257453083992 -0.029293136671185493
v 0.015207445248961449 0.03172355890274048 -0.029783552512526512
v 0.01587853580713272 0.03134607523679733 -0.030369041487574577
v 0.015572947449982166 0.03151882067322731 -0.030329512432217598
v 0.015761682763695717 0.03138372302055359 -0.030751310288906097
v 0.014465512707829475 0.03213459253311157 -0.029636023566126823
v 0.01214109268039465 0.032958462834358215 -0.028458816930651665
v 0.01223672367632389 0.032840192317962646 -0.02829466573894024
v 0.013438284397125244 0.03214724361896515 -0.02636961080133915
v 0.014428697526454926 0.031965047121047974 -0.027487074956297874
v 0.013333307579159737 0.03216204419732094 -0.026529870927333832
v 0.01406573224812746 0.03208380565047264 -0.02797033078968525
v 0.012886280193924904 0.03231293708086014 -0.02722753956913948
v 0.012573834508657455 0.03251371160149574 -0.02773168496787548
v 0.012371353805065155 0.03269418701529503 -0.028067125007510185
v 0.010669007897377014 0.03327466547489166 -0.02795935980975628
v 0.007318531163036823 0.03382803127169609 -0.027387091889977455
v 0.005515383556485176 0.034041766077280045 -0.027247175574302673
v 0.005515373777598143 0.03404185548424721 -0.027247263118624687
v 0.009053635410964489 0.033567506819963455 -0.02761487290263176
v 0.010020327754318714 0.032432831823825836 -0.024318931624293327
v 0.010844224132597446 0.03296689689159393 -0.02751935087144375
v 0.009489668533205986 0.03267897665500641 -0.026063047349452972
v 0.007513147778809071 0.03307952359318733 -0.026335498318076134
v 0.009328965097665787 0.03291069716215134 -0.026618419215083122
v 0.007408709730952978 0.03342199698090553 -0.02688959613442421
v 0.00918267946690321 0.03320987895131111 -0.02713923342525959
v 0.005660044960677624 0.03314650058746338 -0.02603987790644169
v 0.005644908640533686 0.03321300446987152 -0.026161517947912216
v 0.005574740469455719 0.03359384462237358 -0.026737922802567482
v 0.00555138336494565 0.033753152936697006 -0.0269353948533535
v 0.0059932260774075985 0.03257893770933151 -0.02351667359471321
v 0.005930714309215546 0.032579679042100906 -0.023971861228346825
v 0.009839516133069992 0.032439056783914566 -0.02489977516233921
v 0.011038750410079956 0.03271140158176422 -0.027045775204896927
v 0.011249273084104061 0.03251482546329498 -0.02654709294438362
v 0.011471755802631378 0.032381631433963776 -0.02603299543261528
v 0.011701693758368492 0.03231377899646759 -0.025513755157589912
v 0.011934412643313408 0.032310668379068375 -0.02499958872795105
v 0.005901048891246319 0.03259507939219475 -0.024190468713641167
v 0.005900945048779249 0.03259515017271042 -0.02419123984873295
v 0.00966121070086956 0.0325208455324173 -0.025485649704933167
v 0.005788512993603945 0.03274908289313316 -0.025036219507455826
v 0.005724146496504545 0.032914116978645325 -0.02553321234881878
v -0.02449137344956398 -0.03526560962200165 -0.004805159289389849
v -0.023991461843252182 -0.034772876650094986 -0.00489060441032052
v -0.02417449839413166 -0.03444747254252434 -0.003015595953911543
v -0.024665258824825287 -0.03495647758245468 -0.00302390125580132
v -0.024716351181268692 -0.03413403779268265 -0.0012091615935787559
v -0.025180019438266754 -0.03465871512889862 -0.0013077871408313513
v -0.0260168369859457 -0.03438320383429527 0.00028045233921147883
v -0.030978716909885406 -0.031332943588495255 0.017859820276498795
v -0.03097841888666153 -0.031674593687057495 0.01589140295982361
v -0.030534105375409126 -0.0324133075773716 0.011634796857833862
v -0.028661005198955536 -0.03352046757936478 0.005253883078694344
v -0.0009982289047911763 -0.02619928866624832 0.047406625002622604
v -0.006700912490487099 -0.02632303722202778 0.04669954627752304
v -0.01308534573763609 -0.026694467291235924 0.044566139578819275
v -0.0188506580889225 -0.02729305811226368 0.04112328961491585
v -0.023724175989627838 -0.028090503066778183 0.036533817648887634
v -0.02747541293501854 -0.029049083590507507 0.031014785170555115
v -0.029926951974630356 -0.03012346476316452 0.02482721395790577
v -0.03096284531056881 -0.0312628336250782 0.018263746052980423
v 0.030989082530140877 -0.03132054954767227 0.017867082729935646
v 0.03097308799624443 -0.031250447034835815 0.018271004781126976
v 0.02993519976735115 -0.030111491680145264 0.024834230542182922
v 0.02748178131878376 -0.029038092121481895 0.031021226197481155
v 0.02372886799275875 -0.028081011027097702 0.03653937950730324
v 0.01885395497083664 -0.027285518124699593 0.041127707809209824
v 0.013087596744298935 -0.026689231395721436 0.04456920921802521
v 0.006702514830976725 -0.026320355013012886 0.04670111835002899
v 0.0009996166918426752 -0.026198888197541237 0.04740685969591141
v 0.026032544672489166 -0.03437279537320137 0.0002865532587748021
v 0.028675200417637825 -0.03350900113582611 0.005260603968054056
v 0.030546361580491066 -0.03240108862519264 0.011641955934464931
v 0.030989380553364754 -0.031662195920944214 0.01589866727590561
v 0.024732308462262154 -0.03412414714694023 -0.0012033655075356364
v 0.02519620768725872 -0.03464863821864128 -0.0013018823228776455
v 0.024191003292798996 -0.03443780168890953 -0.003009926760569215
v 0.024681968614459038 -0.034946609288454056 -0.003018117044121027
v 0.024008536711335182 -0.03476327657699585 -0.004884978290647268
v 0.024508625268936157 -0.035255808383226395 -0.004799415823072195
v 0.02451147325336933 -0.038509245961904526 -0.02354426495730877
v 0.02451116405427456 -0.03815670311450958 -0.02151307836174965
v 0.02401314675807953 -0.040029339492321014 -0.03522568568587303
v 0.0006934981793165207 0.04982668161392212 0.03929553180932999
v 0.0007954349275678396 0.0499439500272274 0.03927301615476608
v 0.0007955832406878471 0.049774497747421265 0.03829670324921608
v 0.0008771748398430645 0.050075020641088486 0.03924832120537758
v 0.0009373267530463636 0.05021774768829346 0.03922199457883835
v 0.0009864622261375189 0.05035366117954254 0.03819621354341507
v 0.0009738744702190161 0.05036725103855133 0.03919505327939987
v 0.0009863146115094423 0.05052229389548302 0.03916779160499573
v 0.0005742444191128016 0.04972666874527931 0.03931505233049393
v 0.0002956475655082613 0.049416471272706985 0.038358770310878754
v 0.0004406704392749816 0.049646295607089996 0.039330944418907166
v 0.0002954980591312051 0.04958725348114967 0.0393427312374115
v 9.116673027165234e-05 0.04937361180782318 0.038366176187992096
v 9.101706382352859e-05 0.049544595181941986 0.03935129940509796
v -0.00046700568054802716 0.04964574798941612 0.03933091089129448
v -0.00032253589597530663 0.049587130546569824 0.03934265673160553
v -0.00032238641870208085 0.049416348338127136 0.038358695805072784
v -0.00016939089982770383 0.04955115541815758 0.039349932223558426
v -1.3510450116882566e-05 0.049539197236299515 0.03935237228870392
v -0.0009044444304890931 0.05007477477192879 0.039248090237379074
v -0.0008225990459322929 0.049943625926971436 0.03927282616496086
v -0.0008224506746046245 0.0497741736471653 0.03829651698470116
v -0.0007203018176369369 0.04982609301805496 0.03929542750120163
v -0.0006013537058606744 0.0497264489531517 0.039314910769462585
v -0.001013537752442062 0.05035325884819031 0.038195978850126266
v -0.0010136853670701385 0.05052189156413078 0.039167556911706924
v -0.00100132601801306 0.050367701798677444 0.03919466957449913
v -0.0009646972757764161 0.05021769925951958 0.039221711456775665
v 0.0009855771204456687 0.055280011147260666 0.037341173738241196
v 0.0009854295058175921 0.05544864386320114 0.03831275552511215
v -0.001014422858133912 0.05527961254119873 0.03734093904495239
v -0.0010145704727619886 0.05544824153184891 0.03831252083182335
v 0.006941294763237238 0.04456932470202446 -0.024374928325414658
v 0.00682058883830905 0.0441596657037735 -0.02381148561835289
v 0.007012986112385988 0.044161342084407806 -0.023801973089575768
v 0.007194790989160538 0.044150449335575104 -0.023864850401878357
v 0.0073387715965509415 0.044128626585006714 -0.023990539833903313
v 0.004228657577186823 0.04407063499093056 -0.02432185411453247
v 0.004303536377847195 0.044478729367256165 -0.02489442192018032
v 0.003939004614949226 0.04404453933238983 -0.024471815675497055
v 0.004070623777806759 0.044061772525310516 -0.024373047053813934
v 0.003936690278351307 0.04439234733581543 -0.025391744449734688
v 0.0036999268922954798 0.04399506375193596 -0.024756627157330513
v 0.004104302730411291 0.04443750157952309 -0.02513176016509533
v 0.0033873969223350286 0.04425787180662155 -0.02616596221923828
v 0.0026841014623641968 0.04414631798863411 -0.02680795080959797
v 0.0018587285885587335 0.04406275227665901 -0.027288569137454033
v 0.0009487444185651839 0.04401096701622009 -0.02758600190281868
v -4.543271188595099e-06 0.04399330914020538 -0.027686743065714836
v -0.0009578615427017212 0.04401058331131935 -0.027586225420236588
v -0.0018679359927773476 0.04406200721859932 -0.027289006859064102
v -0.0026934549678117037 0.04414524510502815 -0.02680858224630356
v -0.0033969455398619175 0.04425651580095291 -0.026166757568717003
v -0.0039464738219976425 0.04439077153801918 -0.025392668321728706
v -0.004114165436476469 0.044435858726501465 -0.02513272501528263
v -0.004313471261411905 0.044477008283138275 -0.024895431473851204
v -0.003948864992707968 0.044042959809303284 -0.024472739547491074
v -0.003709697863087058 0.04399358108639717 -0.024757495149970055
v -0.00423856358975172 0.04406893998384476 -0.02432284504175186
v -0.004081320017576218 0.04406021535396576 -0.024373583495616913
v -0.0068306527100503445 0.044156935065984726 -0.02381308563053608
v -0.0069513870403170586 0.04456654563546181 -0.024376556277275085
v -0.00734894210472703 0.04412565380334854 -0.023992473259568214
v -0.007204835768789053 0.04414756968617439 -0.02386653795838356
v -0.007023341488093138 0.04415852949023247 -0.02380366064608097
v -0.02949114330112934 -0.021982640027999878 -0.029434513300657272
v -0.029491068795323372 -0.022108152508735657 -0.029864424839615822
v -0.02949097938835621 -0.022326180711388588 -0.030255630612373352
v -0.02949087880551815 -0.022625794634222984 -0.030588509514927864
v -0.029490776360034943 -0.02299196831882 -0.03084637224674225
v -0.029490673914551735 -0.023406339809298515 -0.031016288325190544
v -0.029490577057003975 -0.02384813502430916 -0.031089739874005318
v -0.02949048951268196 -0.024295195937156677 -0.031063036993145943
v -0.02949024736881256 -0.0289576668292284 -0.025179047137498856
v -0.029489798471331596 -0.029470689594745636 -0.02813485451042652
v -0.029491592198610306 -0.021469617262482643 -0.026478705927729607
v -0.02949032187461853 -0.02883215621113777 -0.024749135598540306
v -0.029490411281585693 -0.02861412800848484 -0.024357931688427925
v -0.029490511864423752 -0.028314515948295593 -0.024025050923228264
v -0.02949061430990696 -0.027948342263698578 -0.02376718819141388
v -0.029490716755390167 -0.027533968910574913 -0.023597273975610733
v -0.029490813612937927 -0.02709217369556427 -0.02352382056415081
v -0.02949090115725994 -0.02664511278271675 -0.023550523445010185
v -0.029491538181900978 -0.023098142817616463 -0.024166150018572807
v -0.02949160896241665 -0.022668231278657913 -0.024291660636663437
v -0.029491661116480827 -0.022277027368545532 -0.024509690701961517
v -0.029491692781448364 -0.02194414846599102 -0.024809302762150764
v -0.02949170209467411 -0.021686285734176636 -0.02517547644674778
v -0.029491687193512917 -0.02151636779308319 -0.025589847937226295
v -0.029491649940609932 -0.021442918106913567 -0.026031645014882088
v -0.029489852488040924 -0.027842165902256966 -0.03044741041958332
v -0.029489781707525253 -0.028272077441215515 -0.03032190166413784
v -0.029489729553461075 -0.028663281351327896 -0.03010386973619461
v -0.029489697888493538 -0.028996160253882408 -0.029804259538650513
v -0.029489688575267792 -0.029254024848341942 -0.029438085854053497
v -0.029489703476428986 -0.029423940926790237 -0.029023712500929832
v -0.02948974072933197 -0.029497390612959862 -0.02858191728591919
v -0.023990489542484283 -0.024294095113873482 -0.03106239251792431
v -0.023990565910935402 -0.02390309050679207 -0.031091252341866493
v -0.023990647867321968 -0.023513969033956528 -0.0310432780534029
v -0.02399073727428913 -0.023141682147979736 -0.03092031180858612
v -0.023990828543901443 -0.022800540551543236 -0.030727075412869453
v -0.023990917950868607 -0.022503649815917015 -0.03047100268304348
v -0.023991001769900322 -0.022262422367930412 -0.03016192838549614
v -0.02399107813835144 -0.02208612859249115 -0.02981172874569893
v -0.023991143330931664 -0.02198154106736183 -0.02943386882543564
v -0.023991592228412628 -0.021468518301844597 -0.026478061452507973
v -0.023991644382476807 -0.021439658477902412 -0.02608705312013626
v -0.023991679772734642 -0.021487632766366005 -0.02569793164730072
v -0.023991700261831284 -0.021610599011182785 -0.025325646623969078
v -0.023991700261831284 -0.021803835406899452 -0.024984505027532578
v -0.02399168349802494 -0.022059909999370575 -0.024687614291906357
v -0.023991649970412254 -0.022368984296917915 -0.024446388706564903
v -0.023991601541638374 -0.022719180211424828 -0.02427009306848049
v -0.0239915382117033 -0.023097041994333267 -0.024165505543351173
v -0.023990901187062263 -0.026644013822078705 -0.02354987896978855
v -0.023990826681256294 -0.027035018429160118 -0.023521019145846367
v -0.02399074286222458 -0.02742413990199566 -0.02356899343430996
v -0.023990653455257416 -0.02779642678797245 -0.02369195967912674
v -0.023990562185645103 -0.02813756838440895 -0.023885196074843407
v -0.02399047277867794 -0.02843445912003517 -0.02414126880466938
v -0.023990388959646225 -0.028675686568021774 -0.02445034310221672
v -0.023990312591195107 -0.028851980343461037 -0.024800539016723633
v -0.023990247398614883 -0.028956567868590355 -0.02517840266227722
v -0.02398979850113392 -0.02946959063410759 -0.028134210035204887
v -0.02398974634706974 -0.029498450458049774 -0.0285252146422863
v -0.023989710956811905 -0.02945047616958618 -0.02891433984041214
v -0.023989692330360413 -0.029327508062124252 -0.029286624863743782
v -0.023989690467715263 -0.029134273529052734 -0.029627766460180283
v -0.023989707231521606 -0.02887819893658161 -0.029924657195806503
v -0.023989740759134293 -0.02856912463903427 -0.030165882781147957
v -0.023989789187908173 -0.02821892686188221 -0.03034217841923237
v -0.023989852517843246 -0.02784106694161892 -0.030446765944361687
v -0.023986851796507835 -0.04003893956542015 -0.03523131459951401
v -0.024488525465130806 -0.03851904720067978 -0.023550009354948997
v -0.02448883280158043 -0.038166504353284836 -0.021518822759389877
v -0.019052891060709953 0.04250909760594368 0.011732708662748337
v -0.01697707735002041 0.043179262429475784 0.015591762959957123
v -0.014107798226177692 0.0437575988471508 0.018920905888080597
v -0.010579215362668037 0.0442170612514019 0.021564466878771782
v -0.0065563214011490345 0.04453616589307785 0.023398838937282562
v -0.002227222779765725 0.04469999298453331 0.024338247254490852
v 0.002205657074227929 0.044700879603624344 0.024338766932487488
v 0.006535041145980358 0.04453878477215767 0.02340037375688553
v 0.010558492504060268 0.044221289455890656 0.02156694605946541
v 0.014087878167629242 0.043763238936662674 0.018924210220575333
v 0.016958169639110565 0.04318604990839958 0.015595740638673306
v 0.019035154953598976 0.042516715824604034 0.011737173423171043
v 0.020221713930368423 0.04178652912378311 0.0075289285741746426
v 0.020462369546294212 0.04102963209152222 0.003167780116200447
v 0.01974586211144924 0.04028141871094704 -0.0011423497926443815
v 0.018105700612068176 0.03957687318325043 -0.005199924577027559
v 0.015618575736880302 0.038948941975831985 -0.008815214969217777
v 0.012400781735777855 0.03842698037624359 -0.011819177307188511
v 0.008602779358625412 0.038035403937101364 -0.014071345329284668
v 0.004402158781886101 0.03779251500964165 -0.015466413460671902
v -4.663465460907901e-06 0.03770967200398445 -0.015939150005578995
v -0.004411629401147366 0.037790752947330475 -0.015467447228729725
v -0.008612673729658127 0.038031961768865585 -0.014073362573981285
v -0.012411360628902912 0.03842201828956604 -0.01182208489626646
v -0.015630066394805908 0.038942690938711166 -0.00881887786090374
v -0.01811829023063183 0.03956962749361992 -0.005204170476645231
v -0.019759684801101685 0.040273517370224 -0.0011469804449006915
v -0.020477501675486565 0.0410214439034462 0.003162981243804097
v -0.02023817040026188 0.041778434067964554 0.0075241862796247005
v -0.0020589004270732403 0.03650692105293274 -0.014095235615968704
v -0.0020805299282073975 0.03666996583342552 -0.014325338415801525
v -0.006071500014513731 0.03665715456008911 -0.013225505128502846
v -0.006135367322713137 0.03682177886366844 -0.013446453958749771
v -0.009800552390515804 0.03695141524076462 -0.011526229791343212
v -0.009903673082590103 0.03711913898587227 -0.011729291640222073
v -0.013071691617369652 0.037375953048467636 -0.009076867252588272
v -0.01320924423635006 0.03754814341664314 -0.009254143573343754
v -0.01573196053504944 0.03791090473532677 -0.005991943646222353
v -0.015897516161203384 0.03808872774243355 -0.006136748008430004
v -0.017656970769166946 0.038531266152858734 -0.002415710361674428
v -0.017842790111899376 0.03871561959385872 -0.002522870199754834
v -0.01875670999288559 0.039208024740219116 0.0014846138656139374
v -0.01895410567522049 0.03939950466156006 0.0014185101026669145
v -0.0189797542989254 0.03990953788161278 0.005526653956621885
v -0.01917949877679348 0.04010840132832527 0.005503098014742136
v -0.018315676599740982 0.04060300439596176 0.009521408937871456
v -0.018508430570364 0.04080916568636894 0.009539902210235596
v -0.016795527189970016 0.041255999356508255 0.01328208763152361
v -0.01697227917611599 0.0414690338075161 0.013340167701244354
v -0.014490386471152306 0.04183798283338547 0.016632845625281334
v -0.014642873778939247 0.04205714538693428 0.016726195812225342
v -0.011508040130138397 0.04232174903154373 0.01941700465977192
v -0.011629135347902775 0.04254600405693054 0.019539661705493927
v -0.007987940683960915 0.04268467798829079 0.02150437980890274
v -0.008071981370449066 0.04291275143623352 0.021649010479450226
v -0.0040946826338768005 0.04290979355573654 0.022797370329499245
v -0.004137741401791573 0.0431402362883091 0.02295561134815216
v -1.0310731340723578e-05 0.04298657178878784 0.023235514760017395
v -1.0376073078077752e-05 0.04321782663464546 0.023398369550704956
v 0.004074194002896547 0.042911428958177567 0.02279832772910595
v 0.004117123782634735 0.043141886591911316 0.02295657806098461
v 0.007967844605445862 0.04268786683678627 0.02150624990463257
v 0.008051760494709015 0.04291597381234169 0.021650901064276695
v 0.011488578282296658 0.04232634976506233 0.019419699907302856
v 0.011609555222094059 0.04255065321922302 0.019542386755347252
v 0.014471770264208317 0.041843775659799576 0.016636239364743233
v 0.014624148607254028 0.042062997817993164 0.016729626804590225
v 0.016777928918600082 0.04126271232962608 0.01328602246940136
v 0.016954582184553146 0.0414758175611496 0.013344144448637962
v 0.018299221992492676 0.04061032831668854 0.009525700472295284
v 0.01849188841879368 0.040816567838191986 0.00954423937946558
v 0.018964512273669243 0.03991713002324104 0.0055311014875769615
v 0.019164184108376503 0.040116071701049805 0.00550759257748723
v 0.018742697313427925 0.03921552747488022 0.001489009358920157
v 0.0189400315284729 0.03940708190202713 0.0014229518128558993
v 0.017644142732024193 0.03853832557797432 -0.002411572728306055
v 0.017829913645982742 0.03872275352478027 -0.0025186887942254543
v 0.015720220282673836 0.03791719675064087 -0.005988257005810738
v 0.015885738655924797 0.03809508681297302 -0.006133022718131542
v 0.013060888275504112 0.03738117963075638 -0.009073804132640362
v 0.013198413886129856 0.03755342587828636 -0.009251048788428307
v 0.009790493175387383 0.0369553342461586 -0.011523934081196785
v 0.009893594309687614 0.037123098969459534 -0.01172697078436613
v 0.0060619572177529335 0.03665957972407341 -0.013224082998931408
v 0.00612581055611372 0.03682423010468483 -0.013445015996694565
v 0.0020496221259236336 0.0365077406167984 -0.014094754122197628
v 0.0020712404511868954 0.03667079657316208 -0.014324851334095001
v -4.622473170456942e-06 0.036488283425569534 -0.014204733073711395
v -4.627938324119896e-06 0.0366511307656765 -0.01443598885089159
v 0.008603009395301342 0.0367545522749424 -0.013849034905433655
v 0.004402388818562031 0.03651166334748268 -0.015244103968143463
v -0.018118061125278473 0.03828877583146095 -0.004981860984116793
v -0.01975945569574833 0.03899266570806503 -0.0009246705449186265
v -0.016976848244667053 0.04189841449260712 0.015814073383808136
v -0.014107568189501762 0.042476750910282135 0.01914321444928646
v -4.433340109244455e-06 0.036428824067115784 -0.01571683958172798
v -0.004411398898810148 0.03650990128517151 -0.015245136804878712
v -0.02047727070748806 0.03974059224128723 0.003385291201993823
v -0.020237941294908524 0.040497586131095886 0.007746496237814426
v -0.01905266009271145 0.041228245943784714 0.01195501908659935
v -0.015629837289452553 0.0376618392765522 -0.008596568368375301
v -0.008612443692982197 0.03675111010670662 -0.013851053081452847
v -0.012411130592226982 0.03714117035269737 -0.011599775403738022
v -0.010578985325992107 0.042936213314533234 0.021786777302622795
v -0.0065560913644731045 0.043255314230918884 0.023621147498488426
v -0.0022269925102591515 0.043419141322374344 0.024560557678341866
v 0.002205887110903859 0.04342002794146538 0.0245610773563385
v 0.006535271182656288 0.0432579331099987 0.023622682318091393
v 0.010558722540736198 0.04294043779373169 0.021789254620671272
v 0.014088108204305172 0.04248238727450371 0.019146520644426346
v 0.01695840060710907 0.041905201971530914 0.015818050131201744
v 0.01903538405895233 0.04123586416244507 0.011959482915699482
v 0.020221944898366928 0.040505677461624146 0.0077512385323643684
v 0.020462598651647568 0.03974878042936325 0.0033900898415595293
v 0.019746093079447746 0.03900056704878807 -0.0009200399508699775
v 0.01810593158006668 0.03829602152109146 -0.004977614618837833
v 0.015618805773556232 0.03766809031367302 -0.008592905476689339
v 0.01240101270377636 0.037146132439374924 -0.011596866883337498
v 0.023999420925974846 0.015978114679455757 -0.013691871426999569
v 0.02409742958843708 0.016217224299907684 -0.01231432892382145
v 0.02418188750743866 0.016303589567542076 -0.011816820129752159
v 0.02440372109413147 0.01645977795124054 -0.010917164385318756
v 0.024723190814256668 0.016617240384221077 -0.010010259225964546
v 0.020296502858400345 0.029124777764081955 -0.01918918266892433
v 0.018795300275087357 0.030998533591628075 -0.021104009822010994
v 0.01883423887193203 0.030136005952954292 -0.022033115848898888
v 0.0202940646559 0.02836243435740471 -0.020043810829520226
v 0.02156393602490425 0.026382697746157646 -0.01805119216442108
v 0.021605556830763817 0.027033383026719093 -0.017260411754250526
v 0.023645874112844467 0.01988946832716465 -0.015135983005166054
v 0.02384333312511444 0.018609216436743736 -0.01449061930179596
v 0.023919526487588882 0.019104231148958206 -0.013130966573953629
v 0.023911267518997192 0.01796674355864525 -0.014231043867766857
v 0.019132142886519432 0.032897867262363434 -0.019431695342063904
v 0.017421212047338486 0.030891237780451775 -0.025024112313985825
v 0.018894823268055916 0.0319264680147171 -0.020229481160640717
v 0.020654205232858658 0.030767548829317093 -0.017616143450140953
v 0.02100251242518425 0.031615566462278366 -0.01692885346710682
v 0.021451905369758606 0.032458897680044174 -0.01632385328412056
v 0.022721150889992714 0.029812820255756378 -0.014498292468488216
v 0.024729277938604355 0.020159654319286346 -0.010449237190186977
v 0.02340705320239067 0.021782150492072105 -0.014470857568085194
v 0.023392528295516968 0.021041087806224823 -0.01586289145052433
v 0.021161295473575592 0.026236845180392265 -0.020773665979504585
v 0.02137184701859951 0.02589685097336769 -0.020377591252326965
v 0.021618453785777092 0.02576996199786663 -0.018857380375266075
v 0.021755602210760117 0.02522900141775608 -0.01962757669389248
v 0.022965937852859497 0.022478656843304634 -0.016962120309472084
v 0.01836978644132614 0.029649604111909866 -0.025225093588232994
v 0.019281532615423203 0.02870488539338112 -0.02391306310892105
v 0.019005702808499336 0.02935701049864292 -0.022992758080363274
v 0.020406175404787064 0.027658145874738693 -0.020920516923069954
v 0.018249331042170525 0.029765387997031212 -0.025389689952135086
v 0.0242166630923748 0.01963077113032341 -0.011757221072912216
v 0.022839553654193878 0.025277933105826378 -0.014700024388730526
v 0.022608231753110886 0.024201851338148117 -0.01616078056395054
v 0.022611606866121292 0.023695191368460655 -0.016911635175347328
v 0.023093705996870995 0.02209116518497467 -0.016645092517137527
v 0.017192743718624115 0.03172770142555237 -0.023970048874616623
v 0.02041693963110447 0.029931699857115746 -0.018374402076005936
v 0.021744990721344948 0.027712542563676834 -0.01649804599583149
v 0.021980835124850273 0.028409605845808983 -0.01577647775411606
v 0.022308630868792534 0.02911340817809105 -0.015106809325516224
v 0.02367813140153885 0.022589627653360367 -0.013072896748781204
v 0.02420286275446415 0.02341475710272789 -0.011759703978896141
v 0.02376050129532814 0.026948794722557068 -0.012747405096888542
v 0.023382095620036125 0.026393592357635498 -0.013355572707951069
v -0.024725468829274178 0.01660735160112381 -0.010016054846346378
v -0.024405723437666893 0.01645001582801342 -0.010922885499894619
v -0.024183614179491997 0.01629391498863697 -0.011822489090263844
v -0.02409900724887848 0.016207585111260414 -0.012319978326559067
v -0.024000579491257668 0.01596851460635662 -0.013697497546672821
v -0.023922067135572433 0.019094662740826607 -0.013136574067175388
v -0.02145903930068016 0.03245031461119652 -0.016328882426023483
v -0.01883910596370697 0.030128471553325653 -0.022037530317902565
v -0.01742568053305149 0.030884267762303352 -0.025028197094798088
v -0.01719779334962368 0.03172082453966141 -0.023974081501364708
v -0.01612788438796997 0.031545352190732956 -0.027905547991394997
v -0.017765522003173828 0.030208038166165352 -0.02604086697101593
v -0.01612827740609646 0.0315413661301136 -0.027925333008170128
v -0.01612999103963375 0.03152620792388916 -0.028001630678772926
v -0.01612837053835392 0.031782183796167374 -0.02691689133644104
v -0.016131697222590446 0.03183583915233612 -0.026733621954917908
v -0.01613735221326351 0.031913504004478455 -0.026487791910767555
v -0.021151136606931686 0.026250027120113373 -0.02080415189266205
v -0.020616192370653152 0.02704291231930256 -0.02176453359425068
v -0.020410312339663506 0.027649981901049614 -0.02092530019581318
v -0.019685233011841774 0.02823946811258793 -0.0233027134090662
v -0.02261509746313095 0.02368614450097084 -0.01691693626344204
v -0.02309584803879261 0.022084355354309082 -0.01665244624018669
v -0.02224412001669407 0.02426350861787796 -0.018625909462571144
v -0.023395203053951263 0.021031728014349937 -0.015868375077843666
v -0.02341035008430481 0.021772785112261772 -0.014476344920694828
v -0.023731645196676254 0.019403178244829178 -0.014881174080073833
v -0.023845355957746506 0.018599679693579674 -0.014496209099888802
v -0.02395346760749817 0.01743641495704651 -0.01405732985585928
v -0.024207448586821556 0.023405075073242188 -0.011765378527343273
v -0.024732869118452072 0.02014976181089878 -0.010455034673213959
v -0.02272765338420868 0.029803728684782982 -0.014503619633615017
v -0.02376626990735531 0.026939289644360542 -0.012752976268529892
v -0.020660359412431717 0.030759286135435104 -0.017620986327528954
v -0.021009167656302452 0.031607162207365036 -0.016933778300881386
v -0.018900828436017036 0.03191890940070152 -0.020233910530805588
v -0.019138723611831665 0.03289021551609039 -0.019436180591583252
v -0.024219734594225883 0.01962108351290226 -0.011762899346649647
v -0.02368207834661007 0.022580154240131378 -0.013078447431325912
v -0.023387499153614044 0.02638423815369606 -0.013361054472625256
v -0.02284419536590576 0.02526879496872425 -0.014705379493534565
v -0.022314712405204773 0.029104482382535934 -0.015112039633095264
v -0.018800729885697365 0.03099101409316063 -0.021108416840434074
v -0.02042258158326149 0.02992353029549122 -0.01837918907403946
v -0.021750185638666153 0.027703842148184776 -0.016503144055604935
v -0.021610300987958908 0.02702474035322666 -0.017265478149056435
v -0.020301630720496178 0.029116656631231308 -0.019193939864635468
v -0.020298687741160393 0.02835431508719921 -0.02004856988787651
v -0.019010033458471298 0.02934940718114376 -0.022997213527560234
v -0.021986477077007294 0.028400812298059464 -0.01578163169324398
v -0.021622318774461746 0.02576131373643875 -0.018862448632717133
v -0.02261210046708584 0.02419280633330345 -0.01616608165204525
v -0.023236695677042007 0.021618559956550598 -0.016291508451104164
v -0.021568235009908676 0.02637406997382641 -0.018056249246001244
v -0.01826244406402111 0.029749322682619095 -0.02538149431347847
v 0.024204060435295105 0.010677890852093697 -0.04422961175441742
v 0.024004030972719193 0.010712051764130592 -0.04403258115053177
v -2.2335522942285024e-07 0.034516576677560806 -0.048370830714702606
v -2.1788886783724593e-07 0.034353721886873245 -0.048139575868844986
v 0.0051433006301522255 0.033805347979068756 -0.048043616116046906
v 0.010048005729913712 0.03218364343047142 -0.047761403024196625
v 0.014485985040664673 0.029563965275883675 -0.04730604588985443
v 0.01825101301074028 0.026068052276968956 -0.04669870808720589
v 0.021168136969208717 0.021858353167772293 -0.04596761241555214
v 0.023101801052689552 0.017130477353930473 -0.045146726071834564
v 0.023962153121829033 0.012104129418730736 -0.04427420347929001
v -0.005143539048731327 0.03380328789353371 -0.04804482311010361
v -0.010047661140561104 0.03217962384223938 -0.04776375740766525
v -0.014484698884189129 0.029558170586824417 -0.04730943962931633
v -0.01824847050011158 0.02606075257062912 -0.04670298472046852
v -0.02116408199071884 0.02184988744556904 -0.04597257450222969
v -0.023096047341823578 0.017121238633990288 -0.04515214264392853
v -0.023954592645168304 0.012094545178115368 -0.04427981749176979
v -0.02399596944451332 0.010702451691031456 -0.044038206338882446
v -0.024195939302444458 0.010668209753930569 -0.04423528537154198
v -0.01607765257358551 0.031817663460969925 -0.02680315636098385
v -0.01577346958220005 0.03156476095318794 -0.028257053345441818
v -0.015206072479486465 0.03194365277886391 -0.026534462347626686
v -0.015604350715875626 0.03204717859625816 -0.02607616037130356
v -0.014692631550133228 0.032102540135383606 -0.025911375880241394
v -0.01374245248734951 0.032139621675014496 -0.02592269517481327
v -0.013428141362965107 0.03214352950453758 -0.026395268738269806
v -0.014813650399446487 0.03191426396369934 -0.02700830064713955
v -0.015627466142177582 0.03143726661801338 -0.031105369329452515
v -0.015948526561260223 0.03132740408182144 -0.03009887784719467
v -0.015864314511418343 0.03134431317448616 -0.030437147244811058
v -0.015576422214508057 0.03151259198784828 -0.03033316321671009
v -0.015289310365915298 0.03169321268796921 -0.03053012117743492
v -0.016132071614265442 0.031506117433309555 -0.028106246143579483
v -0.01605505496263504 0.03133611008524895 -0.02949180267751217
v -0.016040869057178497 0.03133152052760124 -0.02959280274808407
v -0.012843056581914425 0.032695673406124115 -0.028594616800546646
v -0.012145612388849258 0.03295367211103439 -0.028461629524827003
v -0.01224124152213335 0.032835379242897034 -0.02829749509692192
v -0.012374049052596092 0.0326911062002182 -0.0280730240046978
v -0.01257857121527195 0.0325084812939167 -0.027734216302633286
v -0.013418331742286682 0.03252900019288063 -0.028913773596286774
v -0.01333735603839159 0.0321568064391613 -0.026533879339694977
v -0.014433017931878567 0.031959276646375656 -0.027490459382534027
v -0.012877600267529488 0.03231465816497803 -0.027251573279500008
v -0.014069987460970879 0.032078176736831665 -0.027973629534244537
v -0.013730017468333244 0.03226898983120918 -0.028450489044189453
v -0.015420492738485336 0.03163640946149826 -0.028601957485079765
v -0.015083292499184608 0.03175518661737442 -0.02894962579011917
v -0.014765194617211819 0.03191984072327614 -0.029296597465872765
v -0.014469397254288197 0.03212880343198776 -0.029639415442943573
v -0.010673741810023785 0.033270396292209625 -0.027961861342191696
v -0.005579913500696421 0.033591460436582565 -0.026739025488495827
v -0.005650155246257782 0.03321021795272827 -0.026161914691329002
v -0.007518184836953878 0.03307651728391647 -0.026337260380387306
v -0.011939454823732376 0.032305892556905746 -0.025002388283610344
v -0.005998723674565554 0.0325765386223793 -0.02351807989180088
v -0.010025578550994396 0.03242882341146469 -0.024321282282471657
v -0.009494609199464321 0.032675180584192276 -0.026065273210406303
v -0.005729380529373884 0.03291160240769386 -0.025533968582749367
v -0.00966622307896614 0.032516978681087494 -0.02548791468143463
v -0.0057937223464250565 0.03274676576256752 -0.025037577375769615
v -0.00984463281929493 0.03243511915206909 -0.02490208111703396
v -0.0059065609239041805 0.03259260579943657 -0.024190625175833702
v -0.005936105269938707 0.032577306032180786 -0.0239732526242733
v -0.009058567695319653 0.03356388211250305 -0.027616996318101883
v -0.007323620840907097 0.0338250994682312 -0.027388807386159897
v -0.007413753308355808 0.03341903164982796 -0.026891332119703293
v -0.009187580086290836 0.03320620208978653 -0.0271413866430521
v -0.009333867579698563 0.03290696442127228 -0.02662060596048832
v -0.005579888820648193 0.0335916168987751 -0.026739230379462242
v -0.005556548945605755 0.03375093266367912 -0.026936696842312813
v -0.0055206455290317535 0.03403908759355545 -0.027247998863458633
v -0.010848937556147575 0.032962556928396225 -0.027521895244717598
v -0.011706615798175335 0.032309096306562424 -0.02551649883389473
v -0.011476583778858185 0.03237704187631607 -0.02603568509221077
v -0.011254034005105495 0.03251032531261444 -0.026549730449914932
v -0.011043473146855831 0.032706983387470245 -0.027048364281654358
v -0.005665177945047617 0.033144235610961914 -0.02604120597243309
v -2.7177891297469614e-06 0.03432647883892059 -0.027117613703012466
v -0.002800282323732972 0.03425191715359688 -0.02714596688747406
v 0.0028208275325596333 0.0337618887424469 -0.02662898600101471
v -2.84547672890767e-06 0.03264138102531433 -0.023178983479738235
v -2.765054205156048e-06 0.0326659232378006 -0.023901835083961487
v -2.705721954043838e-06 0.03279856592416763 -0.024629313498735428
v -2.6705679374572355e-06 0.03304038941860199 -0.02533709444105625
v 0.0027949034702032804 0.03425303474068642 -0.027145307511091232
v -0.002826131647452712 0.03376074880361557 -0.026629650965332985
v -2.6775205697049387e-06 0.03381997346878052 -0.026599956676363945
v -2.661199914655299e-06 0.033385198563337326 -0.026001056656241417
v 0.007584870792925358 0.05531361326575279 0.03752794489264488
v 0.014842066913843155 0.05490514263510704 0.035167012363672256
v 0.02142995037138462 0.054243817925453186 0.03134991601109505
v 0.027051622048020363 0.053359437733888626 0.026248695328831673
v 0.03145372495055199 0.0522918626666069 0.020093247294425964
v 0.034437865018844604 0.05108920484781265 0.013160983100533485
v 0.03586955741047859 0.049805667251348495 0.005764324218034744
v 0.03568427264690399 0.04849909245967865 -0.0017633783863857388
v 0.03389037027955055 0.0472283661365509 -0.009082868695259094
v -0.007613772992044687 0.05531057342886925 0.03752616420388222
v -0.014870251528918743 0.054899200797080994 0.035163529217243195
v -0.021456975489854813 0.05423523858189583 0.03134489059448242
v -0.027077097445726395 0.053348612040281296 0.026242351159453392
v -0.03147732838988304 0.0522792749106884 0.02008587121963501
v -0.03445936366915703 0.05107542499899864 0.013152907602488995
v -0.035888805985450745 0.04979131370782852 0.005755913443863392
v -0.03570123389363289 0.048484813421964645 -0.0017717458540573716
v -0.03390510752797127 0.0472148060798645 -0.009090814739465714
v 0.007599386386573315 -0.025478502735495567 0.051550570875406265
v -5.696454152825936e-08 -0.025341298431158066 0.05234894901514053
v 0.03390488401055336 -0.03356374800205231 0.0049397582188248634
v -0.00759925739839673 -0.025481542572379112 0.0515487901866436
v -0.014855735935270786 -0.025892915204167366 0.04918615520000458
v -0.021442459896206856 -0.02655687741935253 0.045367516577243805
v -0.027062581852078438 -0.027443505823612213 0.040264979004859924
v -0.031462810933589935 -0.02851284109055996 0.03410849720239639
v -0.03444484993815422 -0.029716692864894867 0.027175534516572952
v -0.03587429225444794 -0.031000804156064987 0.01977854035794735
v -0.03568672016263008 -0.032307300716638565 0.01225088071078062
v -0.03389059007167816 -0.03357730805873871 0.004931811708956957
v 0.0356987901031971 -0.03229302540421486 0.012259247712790966
v 0.0358840748667717 -0.030986450612545013 0.019786950200796127
v 0.03445238247513771 -0.029702913016080856 0.02718360908329487
v 0.031468238681554794 -0.028500255197286606 0.03411587327718735
v 0.02706613764166832 -0.027432680130004883 0.040271323174238205
v 0.021444465965032578 -0.026548299938440323 0.04537254199385643
v 0.014856582507491112 -0.02588697150349617 0.04918963834643364
v -0.024560576304793358 -0.03854115679860115 -0.02367733232676983
v -0.024854958057403564 -0.03860745206475258 -0.02405899204313755
v -0.02522573061287403 -0.03866139054298401 -0.0243693720549345
v -0.025655556470155716 -0.03870045021176338 -0.024593960493803024
v -0.026124337688088417 -0.03872280195355415 -0.02472226321697235
v -0.026610156521201134 -0.038727402687072754 -0.024748269468545914
v -0.027090294286608696 -0.03871404007077217 -0.02467077411711216
v -0.027542302384972572 -0.03868333250284195 -0.024493396282196045
v -0.02794504351913929 -0.038636721670627594 -0.024224426597356796
v -0.028279684484004974 -0.038576386868953705 -0.02387644536793232
v -0.028530584648251534 -0.03850514441728592 -0.023465724661946297
v -0.028686003759503365 -0.03842632845044136 -0.02301146648824215
v -0.028738679364323616 -0.038343627005815506 -0.022534914314746857
v -0.028686147183179855 -0.03826090320944786 -0.02205834910273552
v -0.028530865907669067 -0.03818202391266823 -0.021604057401418686
v -0.028280092403292656 -0.03811068460345268 -0.02119327522814274
v -0.02794555574655533 -0.03805021196603775 -0.020845217630267143
v -0.027542896568775177 -0.03800344094634056 -0.020576154813170433
v -0.027090944349765778 -0.03797255456447601 -0.020398670807480812
v -0.026610828936100006 -0.03795899823307991 -0.020321058109402657
v -0.026125002652406693 -0.03796340525150299 -0.020346954464912415
v -0.02565618045628071 -0.03798557072877884 -0.020475145429372787
v -0.02522628754377365 -0.038024455308914185 -0.0206996351480484
v -0.024855421856045723 -0.038078244775533676 -0.021009929478168488
v -0.024560924619436264 -0.038144420832395554 -0.02139151468873024
v 0.024719905108213425 -0.03810008242726326 -0.021187063306570053
v 0.0250544436275959 -0.038039613515138626 -0.020839005708694458
v 0.025457102805376053 -0.03799283877015114 -0.020569942891597748
v 0.0259090568870306 -0.03796195238828659 -0.020392458885908127
v 0.026389170438051224 -0.03794839605689049 -0.02031484618782997
v 0.026874994859099388 -0.03795280307531357 -0.02034074254333973
v 0.027343817055225372 -0.037974968552589417 -0.020468931645154953
v 0.02777370996773243 -0.03801385685801506 -0.020693423226475716
v 0.028144575655460358 -0.03806764632463455 -0.021003717556595802
v 0.028439074754714966 -0.03813382238149643 -0.021385302767157555
v 0.028643431141972542 -0.03820929303765297 -0.021820344030857086
v 0.02874809317290783 -0.03829052671790123 -0.022288493812084198
v 0.02874816581606865 -0.03837372735142708 -0.02276786044239998
v 0.028643645346164703 -0.03845500573515892 -0.02323603443801403
v 0.028439421206712723 -0.038530558347702026 -0.023671120405197144
v 0.028145039454102516 -0.038596853613853455 -0.024052778258919716
v 0.02777426689863205 -0.038650792092084885 -0.024363160133361816
v 0.027344442903995514 -0.03868984803557396 -0.02458774857223034
v 0.026875659823417664 -0.03871219977736473 -0.024716051295399666
v 0.026389842852950096 -0.03871680423617363 -0.02474205754697323
v 0.025909705087542534 -0.03870343789458275 -0.024664562195539474
v 0.025457698851823807 -0.038672734051942825 -0.02448718249797821
v 0.02505495771765709 -0.03862612321972847 -0.02421821467578411
v 0.024720313027501106 -0.03856578469276428 -0.023870231583714485
v 0.0012633417500182986 -0.026172535493969917 0.04755842313170433
v 0.0016341134905815125 -0.026118598878383636 0.04786880314350128
v 0.0019284943118691444 -0.026052303612232208 0.048250459134578705
v 0.0021327193826436996 -0.025976750999689102 0.04868554696440697
v 0.002237238921225071 -0.02589547447860241 0.04915371909737587
v 0.0022371660452336073 -0.025812271982431412 0.04963308945298195
v 0.0021325042471289635 -0.025731036439538002 0.05010123923420906
v 0.0019281470449641347 -0.025655565783381462 0.05053627863526344
v 0.001633650274015963 -0.025589389726519585 0.050917867571115494
v 0.0012627841206267476 -0.025535600259900093 0.05122815817594528
v 0.0008328900439664721 -0.0254967138171196 0.051452647894620895
v 0.0003640692157205194 -0.02547454833984375 0.05158083885908127
v -0.00012175674783065915 -0.02547014132142067 0.05160673335194588
v -0.0006018711719661951 -0.025483697652816772 0.05152912437915802
v -0.001053824438713491 -0.02551458403468132 0.0513516366481781
v -0.0014564837329089642 -0.02556135691702366 0.05108257755637169
v -0.0017910210881382227 -0.025621827691793442 0.050734516233205795
v -0.002041793894022703 -0.025693168863654137 0.050323739647865295
v -0.002197076566517353 -0.02577204629778862 0.04986944422125816
v -0.002249607816338539 -0.025854770094156265 0.049392879009246826
v -0.0021969317458570004 -0.02593747340142727 0.048916324973106384
v -0.0020415110047906637 -0.02601628750562668 0.048462070524692535
v -0.0017906135180965066 -0.026087529957294464 0.04805134981870651
v -0.0014559702249243855 -0.026147866621613503 0.047703370451927185
v -0.0010532292071729898 -0.026194477453827858 0.047434400767087936
v -0.031066564843058586 -0.031702153384685516 0.015732692554593086
v -0.031360942870378494 -0.031768448650836945 0.015351035632193089
v -0.03173171728849411 -0.031822387129068375 0.015040654689073563
v -0.032161545008420944 -0.03186144307255745 0.01481606438755989
v -0.032630324363708496 -0.03188379853963852 0.014687764458358288
v -0.03311614319682121 -0.03188839927315712 0.014661755412817001
v -0.033596280962228775 -0.03187503293156624 0.01473925169557333
v -0.03404828906059265 -0.031844329088926315 0.014916631393134594
v -0.03445103019475937 -0.03179771825671196 0.015185600146651268
v -0.0347856730222702 -0.03173737972974777 0.01553358044475317
v -0.03503657132387161 -0.031666141003370285 0.015944302082061768
v -0.035191990435123444 -0.031587325036525726 0.016398558393120766
v -0.035244666039943695 -0.03150462359189987 0.01687511056661606
v -0.035192135721445084 -0.03142189607024193 0.017351675778627396
v -0.035036850720644 -0.031343020498752594 0.01780596934258938
v -0.034786079078912735 -0.03127167746424675 0.018216749653220177
v -0.03445154055953026 -0.031211208552122116 0.01856480911374092
v -0.03404888138175011 -0.031164435669779778 0.01883387193083763
v -0.033596932888031006 -0.03113354928791523 0.019011355936527252
v -0.033116817474365234 -0.031119992956519127 0.01908896677196026
v -0.03263099119067192 -0.031124399974942207 0.0190630704164505
v -0.03216216713190079 -0.031146565452218056 0.018934881314635277
v -0.03173227235674858 -0.03118545189499855 0.018710391595959663
v -0.0313614085316658 -0.031239241361618042 0.018400097265839577
v -0.031066911295056343 -0.03130541741847992 0.018018510192632675
v 0.031213918700814247 -0.0312584787607193 0.018224485218524933
v 0.031548455357551575 -0.031198007985949516 0.018572544679045677
v 0.031951114535331726 -0.031151235103607178 0.018841607496142387
v 0.032403066754341125 -0.03112034872174263 0.019019093364477158
v 0.0328831821680069 -0.031106792390346527 0.019096702337265015
v 0.03336900845170021 -0.031111199408769608 0.019070805981755257
v 0.033837828785181046 -0.031133364886045456 0.018942616879940033
v 0.03426772356033325 -0.03117225132882595 0.01871812716126442
v 0.03463859111070633 -0.031226040795445442 0.018407834693789482
v 0.03493308275938034 -0.03129221871495247 0.01802624575793743
v 0.035137441009283066 -0.03136768937110901 0.01759120635688305
v 0.03524210304021835 -0.03144892305135727 0.017123058438301086
v 0.03524217754602432 -0.03153212368488312 0.016643688082695007
v 0.03513765707612038 -0.03161340206861496 0.016175515949726105
v 0.034933432936668396 -0.031688954681158066 0.015740428119897842
v 0.03463905304670334 -0.031755249947309494 0.015358771197497845
v 0.03426828235387802 -0.031809184700250626 0.015048391185700893
v 0.03383845463395119 -0.03184824436903 0.014823800884187222
v 0.03336967155337334 -0.03187059611082077 0.014695500954985619
v 0.03288385272026062 -0.03187519684433937 0.014669490978121758
v 0.03240371495485306 -0.03186183422803879 0.01474698819220066
v 0.03195171058177948 -0.031831126660108566 0.014924367889761925
v 0.03154896944761276 -0.03178451582789421 0.015193336643278599
v 0.03121432662010193 -0.03172418102622032 0.0155413169413805
v 0.03499943017959595 -0.02514290250837803 0.05637963488698006
v 0.03499941900372505 -0.024735769256949425 0.055801499634981155
v -0.03500056639313698 -0.02515690214931965 0.056371431797742844
v -0.03500058129429817 -0.024749770760536194 0.05579329654574394
v 0.0359748974442482 -0.025159135460853577 0.05628509446978569
v 0.03587733581662178 -0.02475038170814514 0.05571641027927399
v 0.03691290691494942 -0.025207605212926865 0.05600486695766449
v 0.036721546202898026 -0.02479400299489498 0.05546420440077782
v 0.037777408957481384 -0.025286445394158363 0.05554972589015961
v 0.03749959543347359 -0.024864960461854935 0.05505457893013954
v 0.038535185158252716 -0.025392629206180573 0.05493715777993202
v 0.038181595504283905 -0.024960525333881378 0.054503265768289566
v 0.039157114923000336 -0.025522073730826378 0.05419071018695831
v 0.0387413315474987 -0.025077026337385178 0.05383146181702614
v 0.039619289338588715 -0.025669807568192482 0.05333906412124634
v 0.03915729001164436 -0.025209985673427582 0.0530649796128273
v 0.03990396112203598 -0.02583014965057373 0.052414946258068085
v 0.03941349312663078 -0.02535429410636425 0.05223327502608299
v 0.040000177919864655 -0.025996940210461617 0.05145387351512909
v 0.03950009495019913 -0.025504404678940773 0.051368311047554016
v -0.039499908685684204 -0.0255202054977417 0.05135905370116234
v -0.039999816566705704 -0.02601294033229351 0.05144449695944786
v -0.03990389034152031 -0.02584611065685749 0.05240559205412865
v -0.03941357135772705 -0.02537005953490734 0.05222403630614281
v -0.03961950168013573 -0.02568565495312214 0.053329773247241974
v -0.039157621562480927 -0.025225648656487465 0.05305580049753189
v -0.03915758430957794 -0.02553773857653141 0.0541815310716629
v -0.03874189406633377 -0.02509252354502678 0.05382237955927849
v -0.03853588178753853 -0.025408044457435608 0.05492812395095825
v -0.03818236291408539 -0.024975799024105072 0.05449431389570236
v -0.03777829185128212 -0.025301557034254074 0.055540867149829865
v -0.0375005304813385 -0.02487996034324169 0.05504578724503517
v -0.036913927644491196 -0.02522237040102482 0.05599621310830116
v -0.03672260418534279 -0.024808693677186966 0.05545559525489807
v -0.03597600385546684 -0.025173526257276535 0.05627666041254997
v -0.03587847203016281 -0.024764733389019966 0.05570799857378006
v 0.039512816816568375 -0.04004005342721939 -0.03237961232662201
v 0.0400129035115242 -0.040532585233449936 -0.032294049859046936
v -0.039987094700336456 -0.04054858908057213 -0.032303426414728165
v -0.03948718309402466 -0.04005585238337517 -0.032388873398303986
v 0.039916977286338806 -0.040699414908885956 -0.03325514495372772
v 0.03942647948861122 -0.0401901975274086 -0.03324459493160248
v 0.039632588624954224 -0.04085987061262131 -0.03417932614684105
v 0.0391705296933651 -0.040334608405828476 -0.03407636284828186
v 0.03917066752910614 -0.041007790714502335 -0.03503108397126198
v 0.03875480592250824 -0.04046773165464401 -0.03484293818473816
v 0.038548968732357025 -0.04113748297095299 -0.03577767312526703
v 0.03819527104496956 -0.04058445617556572 -0.03551487624645233
v 0.037791378796100616 -0.04124397039413452 -0.03639041632413864
v 0.03751343861222267 -0.04068029671907425 -0.036066342145204544
v 0.03692701458930969 -0.04132315516471863 -0.03684576228260994
v 0.03673551231622696 -0.040751565247774124 -0.03647615388035774
v 0.03598909080028534 -0.04137200117111206 -0.03712621331214905
v 0.03589138016104698 -0.040795523673295975 -0.03672855719923973
v 0.035013653337955475 -0.0413886234164238 -0.03722098469734192
v 0.03501348942518234 -0.0408104844391346 -0.036813851445913315
v -0.03498651087284088 -0.040824487805366516 -0.036822058260440826
v -0.03498634696006775 -0.041402626782655716 -0.03722918778657913
v -0.03596181422472 -0.04138639196753502 -0.037134647369384766
v -0.03586442768573761 -0.04080987721681595 -0.03673696890473366
v -0.03689981997013092 -0.04133792221546173 -0.03685441613197327
v -0.036708634346723557 -0.04076625406742096 -0.03648476302623749
v -0.037764325737953186 -0.04125908017158508 -0.036399275064468384
v -0.037486687302589417 -0.04069529473781586 -0.036075133830308914
v -0.03852210193872452 -0.04115289822220802 -0.0357867069542408
v -0.038168683648109436 -0.04059972986578941 -0.03552382439374924
v -0.03914402797818184 -0.04102345183491707 -0.03504026308655739
v -0.03872842341661453 -0.04048323258757591 -0.03485202044248581
v -0.039606206119060516 -0.04087572172284126 -0.034188613295555115
v -0.03914438188076019 -0.04035027325153351 -0.03408554196357727
v -0.039890874177217484 -0.040715377777814865 -0.03326449915766716
v -0.03940058499574661 -0.04020596295595169 -0.03325383737683296
v 0.031640127301216125 -0.028677521273493767 0.0564851388335228
v 0.03500012680888176 -0.028676848858594894 0.056485529989004135
v 0.03499996289610863 -0.028098709881305695 0.05689265951514244
v -0.0350000336766243 -0.028112711384892464 0.05688445270061493
v -0.034999873489141464 -0.028690850362181664 0.05647732689976692
v -0.03163987398147583 -0.02869017794728279 0.05647771805524826
v -0.025269871577620506 -0.028688903898000717 0.05647846683859825
v -0.013249872252345085 -0.02868649922311306 0.05647987499833107
v 0.013250126503407955 -0.028681199997663498 0.05648298189043999
v 0.039500802755355835 -0.029445484280586243 0.052052341401576996
v 0.040000710636377335 -0.02895274944603443 0.05196689814329147
v 0.03990449383854866 -0.028785958886146545 0.05292797088623047
v 0.03941420093178749 -0.02929537184536457 0.05291730538010597
v 0.039619822055101395 -0.028625614941120148 0.05385208502411842
v 0.03915799781680107 -0.029151063412427902 0.05374900996685028
v 0.03915764391422272 -0.028477882966399193 0.0547037310898304
v 0.03874203935265541 -0.029018105939030647 0.05451549217104912
v 0.038535717874765396 -0.028348438441753387 0.055450182408094406
v 0.03818230330944061 -0.028901604935526848 0.055187296122312546
v 0.037777941673994064 -0.02824225462973118 0.05606274679303169
v 0.037500303238630295 -0.028806038200855255 0.05573860928416252
v 0.0369134359061718 -0.02816341444849968 0.056517887860536575
v 0.03672225400805473 -0.02873508259654045 0.056148234754800797
v 0.03597543016076088 -0.02811494469642639 0.056798119097948074
v 0.03587804362177849 -0.028691459447145462 0.05640044063329697
v -0.03597547486424446 -0.02812933549284935 0.05678968504071236
v -0.035877764225006104 -0.028705811128020287 0.05639202892780304
v -0.036913394927978516 -0.028178179636597633 0.05650923401117325
v -0.03672189638018608 -0.028749771416187286 0.05613962560892105
v -0.03777776286005974 -0.02825736626982689 0.05605389177799225
v -0.03749982267618179 -0.02882103994488716 0.05572981759905815
v -0.03853535279631615 -0.028363853693008423 0.055441148579120636
v -0.03818165510892868 -0.02891687862575054 0.05517834424972534
v -0.03915705159306526 -0.028493547812104225 0.05469455197453499
v -0.03874118626117706 -0.02903360314667225 0.05450640991330147
v -0.03961896896362305 -0.028641464188694954 0.05384279787540436
v -0.03915691375732422 -0.029166728258132935 0.05373983085155487
v -0.03990336135029793 -0.028801919892430305 0.05291861668229103
v -0.03941286355257034 -0.02931113913655281 0.05290806666016579
v -0.03999928757548332 -0.028968749567866325 0.051957521587610245
v -0.039499200880527496 -0.02946128509938717 0.05204308405518532
v 0.03951256722211838 -0.04288497194647789 -0.025380004197359085
v 0.03951352462172508 -0.04398113116621971 -0.03169558197259903
v 0.04001343250274658 -0.04348839446902275 -0.03178102895617485
v 0.039503663778305054 -0.03271343931555748 0.03322383761405945
v 0.039509035646915436 -0.03885090351104736 -0.0021374898497015238
v 0.03951149061322212 -0.041657138615846634 -0.018305765464901924
v -0.039986561983823776 -0.04350439831614494 -0.03179040551185608
v -0.03948647528886795 -0.04399693012237549 -0.031704843044281006
v -0.039487436413764954 -0.042900774627923965 -0.025389263406395912
v -0.03948850929737091 -0.04167293757200241 -0.0183150265365839
v -0.039490967988967896 -0.03886670246720314 -0.002146749757230282
v -0.03949633985757828 -0.03272923827171326 0.03321458026766777
v 0.03501419723033905 -0.04475156590342522 -0.036129821091890335
v 0.035014182329177856 -0.04434443265199661 -0.036707960069179535
v 0.03598961979150772 -0.044327810406684875 -0.036613188683986664
v 0.03589209169149399 -0.044736601412296295 -0.03604452684521675
v 0.036927543580532074 -0.04427896440029144 -0.036332741379737854
v 0.03673622012138367 -0.044692642986774445 -0.03579212352633476
v 0.037791907787323 -0.044199779629707336 -0.035877395421266556
v 0.03751415014266968 -0.04462137445807457 -0.035382311791181564
v 0.03854949772357941 -0.0440932922065258 -0.03526465222239494
v 0.038195978850126266 -0.04452553763985634 -0.03483084216713905
v 0.03917120024561882 -0.04396359622478485 -0.034518059343099594
v 0.03875551372766495 -0.04440881311893463 -0.03415890783071518
v 0.039633117616176605 -0.04381567984819412 -0.033666305243968964
v 0.039171237498521805 -0.044275686144828796 -0.03339232876896858
v 0.039917510002851486 -0.04365522414445877 -0.03274212032556534
v 0.03942718729376793 -0.04413127526640892 -0.0325605645775795
v -0.0398903451859951 -0.04367118701338768 -0.032751478254795074
v -0.039399877190589905 -0.04414704442024231 -0.03256980702280998
v -0.039605673402547836 -0.04383153095841408 -0.03367559239268303
v -0.039143674075603485 -0.04429135099053383 -0.03340151160955429
v -0.03914349526166916 -0.04397926107048988 -0.034527238458395004
v -0.038727715611457825 -0.04442431032657623 -0.03416799008846283
v -0.03852156922221184 -0.04410870745778084 -0.03527368605136871
v -0.03816797584295273 -0.04454081133008003 -0.03483979403972626
v -0.037763793021440506 -0.0442148894071579 -0.035886250436306
v -0.03748597949743271 -0.044636376202106476 -0.035391103476285934
v -0.03689928725361824 -0.044293731451034546 -0.03634139522910118
v -0.03670792654156685 -0.04470733180642128 -0.03580073267221451
v -0.03596128150820732 -0.044342201203107834 -0.03662162274122238
v -0.0358637198805809 -0.04475095495581627 -0.03605293855071068
v -0.03498581424355507 -0.04435843601822853 -0.036716166883707047
v -0.034985799342393875 -0.04476556554436684 -0.03613802418112755
v -0.01323580089956522 -0.04476121440529823 -0.0361354760825634
v 0.01326419785618782 -0.04475591331720352 -0.03613236919045448
v 0.031654197722673416 -0.04475223645567894 -0.03613021597266197
v -0.025255801156163216 -0.04476362094283104 -0.03613688424229622
v -0.03162579983472824 -0.04476489499211311 -0.03613763302564621
v 0.03080832026898861 -0.03331805020570755 0.01670897752046585
v 0.028630923479795456 -0.03559761866927147 0.016617747023701668
v 0.03096374124288559 -0.03339686617255211 0.016254721209406853
v 0.028940381482243538 -0.03575454652309418 0.015713270753622055
v 0.031214639544487 -0.033468108624219894 0.01584400050342083
v 0.02943994849920273 -0.03589639440178871 0.014895479194819927
v 0.03154928237199783 -0.033528443425893784 0.015496020205318928
v 0.030106259509921074 -0.03601653501391411 0.014202612452208996
v 0.03195202350616455 -0.03357505425810814 0.015227051451802254
v 0.030908161774277687 -0.03610933944582939 0.01366706658154726
v 0.03240402787923813 -0.03360576182603836 0.01504967175424099
v 0.03180816024541855 -0.03617047891020775 0.013313883915543556
v 0.03288416564464569 -0.033619124442338943 0.014972174540162086
v 0.032764166593551636 -0.03619708865880966 0.013159578666090965
v 0.03336998447775841 -0.03361452370882034 0.014998184517025948
v 0.03373148664832115 -0.036187928169965744 0.013211366720497608
v 0.03383876755833626 -0.03359217196702957 0.01512648444622755
v 0.034664880484342575 -0.03614342212677002 0.01346682570874691
v 0.03426859527826309 -0.0335531122982502 0.015351074747741222
v 0.03552071005105972 -0.03606565296649933 0.013914010487496853
v 0.03463936597108841 -0.03349917754530907 0.01566145569086075
v 0.036258962005376816 -0.03595825657248497 0.014532011933624744
v 0.03493374586105347 -0.03343288227915764 0.01604311168193817
v 0.03684510663151741 -0.03582625463604927 0.015291932970285416
v 0.03513797000050545 -0.03335732966661453 0.016478199511766434
v 0.03725174069404602 -0.03567582368850708 0.016158239915966988
v 0.03524249047040939 -0.03327605128288269 0.016946371644735336
v 0.0374598503112793 -0.0355139896273613 0.01709042489528656
v 0.035242415964603424 -0.03319285064935684 0.017425742000341415
v 0.03745970502495766 -0.035348325967788696 0.01804490201175213
v 0.03513775393366814 -0.03311161696910858 0.017893889918923378
v 0.0372513122856617 -0.03518658131361008 0.01897703856229782
v 0.03493339940905571 -0.03303614631295204 0.01832892931997776
v 0.036844413727521896 -0.03503631055355072 0.019843250513076782
v 0.0346389040350914 -0.032969966530799866 0.01871051825582981
v 0.0362580381333828 -0.034904543310403824 0.020603034645318985
v 0.03426803648471832 -0.032916177064180374 0.01902081072330475
v 0.03551959991455078 -0.034797441214323044 0.021220862865447998
v 0.033838141709566116 -0.03287729248404503 0.019245300441980362
v 0.03466363623738289 -0.03472001478075981 0.0216678474098444
v 0.03336932137608528 -0.03285512700676918 0.019373489543795586
v 0.0337301604449749 -0.03467588499188423 0.021923087537288666
v 0.03288349509239197 -0.0328507199883461 0.019399385899305344
v 0.03276282548904419 -0.034667108207941055 0.021974647417664528
v 0.032403379678726196 -0.0328642763197422 0.019321776926517487
v 0.03180686756968498 -0.03469410166144371 0.02182011865079403
v 0.0319514274597168 -0.03289516270160675 0.019144291058182716
v 0.030906977131962776 -0.03475559875369072 0.021466724574565887
v 0.031548768281936646 -0.03294193372130394 0.018875228241086006
v 0.030105236917734146 -0.03484872728586197 0.02093099057674408
v 0.031214231625199318 -0.03300240635871887 0.018527168780565262
v 0.029439136385917664 -0.034969132393598557 0.020237967371940613
v 0.030963458120822906 -0.03307374566793442 0.018116388469934464
v 0.02893981896340847 -0.03511118143796921 0.019420059397816658
v 0.03080817498266697 -0.03315262496471405 0.01766209490597248
v 0.028630634769797325 -0.035268232226371765 0.018515510484576225
v 0.030755644664168358 -0.033235348761081696 0.017185531556606293
v 0.02852603793144226 -0.03543294593691826 0.017566615715622902
v 0.03096342831850052 -0.031652938574552536 0.015952037647366524
v 0.03080800734460354 -0.03157412260770798 0.01640629582107067
v 0.030755331739783287 -0.03149142116308212 0.016882847994565964
v 0.0308078620582819 -0.03140869736671448 0.017359411343932152
v 0.030963145196437836 -0.03132982179522514 0.017813704907894135
v -0.03519167751073837 -0.0333312526345253 0.016701241955161095
v -0.037369076162576675 -0.03561081737279892 0.01661001145839691
v -0.03503625467419624 -0.03341006860136986 0.016246985644102097
v -0.037059616297483444 -0.03576774522662163 0.0157055351883173
v -0.03478536009788513 -0.033481307327747345 0.015836263075470924
v -0.036560047417879105 -0.03590959683060646 0.014887743629515171
v -0.034450713545084 -0.03354164585471153 0.015488283708691597
v -0.03589373826980591 -0.03602973371744156 0.014194875955581665
v -0.03404797241091728 -0.03358825668692589 0.015219314955174923
v -0.035091836005449295 -0.03612254187464714 0.01365933008491993
v -0.033595968037843704 -0.03361896052956581 0.015041935257613659
v -0.03419183939695358 -0.0361836813390255 0.013306147418916225
v -0.03311583027243614 -0.03363232687115669 0.01496443897485733
v -0.033235833048820496 -0.03621029108762741 0.013151842169463634
v -0.032630011439323425 -0.03362772613763809 0.014990448020398617
v -0.03226851671934128 -0.036201126873493195 0.013203630223870277
v -0.032161228358745575 -0.03360537067055702 0.01511874794960022
v -0.03133511543273926 -0.03615662083029747 0.01345908921211958
v -0.03173140436410904 -0.03356631472706795 0.015343338251113892
v -0.03047928586602211 -0.03607885167002678 0.013906273990869522
v -0.03136062994599342 -0.03351237624883652 0.015653718262910843
v -0.029741037636995316 -0.03597145527601242 0.014524275436997414
v -0.031066251918673515 -0.03344608098268509 0.016035376116633415
v -0.02915489301085472 -0.03583945706486702 0.015284196473658085
v -0.030862025916576385 -0.03337052837014198 0.01647046208381653
v -0.02874825894832611 -0.03568902239203453 0.01615050435066223
v -0.03075750730931759 -0.03328925371170044 0.01693863607943058
v -0.028540149331092834 -0.03552719205617905 0.017082689329981804
v -0.03075757995247841 -0.03320604935288429 0.01741800457239151
v -0.028540294617414474 -0.035361528396606445 0.018037166446447372
v -0.030862241983413696 -0.03312481567263603 0.017886154353618622
v -0.028748687356710434 -0.03519978001713753 0.018969302996993065
v -0.031066598370671272 -0.03304934501647949 0.018321193754673004
v -0.029155585914850235 -0.03504950925707817 0.019835514947772026
v -0.03136109560728073 -0.032983168959617615 0.018702780827879906
v -0.029741959646344185 -0.03491774573922157 0.02059529721736908
v -0.03173195943236351 -0.03292937949299812 0.019013075157999992
v -0.03048039600253105 -0.03481064364314079 0.021213125437498093
v -0.03216185420751572 -0.03289049118757248 0.019237564876675606
v -0.03133636340498924 -0.03473321720957756 0.021660109981894493
v -0.03263067826628685 -0.03286832943558693 0.01936575397849083
v -0.03226983919739723 -0.03468908369541168 0.02191535010933876
v -0.033116504549980164 -0.03286392241716385 0.019391650334000587
v -0.03323717042803764 -0.034680306911468506 0.02196691185235977
v -0.03359661623835564 -0.03287747874855995 0.01931403949856758
v -0.03419313207268715 -0.03470730036497116 0.021812383085489273
v -0.034048568457365036 -0.0329083651304245 0.01913655549287796
v -0.035093020647764206 -0.03476880118250847 0.02145898900926113
v -0.03445122763514519 -0.03295513615012169 0.01886749267578125
v -0.035894762724637985 -0.03486192598938942 0.020923255011439323
v -0.034785766154527664 -0.03301560506224632 0.018519433215260506
v -0.03656085953116417 -0.03498233109712601 0.020230231806635857
v -0.035036537796258926 -0.03308694809675217 0.018108652904629707
v -0.03706017881631851 -0.03512438014149666 0.019412323832511902
v -0.03519182279706001 -0.0331658236682415 0.017654359340667725
v -0.03736936300992966 -0.035281434655189514 0.01850777491927147
v -0.035244353115558624 -0.033248547464609146 0.017177794128656387
v -0.03747395798563957 -0.03544614836573601 0.017558880150318146
v -0.030862554907798767 -0.03138088807463646 0.017583470791578293
v -0.03075789473950863 -0.03146212548017502 0.01711532101035118
v -0.03075782023370266 -0.03154532611370087 0.01663595251739025
v -0.030862338840961456 -0.03162660077214241 0.0161677785217762
v -0.0021966183558106422 -0.027681400999426842 0.04921900853514671
v -0.004374015610665083 -0.029960965737700462 0.04912777990102768
v -0.0020411978475749493 -0.02776021510362625 0.048764754086732864
v -0.004064555745571852 -0.03011789545416832 0.048223305493593216
v -0.0017903001280501485 -0.027831457555294037 0.04835403338074684
v -0.0035649908240884542 -0.030259745195508003 0.047405511140823364
v -0.0014556569512933493 -0.027891794219613075 0.048006054013967514
v -0.0028986791148781776 -0.0303798820823431 0.04671264439821243
v -0.0010529159335419536 -0.02793840505182743 0.047737084329128265
v -0.002096777083352208 -0.030472690239548683 0.04617709666490555
v -0.0006009087665006518 -0.027969110757112503 0.047559704631567
v -0.0011967805912718177 -0.03053382784128189 0.04582391679286957
v -0.00012077079736627638 -0.027982475236058235 0.0474822074174881
v -0.00024077249690890312 -0.030560437589883804 0.04566961154341698
v 0.0003650472790468484 -0.027977872639894485 0.04750821739435196
v 0.0007265452877618372 -0.030551275238394737 0.045721396803855896
v 0.0008338291081599891 -0.027955520898103714 0.04763651639223099
v 0.0016599420923739672 -0.030506769195199013 0.04597685486078262
v 0.001263655023649335 -0.02791646309196949 0.04786110669374466
v 0.0025157732889056206 -0.030429000034928322 0.04642404243350029
v 0.0016344268806278706 -0.02786252461373806 0.04817148670554161
v 0.0032540210522711277 -0.030321605503559113 0.04704204201698303
v 0.0019288077019155025 -0.027796229347586632 0.048553142696619034
v 0.003840165911242366 -0.030189605429768562 0.04780196398496628
v 0.002133032539859414 -0.027720678597688675 0.048988230526447296
v 0.00424680020660162 -0.030039170756936073 0.048668272793293
v 0.002237552311271429 -0.027639400213956833 0.0494564026594162
v 0.004454910755157471 -0.02987734042108059 0.04960045590996742
v 0.0022374794352799654 -0.027556199580430984 0.04993577301502228
v 0.004454765934497118 -0.029711676761507988 0.05055493488907814
v 0.0021328176371753216 -0.027474964037537575 0.05040392279624939
v 0.004246372263878584 -0.02954992838203907 0.051487069576978683
v 0.0019284604350104928 -0.027399493381381035 0.05083896219730377
v 0.003839474404230714 -0.029399659484624863 0.052353281527757645
v 0.0016339636640623212 -0.027333317324519157 0.05122055113315582
v 0.003253098577260971 -0.029267892241477966 0.05311306565999985
v 0.0012630975106731057 -0.027279527857899666 0.05153084173798561
v 0.002514663152396679 -0.029160792008042336 0.05373089388012886
v 0.0008332033758051693 -0.02724064141511917 0.051755331456661224
v 0.0016586960991844535 -0.029083365574479103 0.05417788028717041
v 0.0003643825475592166 -0.027218475937843323 0.0518835224211216
v 0.0007252217037603259 -0.029039232060313225 0.05443312227725983
v -0.00012144342326791957 -0.027214068919420242 0.051909416913986206
v -0.0002421117533231154 -0.029030457139015198 0.05448468029499054
v -0.0006015578401274979 -0.027227625250816345 0.05183180794119835
v -0.0011980729177594185 -0.029057450592517853 0.05433014780282974
v -0.0010535110486671329 -0.027258511632680893 0.05165432021021843
v -0.0020979619584977627 -0.029118947684764862 0.05397675931453705
v -0.001456170342862606 -0.02730528451502323 0.05138526111841202
v -0.002899701474234462 -0.02921207621693611 0.05344102159142494
v -0.0017907078145071864 -0.027365755289793015 0.051037199795246124
v -0.0035658024717122316 -0.02933247946202755 0.052747998386621475
v -0.002041480503976345 -0.02743709646165371 0.050626423209905624
v -0.004065119195729494 -0.0294745285063982 0.05193009227514267
v -0.002196763176470995 -0.027515973895788193 0.05017212778329849
v -0.004374303855001926 -0.029631583020091057 0.05102554336190224
v -0.002249294426292181 -0.027598697692155838 0.049695562571287155
v -0.004478899762034416 -0.0297962948679924 0.050076648592948914
v 0.0008335157763212919 -0.02621159330010414 0.04733383283019066
v 0.0003647339472081512 -0.026233945041894913 0.04720553383231163
v -0.00012108412192901596 -0.026238547638058662 0.04717952385544777
v -0.000601222098339349 -0.02622518315911293 0.04725702106952667
v 0.024314308539032936 -0.04015965759754181 -0.022702571004629135
v 0.022136909887194633 -0.04243922233581543 -0.022793803364038467
v 0.024469729512929916 -0.04023846983909607 -0.023156829178333282
v 0.022446369752287865 -0.04259615018963814 -0.02369827777147293
v 0.024720625951886177 -0.040309712290763855 -0.023567548021674156
v 0.022945936769247055 -0.04273800179362297 -0.024516068398952484
v 0.02505527064204216 -0.04037005081772804 -0.023915531113743782
v 0.0236122477799654 -0.04285813868045807 -0.025208937004208565
v 0.025458011776208878 -0.0404166616499424 -0.02418449893593788
v 0.024414150044322014 -0.04295094683766365 -0.02574448473751545
v 0.025910018011927605 -0.04044736549258232 -0.024361878633499146
v 0.025314146652817726 -0.04301208257675171 -0.026097668334841728
v 0.026390157639980316 -0.040460728108882904 -0.0244393739849329
v 0.026270153000950813 -0.04303869232535362 -0.02625196985900402
v 0.026875972747802734 -0.040456127375364304 -0.024413367733359337
v 0.02723747119307518 -0.043029531836509705 -0.0262001845985651
v 0.027344755828380585 -0.04043377563357353 -0.02428506501019001
v 0.028170868754386902 -0.04298502579331398 -0.025944724678993225
v 0.02777458168566227 -0.04039471969008446 -0.024060476571321487
v 0.0290267001837492 -0.04290725663304329 -0.02549753710627556
v 0.028145352378487587 -0.04034078121185303 -0.023750094696879387
v 0.029764946550130844 -0.04279986023902893 -0.024879537522792816
v 0.028439734131097794 -0.0402744859457016 -0.023368436843156815
v 0.03035109117627144 -0.04266785830259323 -0.02411961928009987
v 0.028643960133194923 -0.04019893333315849 -0.0229333508759737
v 0.030757727101445198 -0.04251742735505104 -0.023253308609128
v 0.02874847874045372 -0.04011765494942665 -0.02246517688035965
v 0.030965838581323624 -0.04235559329390526 -0.022321123629808426
v 0.0287484060972929 -0.0400344543159008 -0.02198581025004387
v 0.030965693295001984 -0.042189933359622955 -0.021366646513342857
v 0.028643744066357613 -0.03995322063565254 -0.021517660468816757
v 0.030757298693060875 -0.04202818498015404 -0.020434509962797165
v 0.028439387679100037 -0.039877749979496 -0.021082619205117226
v 0.030350400134921074 -0.04187791422009468 -0.019568299874663353
v 0.028144890442490578 -0.039811573922634125 -0.020701033994555473
v 0.029764024540781975 -0.041746146976947784 -0.01880851574242115
v 0.0277740228921175 -0.03975778445601463 -0.020390739664435387
v 0.029025590047240257 -0.0416390486061573 -0.018190687522292137
v 0.027344129979610443 -0.03971889615058899 -0.020166248083114624
v 0.028169622644782066 -0.04156162217259407 -0.017743701115250587
v 0.026875309646129608 -0.03969673067331314 -0.0200380589812994
v 0.027236148715019226 -0.04151748865842819 -0.01748846285045147
v 0.026389483362436295 -0.03969232365489006 -0.020012162625789642
v 0.026268813759088516 -0.041508711874485016 -0.017436901107430458
v 0.025909369811415672 -0.03970587998628616 -0.020089775323867798
v 0.02531285397708416 -0.04153570532798767 -0.017591431736946106
v 0.025457415729761124 -0.03973676636815071 -0.02026725932955742
v 0.024412965402007103 -0.04159720242023468 -0.017944825813174248
v 0.025054756551980972 -0.0397835411131382 -0.02053632214665413
v 0.023611227050423622 -0.04169033095240593 -0.018480557948350906
v 0.024720219895243645 -0.03984401002526283 -0.020884379744529724
v 0.02294512465596199 -0.04181073606014252 -0.019173581153154373
v 0.024469446390867233 -0.03991535305976868 -0.02129516191780567
v 0.022445807233452797 -0.04195278510451317 -0.019991489127278328
v 0.024314163252711296 -0.03999422863125801 -0.021749451756477356
v 0.022136623039841652 -0.042109839618206024 -0.02089603990316391
v 0.024261632934212685 -0.040076952427625656 -0.022226018831133842
v 0.022032026201486588 -0.04227454960346222 -0.021844932809472084
v 0.024469416588544846 -0.0384945422410965 -0.02345951274037361
v 0.024313995614647865 -0.038415729999542236 -0.023005254566669464
v 0.024261320009827614 -0.03833302482962608 -0.022528700530529022
v 0.024313850328326225 -0.03825030103325844 -0.022052135318517685
v 0.024469133466482162 -0.038171425461769104 -0.021597845479846
v -0.028685688972473145 -0.04017025604844093 -0.02270878292620182
v -0.030863087624311447 -0.042449820786714554 -0.022800015285611153
v -0.028530269861221313 -0.04024907201528549 -0.023163041099905968
v -0.030553627759218216 -0.04260675236582756 -0.023704491555690765
v -0.028279371559619904 -0.04032031446695328 -0.02357376180589199
v -0.030054062604904175 -0.042748600244522095 -0.02452228218317032
v -0.02794472873210907 -0.04038064926862717 -0.023921743035316467
v -0.02938775159418583 -0.04286873713135719 -0.02521514892578125
v -0.027541987597942352 -0.04042726010084152 -0.024190712720155716
v -0.028585849329829216 -0.042961545288562775 -0.025750696659088135
v -0.027089981362223625 -0.040457967668771744 -0.02436809055507183
v -0.027685850858688354 -0.04302268475294113 -0.026103880256414413
v -0.026609843596816063 -0.04047133028507233 -0.024445585906505585
v -0.026729844510555267 -0.043049294501543045 -0.026258181780576706
v -0.026124024763703346 -0.040466729551553726 -0.024419579654932022
v -0.0257625263184309 -0.04304013028740883 -0.026206396520137787
v -0.025655241683125496 -0.040444377809762955 -0.024291276931762695
v -0.024829130619764328 -0.042995624244213104 -0.02595093660056591
v -0.02522541768848896 -0.04040531814098358 -0.024066688492894173
v -0.02397329732775688 -0.04291785508394241 -0.025503750890493393
v -0.024854645133018494 -0.04035137966275215 -0.02375630848109722
v -0.023235050961375237 -0.04281046241521835 -0.0248857494443655
v -0.024560263380408287 -0.04028508439660072 -0.0233746487647295
v -0.022648906335234642 -0.042678460478782654 -0.024125831201672554
v -0.024356039240956306 -0.040209535509347916 -0.022939562797546387
v -0.022242270410060883 -0.042528025805950165 -0.023259520530700684
v -0.02425152063369751 -0.040128257125616074 -0.022471390664577484
v -0.022034160792827606 -0.04236619547009468 -0.02232733555138111
v -0.02425159327685833 -0.040045056492090225 -0.021992022171616554
v -0.022034306079149246 -0.04220053181052208 -0.021372858434915543
v -0.024356253445148468 -0.039963819086551666 -0.021523872390389442
v -0.022242698818445206 -0.04203878343105316 -0.02044072188436985
v -0.024560611695051193 -0.039888348430395126 -0.02108883112668991
v -0.022649597376585007 -0.041888512670993805 -0.019574511796236038
v -0.024855108931660652 -0.03982217237353325 -0.02070724591612816
v -0.023235972970724106 -0.04175674915313721 -0.018814727663993835
v -0.02522597461938858 -0.03976838290691376 -0.020396951586008072
v -0.023974407464265823 -0.04164964705705643 -0.018196899443864822
v -0.025655867531895638 -0.03972949832677841 -0.02017246186733246
v -0.024830376729369164 -0.041572220623493195 -0.017749913036823273
v -0.02612468972802162 -0.039707332849502563 -0.020044270902872086
v -0.025763850659132004 -0.041528087109327316 -0.017494676634669304
v -0.026610516011714935 -0.03970292583107948 -0.020018374547362328
v -0.026731183752417564 -0.04151931405067444 -0.017443113029003143
v -0.027090629562735558 -0.039716482162475586 -0.020095987245440483
v -0.02768714353442192 -0.041546303778886795 -0.01759764365851879
v -0.027542583644390106 -0.039747368544340134 -0.020273471251130104
v -0.028587033972144127 -0.0416078045964241 -0.017951037734746933
v -0.027945242822170258 -0.03979413956403732 -0.020542534068226814
v -0.029388774186372757 -0.04170093312859535 -0.01848676986992359
v -0.028279779478907585 -0.039854612201452255 -0.02089059166610241
v -0.03005487471818924 -0.04182133451104164 -0.01917979307472706
v -0.028530552983283997 -0.0399259515106678 -0.021301373839378357
v -0.030554190278053284 -0.04196338355541229 -0.019997701048851013
v -0.028685834258794785 -0.040004830807447433 -0.02175566554069519
v -0.030863376334309578 -0.04212043806910515 -0.020902253687381744
v -0.028738366439938545 -0.04008755460381508 -0.022232230752706528
v -0.030967971310019493 -0.04228515177965164 -0.02185114473104477
v -0.02435656636953354 -0.038219891488552094 -0.02182655595242977
v -0.0242519062012434 -0.03830112889409065 -0.022294705733656883
v -0.02425183355808258 -0.0383843295276165 -0.022774074226617813
v -0.024356352165341377 -0.03846560791134834 -0.023242246359586716
v -0.03768867999315262 -0.03834541514515877 -0.022535962983965874
v -0.03768797218799591 -0.04228649660944939 -0.021851932629942894
v -0.03762546926736832 -0.03844466060400009 -0.023107828572392464
v -0.03762476146221161 -0.04238573834300041 -0.022423798218369484
v -0.03743896633386612 -0.03853923827409744 -0.02365293726325035
v -0.03743825852870941 -0.04248031601309776 -0.022968905046582222
v -0.03713788837194443 -0.03862472623586655 -0.02414580062031746
v -0.03713717684149742 -0.042565807700157166 -0.02346177026629448
v -0.03673631325364113 -0.03869713097810745 -0.0245633777230978
v -0.03673560544848442 -0.04263821244239807 -0.02387934736907482
v -0.03625302389264107 -0.03875306621193886 -0.02488613873720169
v -0.03625231608748436 -0.04269414395093918 -0.02420210652053356
v -0.035710617899894714 -0.038789913058280945 -0.025098994374275208
v -0.03570991009473801 -0.042730990797281265 -0.024414964020252228
v -0.0351344533264637 -0.03880595043301582 -0.02519199065864086
v -0.03513374552130699 -0.042747028172016144 -0.024507960304617882
v -0.0345514677464962 -0.038800425827503204 -0.0251607783138752
v -0.03455075994133949 -0.04274150729179382 -0.02447674795985222
v -0.03398893028497696 -0.03877360373735428 -0.025006819516420364
v -0.03398822247982025 -0.0427146814763546 -0.024322789162397385
v -0.03347313776612282 -0.03872673586010933 -0.024737311527132988
v -0.03347242996096611 -0.04266781359910965 -0.02405327931046486
v -0.033028215169906616 -0.03866200894117355 -0.024364855140447617
v -0.03302750736474991 -0.042603086680173874 -0.023680824786424637
v -0.03267495706677437 -0.0385824553668499 -0.02390686608850956
v -0.03267424926161766 -0.04252353310585022 -0.02322283573448658
v -0.03242988884449005 -0.03849179297685623 -0.023384761065244675
v -0.032429177314043045 -0.04243287071585655 -0.022700730711221695
v -0.03230446204543114 -0.0383942611515522 -0.022822953760623932
v -0.03230375424027443 -0.04233533889055252 -0.022138921543955803
v -0.032288677990436554 -0.038344334810972214 -0.022535329684615135
v -0.032287970185279846 -0.04228541627526283 -0.021851299330592155
v -0.0323045514523983 -0.03829441964626312 -0.022247711196541786
v -0.03230384364724159 -0.04223549738526344 -0.021563680842518806
v -0.032430145889520645 -0.03819693624973297 -0.021685931831598282
v -0.03242943808436394 -0.04213801398873329 -0.021001901477575302
v -0.032675374299287796 -0.038106370717287064 -0.021163884550333023
v -0.03267466649413109 -0.04204745218157768 -0.020479854196310043
v -0.03302877023816109 -0.03802695870399475 -0.02070597931742668
v -0.03302806243300438 -0.04196803644299507 -0.020021948963403702
v -0.03347380831837654 -0.0379624105989933 -0.020333627238869667
v -0.03347310051321983 -0.04190349206328392 -0.019649596884846687
v -0.03398968279361725 -0.03791574761271477 -0.02006423845887184
v -0.03398897498846054 -0.041856829077005386 -0.01938020810484886
v -0.03455226495862007 -0.03788914903998375 -0.019910411909222603
v -0.034551557153463364 -0.04183023050427437 -0.019226379692554474
v -0.035135261714458466 -0.03788386285305023 -0.019879335537552834
v -0.03513455018401146 -0.04182494059205055 -0.019195305183529854
v -0.03571139648556709 -0.037900131195783615 -0.01997247152030468
v -0.035710688680410385 -0.041841208934783936 -0.01928843930363655
v -0.03625373914837837 -0.03793719410896301 -0.020185451954603195
v -0.036253031343221664 -0.04187827184796333 -0.019501421600580215
v -0.03673693165183067 -0.03799331933259964 -0.020508328452706337
v -0.036736223846673965 -0.04193440079689026 -0.019824298098683357
v -0.037138376384973526 -0.03806588426232338 -0.02092599868774414
v -0.03713766857981682 -0.042006965726614 -0.02024196833372116
v -0.03743930533528328 -0.03815149515867233 -0.02141893468797207
v -0.03743859753012657 -0.04209257289767265 -0.02073490433394909
v -0.037625640630722046 -0.03824614733457565 -0.02196408621966839
v -0.03762493282556534 -0.042187225073575974 -0.02128005586564541
v -0.03769915923476219 -0.026374883949756622 0.046432916074991226
v -0.037698451429605484 -0.030315961688756943 0.047116946429014206
v -0.03763594850897789 -0.026474127545952797 0.045861054211854935
v -0.03763524070382118 -0.030415205284953117 0.046545084565877914
v -0.037449441850185394 -0.026568705216050148 0.0453159436583519
v -0.037448734045028687 -0.030509784817695618 0.04599997401237488
v -0.0371483638882637 -0.0266541950404644 0.04482307657599449
v -0.037147656083106995 -0.03059527464210987 0.04550710693001747
v -0.0367467924952507 -0.026726599782705307 0.0444055013358593
v -0.036746084690093994 -0.030667677521705627 0.04508953168988228
v -0.03626350313425064 -0.026782531291246414 0.04408273845911026
v -0.03626279532909393 -0.030723610892891884 0.04476676881313324
v -0.03572109341621399 -0.0268193781375885 0.04386988282203674
v -0.03572038561105728 -0.03076045773923397 0.04455391317605972
v -0.03514493256807327 -0.02683541551232338 0.04377688840031624
v -0.035144224762916565 -0.03077649511396885 0.04446091875433922
v -0.034561946988105774 -0.02682989463210106 0.04380809888243675
v -0.034561239182949066 -0.03077097237110138 0.04449212923645973
v -0.03399940952658653 -0.026803070679306984 0.043962057679891586
v -0.033998701721429825 -0.030744150280952454 0.044646088033914566
v -0.03348361700773239 -0.026756200939416885 0.04423156753182411
v -0.033482909202575684 -0.030697280541062355 0.04491559788584709
v -0.03303869068622589 -0.02669147588312626 0.04460402578115463
v -0.03303798288106918 -0.03063255548477173 0.04528805613517761
v -0.03268543630838394 -0.026611922308802605 0.04506201297044754
v -0.032684728503227234 -0.030553001910448074 0.04574604332447052
v -0.032440364360809326 -0.026521259918808937 0.045584116131067276
v -0.03243965655565262 -0.030462339520454407 0.046268146485090256
v -0.03231494128704071 -0.026423728093504906 0.04614592343568802
v -0.032314233481884 -0.030364805832505226 0.046829953789711
v -0.03229915723204613 -0.02637380361557007 0.046433545649051666
v -0.03229844942688942 -0.030314883217215538 0.047117576003074646
v -0.032315030694007874 -0.026323886588215828 0.046721167862415314
v -0.032314322888851166 -0.03026496432721615 0.04740519821643829
v -0.03244062513113022 -0.026226403191685677 0.04728294536471367
v -0.03243991732597351 -0.030167482793331146 0.04796697571873665
v -0.03268585354089737 -0.026135839521884918 0.047804996371269226
v -0.03268514573574066 -0.03007691726088524 0.048489026725292206
v -0.03303924947977066 -0.026056425645947456 0.04826290160417557
v -0.033038537949323654 -0.029997505247592926 0.04894693195819855
v -0.033484287559986115 -0.025991879403591156 0.04863525182008743
v -0.03348357975482941 -0.029932957142591476 0.04931928217411041
v -0.03400016203522682 -0.025945216417312622 0.04890463873744011
v -0.033999454230070114 -0.029886296018958092 0.04958866909146309
v -0.034562744200229645 -0.025918617844581604 0.0490584671497345
v -0.03456203639507294 -0.029859697446227074 0.04974249750375748
v -0.03514573723077774 -0.025913329795002937 0.04908953979611397
v -0.03514502942562103 -0.029854409396648407 0.04977357015013695
v -0.03572187200188637 -0.02592959813773632 0.04899640753865242
v -0.03572116419672966 -0.02987067587673664 0.0496804378926754
v -0.036264218389987946 -0.025966661050915718 0.048783428966999054
v -0.03626351058483124 -0.02990773878991604 0.049467459321022034
v -0.03674741089344025 -0.026022788137197495 0.04846055060625076
v -0.03674670308828354 -0.029963865876197815 0.04914458096027374
v -0.0371488556265831 -0.026095353066921234 0.04804287850856781
v -0.03714814782142639 -0.030036430805921555 0.04872690886259079
v -0.037449780851602554 -0.026180962100625038 0.04754994437098503
v -0.03744907304644585 -0.030122041702270508 0.04823397472500801
v -0.03763611987233162 -0.02627561427652836 0.04700479283928871
v -0.03763541206717491 -0.030216693878173828 0.04768882319331169
v 0.03230084106326103 -0.026360882446169853 0.04644111916422844
v 0.03230154886841774 -0.030301962047815323 0.04712514951825142
v 0.032364051789045334 -0.026460126042366028 0.04586925730109215
v 0.03236475959420204 -0.030401205644011497 0.04655328765511513
v 0.03255055472254753 -0.02655470371246338 0.04532414674758911
v 0.03255126252770424 -0.03049578331410885 0.04600817710161209
v 0.03285163268446922 -0.026640193536877632 0.044831283390522
v 0.03285234048962593 -0.030581273138523102 0.04551531374454498
v 0.033253204077482224 -0.026712598279118538 0.04441370442509651
v 0.03325391188263893 -0.030653677880764008 0.04509773850440979
v 0.033736493438482285 -0.026768531650304794 0.04409094527363777
v 0.03373720124363899 -0.030709611251950264 0.04477497562766075
v 0.034278903156518936 -0.02680537849664688 0.043878089636564255
v 0.034279610961675644 -0.0307464562356472 0.044562119990587234
v 0.03485506772994995 -0.02682141587138176 0.04378509148955345
v 0.03485577553510666 -0.03076249361038208 0.04446912184357643
v 0.03543805330991745 -0.02681589312851429 0.043816305696964264
v 0.03543876111507416 -0.03075697273015976 0.044500336050987244
v 0.03600058704614639 -0.026789071038365364 0.0439702644944191
v 0.0360012948513031 -0.030730148777365685 0.04465429484844208
v 0.036516379565000534 -0.026742201298475266 0.044239774346351624
v 0.03651708737015724 -0.030683279037475586 0.0449238047003746
v 0.036961305886507034 -0.02667747624218464 0.044612228870391846
v 0.03696201369166374 -0.03061855398118496 0.045296259224414825
v 0.037314560264348984 -0.026597920805215836 0.04507021605968475
v 0.03731527179479599 -0.030539000406861305 0.04575424641370773
v 0.0375596322119236 -0.026507258415222168 0.04559231922030449
v 0.03756034001708031 -0.030448338016867638 0.04627634957432747
v 0.037685055285692215 -0.026409726589918137 0.04615413025021553
v 0.03768576309084892 -0.030350806191563606 0.04683816060423851
v 0.0377008430659771 -0.0263598021119833 0.04644175246357918
v 0.037701550871133804 -0.03030088171362877 0.04712578281760216
v 0.03768496960401535 -0.02630988508462906 0.04672937095165253
v 0.03768567740917206 -0.03025096468627453 0.04741340130567551
v 0.037559375166893005 -0.026212403550744057 0.04729115217924118
v 0.03756008297204971 -0.030153481289744377 0.04797518253326416
v 0.037314146757125854 -0.02612183801829815 0.04781319946050644
v 0.03731485456228256 -0.03006291761994362 0.04849722981452942
v 0.036960750818252563 -0.026042426005005836 0.04827110469341278
v 0.03696145862340927 -0.029983503744006157 0.04895513504743576
v 0.03651571273803711 -0.025977877900004387 0.048643458634614944
v 0.03651642054319382 -0.029918957501649857 0.049327488988637924
v 0.0359998382627964 -0.025931214913725853 0.04891284182667732
v 0.03600054606795311 -0.029872294515371323 0.0495968721807003
v 0.03543725237250328 -0.025904616340994835 0.04906667396426201
v 0.03543796390295029 -0.029845695942640305 0.04975070431828499
v 0.034854259341955185 -0.025899328291416168 0.04909774288535118
v 0.03485496714711189 -0.029840407893061638 0.04978177323937416
v 0.03427812457084656 -0.02591559663414955 0.04900461435317993
v 0.034278832376003265 -0.02985667623579502 0.04968864470720291
v 0.03373578190803528 -0.02595265954732895 0.04879163205623627
v 0.033736489713191986 -0.02989373914897442 0.04947566241025925
v 0.03325258940458298 -0.026008786633610725 0.048468757420778275
v 0.033253297209739685 -0.029949866235256195 0.049152787774801254
v 0.032851144671440125 -0.026081351563334465 0.04805108532309532
v 0.03285185247659683 -0.030022431164979935 0.0487351156771183
v 0.03255021572113037 -0.02616696059703827 0.04755815118551254
v 0.03255092352628708 -0.03010804019868374 0.04824218153953552
v 0.032363876700401306 -0.02626161463558674 0.047012995928525925
v 0.032364584505558014 -0.03020269237458706 0.0476970300078392
v 0.03231131657958031 -0.03833141550421715 -0.02252775803208351
v 0.032312024384737015 -0.04227249324321747 -0.02184372767806053
v 0.03237453103065491 -0.03843066096305847 -0.0230996236205101
v 0.032375238835811615 -0.04237173870205879 -0.02241559326648712
v 0.032561033964157104 -0.03852523863315582 -0.02364473231136799
v 0.03256174176931381 -0.04246631637215614 -0.02296070009469986
v 0.032862111926078796 -0.03861072659492493 -0.024137595668435097
v 0.032862819731235504 -0.04255180433392525 -0.023453565314412117
v 0.0332636833190918 -0.03868313133716583 -0.02455517277121544
v 0.033264391124248505 -0.04262420907616615 -0.02387114241719246
v 0.03374697268009186 -0.03873906284570694 -0.02487793378531933
v 0.033747680485248566 -0.04268014430999756 -0.0241939015686512
v 0.03428938239812851 -0.038775909692049026 -0.025090789422392845
v 0.03429009020328522 -0.042716991156339645 -0.024406759068369865
v 0.034865546971559525 -0.038791947066783905 -0.0251837857067585
v 0.03486625477671623 -0.042733028531074524 -0.02449975535273552
v 0.035448528826236725 -0.038786426186561584 -0.025152573361992836
v 0.03544923663139343 -0.042727503925561905 -0.024468543007969856
v 0.036011066287755966 -0.03875960409641266 -0.024998614564538002
v 0.036011774092912674 -0.04270068183541298 -0.024314584210515022
v 0.03652685880661011 -0.03871273249387741 -0.024729106575250626
v 0.036527566611766815 -0.04265381395816803 -0.024045074358582497
v 0.03697178512811661 -0.038648009300231934 -0.024356650188565254
v 0.036972492933273315 -0.042589087039232254 -0.023672619834542274
v 0.03732503950595856 -0.03856845572590828 -0.023898661136627197
v 0.037325747311115265 -0.0425095334649086 -0.023214630782604218
v 0.03757011145353317 -0.03847779333591461 -0.023376556113362312
v 0.03757081925868988 -0.04241887107491493 -0.022692525759339333
v 0.03769553452730179 -0.03838025778532028 -0.02281474880874157
v 0.037696242332458496 -0.0423213392496109 -0.02213071659207344
v 0.03771131858229637 -0.038330335170030594 -0.022527124732732773
v 0.03771202638745308 -0.042271412909030914 -0.021843094378709793
v 0.037695448845624924 -0.038280416280031204 -0.022239506244659424
v 0.03769615665078163 -0.04222149774432182 -0.021555475890636444
v 0.03756985440850258 -0.03818293660879135 -0.02167772687971592
v 0.037570562213659286 -0.04212401434779167 -0.02099369652569294
v 0.03732462227344513 -0.038092371076345444 -0.02115567959845066
v 0.03732533007860184 -0.042033448815345764 -0.02047164924442768
v 0.03697123005986214 -0.03801295906305313 -0.02069777436554432
v 0.036971937865018845 -0.04195403680205345 -0.02001374401152134
v 0.03652619197964668 -0.03794841095805168 -0.020325422286987305
v 0.03652689978480339 -0.041889488697052 -0.019641391932964325
v 0.036010317504405975 -0.03790174797177315 -0.02005603350698948
v 0.03601102530956268 -0.04184282571077347 -0.0193720031529665
v 0.035447731614112854 -0.03787514939904213 -0.01990220695734024
v 0.03544843941926956 -0.04181622713804245 -0.01921817474067211
v 0.03486473858356476 -0.037869859486818314 -0.01987113058567047
v 0.034865446388721466 -0.04181094095110893 -0.01918710023164749
v 0.03428860381245613 -0.0378861278295517 -0.01996426470577717
v 0.03428931161761284 -0.041827209293842316 -0.01928023435175419
v 0.03374625742435455 -0.03792319446802139 -0.020177247002720833
v 0.03374696895480156 -0.04186427220702171 -0.019493216648697853
v 0.03326306864619255 -0.03797931969165802 -0.020500123500823975
v 0.03326377645134926 -0.04192039743065834 -0.019816093146800995
v 0.0328616239130497 -0.03805188462138176 -0.020917793735861778
v 0.032862331718206406 -0.04199296236038208 -0.0202337633818388
v 0.032560694962739944 -0.03813749551773071 -0.021410729736089706
v 0.03256140276789665 -0.04207857325673103 -0.020726699382066727
v 0.03237435594201088 -0.03823214769363403 -0.021955881267786026
v 0.03237506374716759 -0.042173225432634354 -0.021271850913763046
v -0.025260966271162033 -0.038863856345415115 -0.0021450817584991455
v -0.031627435237169266 -0.042899202555418015 -0.025388343259692192
v 0.03760256618261337 -0.04288535565137863 -0.025380227714776993
v 0.03165256604552269 -0.04288654401898384 -0.025380926206707954
v -0.031639210879802704 -0.029444321990013123 0.05213267728686333
v -0.03163633868098259 -0.032727666199207306 0.03321550041437149
v 0.03164078667759895 -0.029431665316224098 0.052140094339847565
v 0.037590786814689636 -0.02943047508597374 0.05214079096913338
v 0.013259033672511578 -0.038856152445077896 -0.0021405667066574097
v 0.013253660872578621 -0.03271868824958801 0.03322076424956322
v 0.03164903447031975 -0.038852475583553314 -0.002138411160558462
v 0.031643662601709366 -0.03271501138806343 0.03322291746735573
v 0.03759366273880005 -0.03271381929516792 0.03322361409664154
v 0.03759903460741043 -0.038851283490657806 -0.002137713832780719
v -0.025266338139772415 -0.03272639214992523 0.03321624919772148
v -0.03163096681237221 -0.03886513039469719 -0.0021458284463733435
v 0.013250786811113358 -0.02943534404039383 0.052137941122055054
v -0.01324633788317442 -0.032723989337682724 0.0332176573574543
v -0.013249211944639683 -0.02944064326584339 0.052134834229946136
v 0.013262564316391945 -0.04289022088050842 -0.025383081287145615
v 0.013261489570140839 -0.04166238754987717 -0.018308842554688454
v 0.031651489436626434 -0.041658710688352585 -0.018306687474250793
v -0.03162850812077522 -0.04167136549949646 -0.01831410452723503
v -0.013237434439361095 -0.042895521968603134 -0.025386186316609383
v -0.013240966014564037 -0.03886145353317261 -0.002143672900274396
v -0.013238509185612202 -0.04166768863797188 -0.01831194944679737
v 0.03760148957371712 -0.04165751859545708 -0.01830599084496498
v -0.02526921220123768 -0.02944304794073105 0.05213342607021332
v -0.00206555868498981 -0.023459559306502342 -0.04389078915119171
v -0.002134793670848012 -0.02340847998857498 -0.043899666517972946
v -0.0018618203466758132 -0.023120399564504623 -0.04394962266087532
v -0.0022610665764659643 -0.023144591599702835 -0.04394548386335373
v -0.0021685492247343063 -0.022867444902658463 -0.043993573635816574
v -0.0014625738840550184 -0.02309620939195156 -0.04395376145839691
v -0.0014891689643263817 -0.023263614624738693 -0.043924711644649506
v -0.0019867972005158663 -0.02349478006362915 -0.04388466477394104
v -0.002106185769662261 -0.022808391600847244 -0.044003814458847046
v -0.0018647119868546724 -0.022726302966475487 -0.04401802644133568
v -0.0022618151269853115 -0.02228955365717411 -0.0390191376209259
v -0.0021692977752536535 -0.022012406960129738 -0.03906722739338875
v -0.0021355419885367155 -0.022553442046046257 -0.03897331655025482
v -0.002066307235509157 -0.022604521363973618 -0.03896443918347359
v -0.0019875457510352135 -0.022639742121100426 -0.038958314806222916
v -0.001489917398430407 -0.02240857668220997 -0.03899836167693138
v -0.0014633223181590438 -0.022241171449422836 -0.039027415215969086
v -0.0018654604209586978 -0.021871265023946762 -0.039091676473617554
v -0.0021069340873509645 -0.02195335365831852 -0.03907746821641922
v 0.001463314052671194 -0.023245736956596375 -0.04392736405134201
v 0.001394079183228314 -0.023194655776023865 -0.043936241418123245
v 0.0016670523909851909 -0.022906577214598656 -0.04398619756102562
v 0.001267806044779718 -0.022930769249796867 -0.04398206248879433
v 0.0013603235129266977 -0.022653624415397644 -0.04403014853596687
v 0.0020662988536059856 -0.022882387042045593 -0.04399033635854721
v 0.0020397037733346224 -0.023049792274832726 -0.043961286544799805
v 0.001542075420729816 -0.023280959576368332 -0.04392123967409134
v 0.001422686967998743 -0.022594571113586426 -0.044040389358997345
v 0.0016641606343910098 -0.02251247875392437 -0.04405460134148598
v 0.0012670574942603707 -0.022075731307268143 -0.0390557125210762
v 0.0013595750788226724 -0.02179858647286892 -0.03910380229353905
v 0.0013933307491242886 -0.02233961783349514 -0.03900989145040512
v 0.0014625656185671687 -0.02239069901406765 -0.039001017808914185
v 0.0015413269866257906 -0.022425921633839607 -0.03899489343166351
v 0.002038955222815275 -0.022194754332304 -0.03903493657708168
v 0.0020655503030866385 -0.02202734909951687 -0.039063990116119385
v 0.0016634122002869844 -0.021657442674040794 -0.03912825509905815
v 0.0014219385338947177 -0.0217395331710577 -0.03911404311656952
v 0.0016802409663796425 -0.0267226230353117 -0.04332386702299118
v 0.0016110060969367623 -0.02667154371738434 -0.043332744389772415
v 0.0018839793046936393 -0.02638346329331398 -0.04338270425796509
v 0.0014847329584881663 -0.026407655328512192 -0.0433785654604435
v 0.0015772504266351461 -0.02613050863146782 -0.04342665523290634
v 0.002283225767314434 -0.026359273120760918 -0.04338683933019638
v 0.002256630687043071 -0.02652667835354805 -0.043357789516448975
v 0.0017590023344382644 -0.026757843792438507 -0.04331774264574051
v 0.0016396138817071915 -0.0260714553296566 -0.043436892330646515
v 0.0018810875480994582 -0.025989366695284843 -0.04345110431313515
v 0.0014839844079688191 -0.025552617385983467 -0.03845221921801567
v 0.0015765019925311208 -0.025275470688939095 -0.03850030526518822
v 0.001610257662832737 -0.025816505774855614 -0.03840639814734459
v 0.0016794925322756171 -0.025867585092782974 -0.038397520780563354
v 0.001758253900334239 -0.025902805849909782 -0.03839139640331268
v 0.0022558821365237236 -0.025671640411019325 -0.03843144327402115
v 0.002282477216795087 -0.025504235178232193 -0.038460493087768555
v 0.0018803391139954329 -0.02513432875275612 -0.03852475807070732
v 0.001638865447603166 -0.025216417387127876 -0.03851054608821869
v -0.0018486317712813616 -0.026936445385217667 -0.04328729212284088
v -0.00191786652430892 -0.026885364204645157 -0.043296169489622116
v -0.0016448934329673648 -0.026597285643219948 -0.04334612563252449
v -0.002044139662757516 -0.02662147581577301 -0.0433419905602932
v -0.001951622311025858 -0.026344330981373787 -0.043390076607465744
v -0.00124564697034657 -0.026573095470666885 -0.04335026443004608
v -0.0012722420506179333 -0.02674049884080887 -0.043321214616298676
v -0.0017698702868074179 -0.026971666142344475 -0.04328116774559021
v -0.0018892588559538126 -0.02628527767956257 -0.043400317430496216
v -0.001647785073146224 -0.02620318904519081 -0.04341452941298485
v -0.002044888213276863 -0.025766437873244286 -0.03841564059257507
v -0.0019523708615452051 -0.025489293038845062 -0.03846373036503792
v -0.001918615074828267 -0.02603032812476158 -0.03836981952190399
v -0.001849380205385387 -0.026081407442688942 -0.038360945880413055
v -0.0017706187209114432 -0.02611662819981575 -0.038354821503162384
v -0.0012729904847219586 -0.025885460898280144 -0.03839486837387085
v -0.0012463954044505954 -0.02571805752813816 -0.038423918187618256
v -0.0016485335072502494 -0.025348151102662086 -0.03848818317055702
v -0.001890007290057838 -0.025430239737033844 -0.03847397118806839
v 0.0036758126225322485 -0.028577011078596115 -0.03792695701122284
v 0.0025689667090773582 -0.029243983328342438 -0.037811364978551865
v 0.004951993003487587 -0.020543957129120827 -0.039321016520261765
v 0.004104929510504007 -0.019575702026486397 -0.039489198476076126
v 0.003066406352445483 -0.018809502944350243 -0.039622340351343155
v -0.005759213585406542 -0.025519704446196556 -0.03845902904868126
v -0.005270285066217184 -0.026703767478466034 -0.03825344517827034
v 0.004611264914274216 -0.027691204100847244 -0.03808056190609932
v 0.005331582389771938 -0.026627978309988976 -0.03826498985290527
v 0.005803084000945091 -0.025437049567699432 -0.03847162052989006
v -0.005978364497423172 -0.024259760975837708 -0.03867774456739426
v 0.0013424817007035017 -0.02966093085706234 -0.03773918375372887
v 5.370686994865537e-05 -0.02980835735797882 -0.03771379217505455
v -0.0012370961485430598 -0.029679371044039726 -0.037736374884843826
v -0.002469570841640234 -0.029280001297593117 -0.03780587762594223
v 0.005567990243434906 -0.021668991073966026 -0.039125654846429825
v 0.0059241182170808315 -0.022898199036717415 -0.03891225531697273
v 0.006003723479807377 -0.024174107238650322 -0.03869079053401947
v -0.005917490925639868 -0.022982850670814514 -0.038899362087249756
v -0.005579438526183367 -0.021748680621385574 -0.039113517850637436
v -0.004980015102773905 -0.020614957436919212 -0.03931020200252533
v -0.004147248342633247 -0.01963469386100769 -0.039480213075876236
v -0.003120078006759286 -0.018853727728128433 -0.039615605026483536
v -0.0035860880743712187 -0.02862892486155033 -0.0379190519452095
v -0.004534440580755472 -0.02775658294558525 -0.03807060047984123
v -0.0019465333316475153 -0.018308572471141815 -0.039710044860839844
v -0.0006814876105636358 -0.01802472211420536 -0.03975912183523178
v 0.0006159066106192768 -0.01801544614136219 -0.0397605337202549
v 0.0018849849002435803 -0.018281182274222374 -0.03971421718597412
v -0.0059776161797344685 -0.025114798918366432 -0.04360409080982208
v -0.005916742607951164 -0.02383788861334324 -0.04382570832967758
v -0.005578690208494663 -0.0226037185639143 -0.04403986409306526
v -0.004979266319423914 -0.021469995379447937 -0.044236548244953156
v -0.004146500024944544 -0.020489731803536415 -0.04440655931830406
v -0.0031193296890705824 -0.019708765670657158 -0.04454195126891136
v -0.00194578489754349 -0.01916361041367054 -0.04463639482855797
v -0.0006807391764596105 -0.018879760056734085 -0.04468546807765961
v 0.000616655102930963 -0.018870484083890915 -0.044686879962682724
v 0.0018857334507629275 -0.0191362202167511 -0.044640567153692245
v 0.0030671546701341867 -0.019664540886878967 -0.04454868659377098
v 0.004105677828192711 -0.02043073996901512 -0.04441554471850395
v 0.0049527413211762905 -0.02139899507164955 -0.04424736276268959
v 0.005568739026784897 -0.02252402901649475 -0.04405200481414795
v 0.005924866534769535 -0.02375323697924614 -0.04383860155940056
v 0.00600447179749608 -0.025029143318533897 -0.043617136776447296
v 0.005803832318633795 -0.026292087510228157 -0.043397966772317886
v 0.005332330707460642 -0.0274830162525177 -0.0431913360953331
v 0.004612013231962919 -0.02854624204337597 -0.043006908148527145
v 0.0036765611730515957 -0.02943204902112484 -0.042853306978940964
v 0.0025697150267660618 -0.030099021270871162 -0.04273771122097969
v 0.001343230134807527 -0.030515968799591064 -0.04266552999615669
v 5.445532588055357e-05 -0.030663395300507545 -0.042640138417482376
v -0.0012363477144390345 -0.03053440898656845 -0.04266272112727165
v -0.002468822291120887 -0.03013503924012184 -0.042732223868370056
v -0.003585339756682515 -0.029483962804079056 -0.04284539818763733
v -0.004533692263066769 -0.028611620888113976 -0.04299695044755936
v -0.0052695367485284805 -0.02755880542099476 -0.043179791420698166
v -0.005758465267717838 -0.02637474238872528 -0.043385379016399384
v 0.008994047529995441 -0.024122126400470734 -0.04326663538813591
v 0.008388944901525974 -0.023337116464972496 -0.04391045123338699
v 0.008881684392690659 -0.02316838689148426 -0.04343218728899956
v 0.007884430699050426 -0.02159573696553707 -0.04421276971697807
v 0.008347494527697563 -0.021324574947357178 -0.043752286583185196
v 0.007011767476797104 -0.020001940429210663 -0.044489528983831406
v 0.007423498202115297 -0.01963702403008938 -0.04404532536864281
v 0.005811760202050209 -0.018630243837833405 -0.044727787375450134
v 0.006152902264147997 -0.018184641376137733 -0.04429760202765465
v 0.004340519662946463 -0.01754479482769966 -0.04491640627384186
v 0.0045951176434755325 -0.017035339027643204 -0.04449731484055519
v 0.0026668391656130552 -0.01679634116590023 -0.04504656791687012
v 0.002822985639795661 -0.01624285988509655 -0.04463513195514679
v 0.0008689783280715346 -0.01641988195478916 -0.04511217772960663
v 0.0009193680598400533 -0.015844257548451424 -0.04470460116863251
v -0.0009689969592727721 -0.016433021053671837 -0.045110177248716354
v -0.0010267234174534678 -0.01585816964507103 -0.04470248520374298
v -0.0027611448895186186 -0.01683514378964901 -0.04504065588116646
v -0.0029242918826639652 -0.016283946111798286 -0.044628873467445374
v -0.004423667211085558 -0.017607444897294044 -0.0449068658053875
v -0.004684608895331621 -0.017101677134633064 -0.04448721185326576
v -0.00587882474064827 -0.0187138170003891 -0.04471505805850029
v -0.006225364748388529 -0.01827313005924225 -0.04428412392735481
v -0.007058577612042427 -0.020102523267269135 -0.04447420686483383
v -0.007474514190107584 -0.019743524491786957 -0.044029105454683304
v -0.007907761260867119 -0.02170863002538681 -0.04419557377696037
v -0.008373649790883064 -0.021444108337163925 -0.04373408108949661
v -0.00838666781783104 -0.023457037284970284 -0.043892186135053635
v -0.008880727924406528 -0.023295363411307335 -0.04341284558176994
v -0.008472905494272709 -0.025265993550419807 -0.04357822984457016
v -0.008972038514912128 -0.025210728868842125 -0.043080419301986694
v -0.008162441663444042 -0.027050914242863655 -0.04326838254928589
v -0.008643311448395252 -0.027100645005702972 -0.04275234788656235
v -0.007469793315976858 -0.028728336095809937 -0.042977139353752136
v -0.007909920066595078 -0.028876736760139465 -0.04244397208094597
v -0.00642734719440341 -0.030219824984669685 -0.04271811246871948
v -0.00680615333840251 -0.03045596182346344 -0.042169708758592606
v -0.005083847790956497 -0.031455643475055695 -0.04250341281294823
v -0.005383624229580164 -0.031764473766088486 -0.041942380368709564
v -0.0035021149087697268 -0.032377999275922775 -0.04234308376908302
v -0.003708848264068365 -0.032741088420152664 -0.041772618889808655
v -0.0017561089480295777 -0.03294377401471138 -0.042244620621204376
v -0.001860136166214943 -0.03334014117717743 -0.0416683666408062
v 7.252858631545678e-05 -0.033126503229141235 -0.042212627828121185
v 7.60683833505027e-05 -0.033533621579408646 -0.041634488850831985
v 0.0018982929177582264 -0.03291764855384827 -0.042248599231243134
v 0.0020092306658625603 -0.03331248089671135 -0.04167257621884346
v 0.0036358132492750883 -0.03232697397470474 -0.042350854724645615
v 0.0038489580620080233 -0.03268706053495407 -0.04178084805607796
v 0.005203844979405403 -0.03138209879398346 -0.0425146147608757
v 0.0055092270486056805 -0.031686604022979736 -0.04195424169301987
v 0.006529069039970636 -0.030127204954624176 -0.04273221641778946
v 0.006912405136972666 -0.03035789355635643 -0.04218464344739914
v 0.007549518719315529 -0.028620967641472816 -0.042993493378162384
v 0.007992882281541824 -0.0287630558013916 -0.04246128723025322
v 0.008217480033636093 -0.0269338209182024 -0.043286219239234924
v 0.008700134232640266 -0.02697666361927986 -0.04277123138308525
v 0.008501717820763588 -0.025144649669528008 -0.04359671100974083
v 0.009001092053949833 -0.025082247331738472 -0.04309999197721481
v 0.008495064452290535 -0.024237869307398796 -0.04375409707427025
v 0.008192389272153378 -0.017616217955946922 -0.03424644470214844
v 0.00879459735006094 -0.027268359437584877 -0.03257108852267265
v -0.0005927004967816174 -0.013304210267961025 -0.034996189177036285
v -0.008775581605732441 -0.018644344061613083 -0.03407057747244835
v -0.008173373527824879 -0.028296485543251038 -0.032395221292972565
v 0.0006117160082794726 -0.03260849416255951 -0.03164547309279442
v 0.007250449154525995 -0.024881547316908836 -0.032985586673021317
v 0.0066610719077289104 -0.026370206847786903 -0.03272729739546776
v 0.006186585407704115 -0.018765181303024292 -0.03404733166098595
v 0.006956581957638264 -0.020171474665403366 -0.03380313143134117
v -0.0056714569218456745 -0.027780963107943535 -0.03248431533575058
v -0.006591262295842171 -0.02646494284272194 -0.032712869346141815
v -0.0069777038879692554 -0.02027108520269394 -0.033787962049245834
v -0.006228424608707428 -0.0188539307564497 -0.03403381258249283
v -0.0008552656508982182 -0.015616136603057384 -0.03459496423602104
v 0.0007664772565476596 -0.015604544430971146 -0.03459673002362251
v 0.0057606748305261135 -0.027699239552021027 -0.03249676153063774
v 0.004591359756886959 -0.028806500136852264 -0.032304760068655014
v 0.0032078020740300417 -0.029640212655067444 -0.03216026723384857
v 0.0016746961046010256 -0.03016139566898346 -0.032070040702819824
v 6.372752250172198e-05 -0.030345680192112923 -0.03203830122947693
v -0.0072024231776595116 -0.02498486638069153 -0.03296985104680061
v -0.007476361468434334 -0.02340993657708168 -0.033243242651224136
v -0.007400269154459238 -0.02181379869580269 -0.03352026641368866
v 0.0023528251331299543 -0.0159367136657238 -0.034538835287094116
v 0.0038296019192785025 -0.016597112640738487 -0.034423988312482834
v 0.005127755459398031 -0.017554862424731255 -0.03425756096839905
v -0.0015497762942686677 -0.030184447765350342 -0.03206653147935867
v -0.003090369515120983 -0.029685236513614655 -0.0321534089744091
v -0.004486015997827053 -0.028871390968561172 -0.032294876873493195
v 0.007401741109788418 -0.021707985550165176 -0.033536382019519806
v 0.007495377212762833 -0.02250276692211628 -0.03339841961860657
v 0.007501248270273209 -0.023302866145968437 -0.0332595519721508
v -0.005187466740608215 -0.01762860268354416 -0.034246329218149185
v -0.0039035037625581026 -0.016652392223477364 -0.03441556915640831
v -0.0024365726858377457 -0.015970950946211815 -0.03453361988067627
v -0.001466091605834663 -0.01907753013074398 -0.020799923688173294
v -0.001868229708634317 -0.018707623705267906 -0.02086418867111206
v -0.0018653380684554577 -0.019101722165942192 -0.020795786753296852
v -0.0014926866861060262 -0.019244935363531113 -0.02077087201178074
v -0.0021383112762123346 -0.0193898007273674 -0.02074582688510418
v -0.0020690765231847763 -0.01944088190793991 -0.020736951380968094
v -0.0019903150387108326 -0.01947610080242157 -0.020730827003717422
v -0.0021097033750265837 -0.018789714202284813 -0.02084997668862343
v -0.0021720670629292727 -0.018848765641450882 -0.020839737728238106
v 0.0020627810154110193 -0.018863707780838013 -0.020836500450968742
v 0.0016606429126113653 -0.01849380135536194 -0.02090076357126236
v 0.0016635346692055464 -0.018887897953391075 -0.02083236165344715
v 0.002036185935139656 -0.019031113013625145 -0.020807448774576187
v 0.0013905614614486694 -0.019175978377461433 -0.020782403647899628
v 0.0014597963308915496 -0.019227057695388794 -0.020773528143763542
v 0.0015385576989501715 -0.01926228031516075 -0.02076740190386772
v 0.0014191692462190986 -0.018575891852378845 -0.020886553451418877
v 0.0013568057911470532 -0.018634945154190063 -0.020876312628388405
v 0.0022797079291194677 -0.022340593859553337 -0.020233003422617912
v 0.0018775698263198137 -0.021970687434077263 -0.02029726840555668
v 0.0018804615829139948 -0.0223647840321064 -0.02022886648774147
v 0.0022531128488481045 -0.02250799909234047 -0.020203951746225357
v 0.0016074883751571178 -0.022652864456176758 -0.020178906619548798
v 0.001676723244599998 -0.02270394377410412 -0.020170031115412712
v 0.0017554846126586199 -0.022739166393876076 -0.02016390673816204
v 0.001636096159927547 -0.02205277606844902 -0.020283056423068047
v 0.0015737327048555017 -0.022111831232905388 -0.020272815600037575
v -0.0012491646921262145 -0.022554416209459305 -0.020196428522467613
v -0.0016513027949258685 -0.02218450978398323 -0.02026069164276123
v -0.0016484111547470093 -0.022578606382012367 -0.020192289724946022
v -0.0012757597723975778 -0.022721821442246437 -0.020167376846075058
v -0.0019213843625038862 -0.022866686806082726 -0.0201423317193985
v -0.001852149493061006 -0.022917766124010086 -0.020133456215262413
v -0.0017733880085870624 -0.022952986881136894 -0.020127329975366592
v -0.001892776577733457 -0.022266598418354988 -0.020246481522917747
v -0.0019551401492208242 -0.022325653582811356 -0.020236240699887276
v -0.0018679453060030937 -0.019032537937164307 -0.02273619920015335
v -0.0021094190888106823 -0.019114628434181213 -0.02272198721766472
v -0.0021717825438827276 -0.019173679873347282 -0.022711748257279396
v -0.0021380269899964333 -0.0197147149592638 -0.02261783927679062
v -0.0020687920041382313 -0.01976579613983631 -0.022608961910009384
v -0.0019900305196642876 -0.01980101503431797 -0.022602837532758713
v -0.001492402283474803 -0.019569849595427513 -0.02264288440346718
v -0.0014658072032034397 -0.01940244436264038 -0.022671936079859734
v 0.0016609273152425885 -0.01881871558725834 -0.0227727759629488
v 0.0014194536488503218 -0.018900806084275246 -0.022758563980460167
v 0.0013570901937782764 -0.018959859386086464 -0.022748323157429695
v 0.0013908458640798926 -0.019500892609357834 -0.022654414176940918
v 0.0014600807335227728 -0.019551971927285194 -0.022645538672804832
v 0.0015388421015813947 -0.019587194547057152 -0.022639412432909012
v 0.002036470454186201 -0.019356027245521545 -0.022679459303617477
v 0.0020630655344575644 -0.019188622012734413 -0.022708510980010033
v 0.001877854228951037 -0.022295601665973663 -0.02216927893459797
v 0.0016363805625587702 -0.02237769030034542 -0.022155066952109337
v 0.0015740171074867249 -0.02243674546480179 -0.022144827991724014
v 0.001607772777788341 -0.022977778688073158 -0.022050919011235237
v 0.0016770076472312212 -0.02302885800600052 -0.022042041644454002
v 0.001755769015289843 -0.023064080625772476 -0.02203591726720333
v 0.0022533973678946495 -0.02283291332423687 -0.022075964137911797
v 0.002279992215335369 -0.022665508091449738 -0.022105015814304352
v -0.0016510183922946453 -0.02250942401587963 -0.02213270403444767
v -0.0018924921751022339 -0.02259151265025139 -0.022118492051959038
v -0.001954855630174279 -0.022650567814707756 -0.022108251228928566
v -0.0019210998434573412 -0.023191601037979126 -0.02201434224843979
v -0.0018518650904297829 -0.023242680355906487 -0.022005466744303703
v -0.0017731036059558392 -0.023277901113033295 -0.021999340504407883
v -0.0012754753697663546 -0.023046735674142838 -0.02203938737511635
v -0.0012488802894949913 -0.022879330441355705 -0.022068439051508904
v 0.004352410789579153 -0.0222132857888937 -0.022183189168572426
v 0.004502890165895224 -0.02126607671380043 -0.022347569465637207
v 0.004499367903918028 -0.020786017179489136 -0.022430891171097755
v 0.0030787948053330183 -0.01781727373600006 -0.022946374490857124
v 0.0022999027278274298 -0.01724262349307537 -0.023046230897307396
v 0.0014138366095721722 -0.01684638485312462 -0.023115139454603195
v 0.00046202787780202925 -0.016647081822156906 -0.023149875923991203
v -0.0005110178608447313 -0.016654036939144135 -0.02314881607890129
v 0.0010069591226056218 -0.025381194427609444 -0.02163386344909668
v 0.0019268228206783533 -0.025068484246730804 -0.02168799750506878
v 4.037803955725394e-05 -0.025491764768958092 -0.021614817902445793
v 0.0044431863352656364 -0.020309148356318474 -0.02251366712152958
v 0.0041760909371078014 -0.01938723959028721 -0.0226737167686224
v 0.003714093007147312 -0.018543465062975883 -0.022820236161351204
v 0.0027569574303925037 -0.024568255990743637 -0.021774694323539734
v 0.0034585464745759964 -0.023903900757431984 -0.02188989520072937
v 0.003998784814029932 -0.02310648001730442 -0.02202821709215641
v -0.001459802035242319 -0.016866926103830338 -0.023112010210752487
v -0.0023399607744067907 -0.017275791615247726 -0.02304117940366268
v -0.003110338468104601 -0.017861519008874893 -0.022939635440707207
v -0.0037349131889641285 -0.018596716225147247 -0.022812126204371452
v -0.004184480756521225 -0.01944700814783573 -0.022664614021778107
v -0.004438020288944244 -0.020372634753584862 -0.022503996267914772
v -0.003952615894377232 -0.0231633223593235 -0.022019559517502785
v -0.004319312050938606 -0.022275274619460106 -0.022173747420310974
v -0.004483675584197044 -0.021330317482352257 -0.022337784990668297
v -0.0034007327631115913 -0.02395293489098549 -0.021882427856326103
v -0.0026894682087004185 -0.024607190862298012 -0.021768763661384583
v -0.001852080225944519 -0.0250954981893301 -0.021683882921934128
v -0.0009277242352254689 -0.025395024567842484 -0.0216317567974329
v 0.004499831702560186 -0.02131614089012146 -0.02548522688448429
v 0.004503353964537382 -0.021796200424432755 -0.025401905179023743
v 0.004352875053882599 -0.022743409499526024 -0.02523752674460411
v 0.0039992486126720905 -0.023636603727936745 -0.025082552805542946
v 0.0034590105060487986 -0.024434024468064308 -0.024944232776761055
v 0.002757421461865306 -0.02509837970137596 -0.02482903003692627
v 0.0019272869685664773 -0.02559860795736313 -0.024742335081100464
v 0.001007423154078424 -0.025911318138241768 -0.024688199162483215
v 4.0842081943992525e-05 -0.026021888479590416 -0.024669155478477478
v -0.0009272601455450058 -0.025925148278474808 -0.024686092510819435
v -0.0018516161944717169 -0.025625621899962425 -0.024738220497965813
v -0.0026890041772276163 -0.025137314572930336 -0.024823099374771118
v -0.003400268731638789 -0.024483058601617813 -0.02493676356971264
v -0.003952152095735073 -0.023693446069955826 -0.02507389523088932
v -0.0043188477866351604 -0.02280539833009243 -0.02522808499634266
v -0.0044832113198935986 -0.02186044119298458 -0.025392120704054832
v -0.004437556490302086 -0.020902758464217186 -0.025558333843946457
v -0.0041840169578790665 -0.019977131858468056 -0.025718949735164642
v -0.0037344491574913263 -0.01912683993577957 -0.025866461917757988
v -0.0031098744366317987 -0.018391642719507217 -0.025993971154093742
v -0.0023394967429339886 -0.01780591532588005 -0.026095515117049217
v -0.001459338003769517 -0.017397049814462662 -0.026166345924139023
v -0.0005105538293719292 -0.01718416064977646 -0.026203151792287827
v 0.0004624919092748314 -0.01717720553278923 -0.02620421163737774
v 0.0014143006410449743 -0.017376508563756943 -0.02616947516798973
v 0.002300366759300232 -0.017772747203707695 -0.02610056847333908
v 0.0030792588368058205 -0.018347397446632385 -0.02600071020424366
v 0.0037145570386201143 -0.019073588773608208 -0.02587457373738289
v 0.00417655473574996 -0.019917363300919533 -0.025728054344654083
v 0.004443650133907795 -0.020839272066950798 -0.025568002834916115
v -0.00567265460267663 -0.026412902399897575 -0.02460215613245964
v -0.004487213678658009 -0.027503328397870064 -0.024412717670202255
v -0.0030915671959519386 -0.028317173942923546 -0.024271251633763313
v -0.0015509738586843014 -0.028816387057304382 -0.024184372276067734
v 6.252999446587637e-05 -0.028977619484066963 -0.02415614202618599
v 0.001673498540185392 -0.0287933349609375 -0.024187883362174034
v 0.00320660462602973 -0.028272151947021484 -0.024278108030557632
v 0.004590162076056004 -0.027438437566161156 -0.024422600865364075
v 0.005759477149695158 -0.026331178843975067 -0.02461460418999195
v 0.006659874226897955 -0.025002146139740944 -0.024845140054821968
v 0.00724925147369504 -0.023513486608862877 -0.025103427469730377
v 0.007500050589442253 -0.021934805437922478 -0.025377392768859863
v 0.007494179531931877 -0.02113470621407032 -0.025516262277960777
v 0.00740054389461875 -0.020339922979474068 -0.025654222816228867
v 0.0069553847424685955 -0.018803413957357407 -0.02592097409069538
v 0.006185387726873159 -0.017397120594978333 -0.026165172457695007
v 0.005126557778567076 -0.016186801716685295 -0.02637540176510811
v 0.0038284044712781906 -0.015229051932692528 -0.026541829109191895
v 0.002351627452298999 -0.014568652026355267 -0.026656676083803177
v 0.000765279692132026 -0.014236482791602612 -0.026714568957686424
v -0.0008564631571061909 -0.014248075895011425 -0.026712805032730103
v -0.0024377701338380575 -0.014602890238165855 -0.02665146067738533
v -0.003904701443389058 -0.015284331515431404 -0.02653340995311737
v -0.005188664421439171 -0.01626054011285305 -0.026364170014858246
v -0.0062296222895383835 -0.01748587004840374 -0.02615165524184704
v -0.006978901568800211 -0.01890302449464798 -0.025905800983309746
v -0.0074014668352901936 -0.02044573798775673 -0.02563810534775257
v -0.007477559149265289 -0.02204187586903572 -0.025361085310578346
v -0.00720362039282918 -0.02361680567264557 -0.025087691843509674
v -0.006592459511011839 -0.02509688213467598 -0.024830710142850876
v 0.02830984629690647 -0.020268388092517853 -0.04078622907400131
v 0.028311681002378464 -0.030475780367851257 -0.03901458904147148
v 0.02830801159143448 -0.010060993954539299 -0.042557865381240845
v 0.028306178748607635 0.00014639913570135832 -0.044329505413770676
v 0.028304344043135643 0.010353795252740383 -0.04610114544630051
v 0.028223125264048576 0.010082128457725048 -0.04613649845123291
v 0.028229353949427605 0.01034095510840416 -0.046175047755241394
v 0.028313513845205307 -0.04068317636847496 -0.03724294900894165
v -0.0029587927274405956 0.03807792812585831 -0.050917815417051315
v 0.0029575182124972343 0.03807911276817322 -0.0509171187877655
v 0.02822168730199337 0.010610992088913918 -0.04622828587889671
v 0.027684880420565605 0.01615089923143387 -0.04710740968585014
v -0.00874560046941042 0.03686482459306717 -0.050708141177892685
v -0.014149993658065796 0.03449280932545662 -0.05029726400971413
v -0.01893577352166176 0.031065553426742554 -0.049703143537044525
v -0.02289378084242344 0.026732850819826126 -0.04895174130797386
v -0.02585102804005146 0.021684056147933006 -0.048075899481773376
v -0.027678273618221283 0.01613982580602169 -0.047113899141550064
v -0.02829565480351448 0.010342475026845932 -0.04610778018832207
v 0.025855641812086105 0.021694399416446686 -0.04806984215974808
v 0.022896580398082733 0.026742007583379745 -0.04894637316465378
v 0.018937017768621445 0.031073128804564476 -0.04969870299100876
v 0.01415000669658184 0.03449846804141998 -0.050293948501348495
v 0.008744761347770691 0.036868322640657425 -0.05070609226822853
v -0.028290152549743652 -0.02027970924973488 -0.040792860090732574
v -0.02828831970691681 -0.030487101525068283 -0.03902122378349304
v -0.028293820098042488 0.00013507854600902647 -0.044336140155792236
v -0.028286485001444817 -0.040694497525691986 -0.03724958375096321
v -0.028291987255215645 -0.01007231418043375 -0.042564500123262405
v 0.028304075822234154 0.010661609470844269 -0.04432765766978264
v 0.028313245624303818 -0.04037536308169365 -0.03546946495771408
v 0.027684610337018967 0.01645871251821518 -0.045333921909332275
v 0.025855373591184616 0.022002212703227997 -0.04629635438323021
v 0.022896312177181244 0.027049822732806206 -0.04717288911342621
v 0.018936747685074806 0.031380943953990936 -0.04792521893978119
v 0.014149736613035202 0.034806281328201294 -0.04852046072483063
v 0.008744492195546627 0.037176135927438736 -0.04893260449171066
v 0.002957248594611883 0.03838692605495453 -0.04914363473653793
v -0.002959062112495303 0.038385745137929916 -0.04914432764053345
v -0.008745870552957058 0.03717263787984848 -0.04893465340137482
v -0.01415026281028986 0.03480062261223793 -0.04852377995848656
v -0.018936041742563248 0.031373366713523865 -0.04792965576052666
v -0.022894050925970078 0.027040664106607437 -0.04717825725674629
v -0.0258512981235981 0.021991871297359467 -0.04630241543054581
v -0.02767854370176792 0.016447639092803 -0.045340411365032196
v -0.02829592488706112 0.010650289244949818 -0.0443342924118042
v -0.028286755084991455 -0.04038668051362038 -0.03547609597444534
v 0.013207929208874702 0.011017706245183945 -0.04226035997271538
v 0.015249207615852356 0.010810666717588902 -0.04222411662340164
v -0.015241610817611217 0.01080456841737032 -0.04222768917679787
v -0.013200406916439533 0.0110124247148633 -0.0422634556889534
v -0.016997821629047394 0.01981727033853531 -0.0437922403216362
v -0.017160290852189064 0.01804668828845024 -0.04348495230078697
v -0.017643051221966743 0.01633368618786335 -0.043187711387872696
v -0.018430382013320923 0.014734039083123207 -0.04291018843650818
v -0.0069997794926166534 0.030719054862856865 -0.0456828810274601
v -0.00895064789801836 0.03052935190498829 -0.04565025120973587
v -0.010826478712260723 0.029968298971652985 -0.04555315896868706
v -0.012555182911455631 0.029057469218969345 -0.04539533331990242
v -0.014070328325033188 0.02783185802400112 -0.045182839035987854
v -0.015313688665628433 0.026338564231991768 -0.044923845678567886
v -0.01623748242855072 0.02463497593998909 -0.04462830349802971
v -0.016806205734610558 0.022786565124988556 -0.04430757462978363
v -0.016998009756207466 0.02086436003446579 -0.043973974883556366
v 0.017001992091536522 0.020871160551905632 -0.04396999254822731
v 0.01680949702858925 0.02279328927397728 -0.04430363327264786
v 0.016240108758211136 0.024641472846269608 -0.04462449997663498
v 0.015315703116357327 0.02634469047188759 -0.04492025822401047
v 0.014071806333959103 0.027837485074996948 -0.045179542154073715
v 0.012556221336126328 0.02906249277293682 -0.045392390340566635
v 0.010827189311385155 0.029972629621624947 -0.045550618320703506
v 0.008951157331466675 0.03053293190896511 -0.045648153871297836
v 0.007000220939517021 0.03072185441851616 -0.04568123817443848
v 0.01843656599521637 0.014741412363946438 -0.04290586709976196
v 0.017648661509156227 0.016340745612978935 -0.0431835763156414
v 0.017165284603834152 0.018053553998470306 -0.04348092898726463
v 0.017002180218696594 0.01982407085597515 -0.043788254261016846
v 0.017430894076824188 -0.033629272133111954 -0.03372401371598244
v 0.01756271906197071 -0.03351890295743942 -0.033743150532245636
v 0.01743638701736927 -0.033296965062618256 -0.03355332463979721
v 0.017715545371174812 -0.0334390364587307 -0.03375698998570442
v 0.0179560799151659 -0.033124323934316635 -0.03358320891857147
v 0.01796833425760269 -0.033384159207344055 -0.033766474574804306
v 0.01828579418361187 -0.033159587532281876 -0.03357703983783722
v 0.018225673586130142 -0.03341168165206909 -0.033761657774448395
v 0.018586821854114532 -0.03329673409461975 -0.033553190529346466
v 0.01846061833202839 -0.033518724143505096 -0.03374304622411728
v 0.018827639520168304 -0.03352140262722969 -0.03351416066288948
v 0.018648575991392136 -0.0336940735578537 -0.03371258080005646
v 0.018983040004968643 -0.033810075372457504 -0.03346403315663338
v 0.01876986399292946 -0.033919379115104675 -0.03367345780134201
v 0.019036753103137016 -0.03413252905011177 -0.03340805694460869
v 0.0188117865473032 -0.034171052277088165 -0.03362977132201195
v 0.018983155488967896 -0.03445500135421753 -0.033352095633745193
v 0.01876995526254177 -0.03442273661494255 -0.03358609229326248
v 0.018827859312295914 -0.03474373742938042 -0.033302005380392075
v 0.018648747354745865 -0.03464809060096741 -0.03354699909687042
v 0.01858712173998356 -0.034968502819538116 -0.033263031393289566
v 0.018460853025317192 -0.03482351824641228 -0.03351657837629318
v 0.018286144360899925 -0.03510576859116554 -0.033239252865314484
v 0.01822594739496708 -0.03493065387010574 -0.033498018980026245
v 0.01795644313097 -0.03514116629958153 -0.0332331582903862
v 0.017968617379665375 -0.03495827689766884 -0.03349326550960541
v 0.017632531002163887 -0.035070985555648804 -0.03324538841843605
v 0.017715808004140854 -0.03490350395441055 -0.03350280970335007
v 0.017436686903238297 -0.03496873378753662 -0.03326316550374031
v 0.017562953755259514 -0.0348236970603466 -0.03351668268442154
v 0.017133569344878197 -0.034653566777706146 -0.03331791236996651
v 0.01732637546956539 -0.03457771614193916 -0.033559415489435196
v 0.017010755836963654 -0.03435003384947777 -0.03337061405181885
v 0.017230521887540817 -0.034340810030698776 -0.033600546419620514
v 0.01699274405837059 -0.034023746848106384 -0.033427249640226364
v 0.017216460779309273 -0.03408614918589592 -0.033644746989011765
v 0.01708141155540943 -0.03370887413620949 -0.033481888473033905
v 0.01728566735982895 -0.03384039178490639 -0.033687394112348557
v 0.017267482355237007 -0.03343837335705757 -0.03352880850434303
v 0.01864917203783989 -0.03437383100390434 -0.03762902691960335
v 0.018812382593750954 -0.03485080599784851 -0.03754621744155884
v 0.018226269632577896 -0.034091439098119736 -0.037678107619285583
v 0.017716139554977417 -0.03411879017949104 -0.03767343610525131
v 0.017563315108418465 -0.03419865667819977 -0.037659596651792526
v 0.017431490123271942 -0.0343090258538723 -0.03764045983552933
v 0.017217056825757027 -0.034765902906656265 -0.03756119683384895
v 0.017326969653367996 -0.03525746986269951 -0.037475861608982086
v 0.017563549801707268 -0.03550345450639725 -0.03743313252925873
v 0.01771640218794346 -0.0355832576751709 -0.03741925582289696
v 0.018226541578769684 -0.03561040759086609 -0.037414465099573135
v 0.01864934340119362 -0.03532784432172775 -0.03746344521641731
v 0.018012452870607376 -0.034933168441057205 -0.038019921630620956
v -0.018569104373455048 -0.03363647311925888 -0.033728234469890594
v -0.018437277525663376 -0.03352610394358635 -0.03374737128615379
v -0.018563613295555115 -0.03330416604876518 -0.03355754539370537
v -0.018284454941749573 -0.033446237444877625 -0.03376120701432228
v -0.018043918535113335 -0.03313152492046356 -0.03358742967247963
v -0.018031664192676544 -0.03339136019349098 -0.03377069532871246
v -0.017714204266667366 -0.0331667885184288 -0.03358126059174538
v -0.017774324864149094 -0.03341888263821602 -0.03376587852835655
v -0.017413178458809853 -0.03330393508076668 -0.03355741128325462
v -0.017539378255605698 -0.03352592512965202 -0.03374726325273514
v -0.01717235893011093 -0.03352860361337662 -0.03351837769150734
v -0.0173514224588871 -0.033701274544000626 -0.033716801553964615
v -0.017016958445310593 -0.03381727635860443 -0.033468253910541534
v -0.017230132594704628 -0.0339265801012516 -0.03367767855525017
v -0.01696324534714222 -0.0341397300362587 -0.033412277698516846
v -0.017188211902976036 -0.034178249537944794 -0.033633988350629807
v -0.01701684296131134 -0.034462202340364456 -0.03335631638765335
v -0.017230043187737465 -0.03442993760108948 -0.03359031304717064
v -0.017172139137983322 -0.034750938415527344 -0.03330622613430023
v -0.01735125109553337 -0.034655291587114334 -0.03355121612548828
v -0.017412878572940826 -0.03497570380568504 -0.03326725214719772
v -0.017539143562316895 -0.034830719232559204 -0.03352079913020134
v -0.01771385408937931 -0.03511296957731247 -0.03324347361922264
v -0.017774052917957306 -0.03493785485625267 -0.0335022397339344
v -0.018043557181954384 -0.035148367285728455 -0.03323737904429436
v -0.01803138107061386 -0.034965477883815765 -0.03349748253822327
v -0.018367469310760498 -0.03507818654179573 -0.03324960917234421
v -0.018284190446138382 -0.03491070494055748 -0.033507030457258224
v -0.01856331340968609 -0.03497593477368355 -0.03326738625764847
v -0.018437042832374573 -0.03483089804649353 -0.0335209034383297
v -0.01886643096804619 -0.03466076776385307 -0.033322133123874664
v -0.018673624843358994 -0.03458491712808609 -0.033563632518053055
v -0.018989242613315582 -0.034357234835624695 -0.033374834805727005
v -0.018769478425383568 -0.0343480110168457 -0.03360476717352867
v -0.019007256254553795 -0.03403094783425331 -0.03343147039413452
v -0.018783535808324814 -0.03409335017204285 -0.03364896774291992
v -0.018918586894869804 -0.033716075122356415 -0.033486105501651764
v -0.018714331090450287 -0.033847592771053314 -0.033691611140966415
v -0.01873251423239708 -0.0334455743432045 -0.03353302553296089
v -0.017350828275084496 -0.03438103199005127 -0.037633247673511505
v -0.01718761771917343 -0.03485800698399544 -0.037550438195466995
v -0.01777373068034649 -0.034098636358976364 -0.03768232464790344
v -0.01828385889530182 -0.03412599116563797 -0.03767765685915947
v -0.01843668334186077 -0.034205857664346695 -0.037663817405700684
v -0.018568510189652443 -0.034316226840019226 -0.037644680589437485
v -0.01878294162452221 -0.03477310389280319 -0.03756541758775711
v -0.01867302879691124 -0.035264670848846436 -0.037480082362890244
v -0.018436448648571968 -0.035510651767253876 -0.03743734955787659
v -0.018283596262335777 -0.035590458661317825 -0.037423476576805115
v -0.017773456871509552 -0.035617608577013016 -0.03741868585348129
v -0.017350656911730766 -0.03533504530787468 -0.03746766597032547
v -0.01798754371702671 -0.03494036942720413 -0.038024138659238815
v -0.009323212318122387 -0.010776365175843239 -0.037694524973630905
v -0.009191385470330715 -0.010665996931493282 -0.037713661789894104
v -0.009038560092449188 -0.010586129501461983 -0.03772750124335289
v -0.008785771206021309 -0.01053125411272049 -0.037736985832452774
v -0.008528432808816433 -0.010558776557445526 -0.03773217275738716
v -0.008293486200273037 -0.010665817186236382 -0.03771355748176575
v -0.008105529472231865 -0.010841168463230133 -0.037683092057704926
v -0.007984241470694542 -0.011066473089158535 -0.03764396905899048
v -0.0079423189163208 -0.011318143457174301 -0.037600282579660416
v -0.007984151132404804 -0.01156983058899641 -0.03755660727620125
v -0.008105358108878136 -0.011795184575021267 -0.03751751035451889
v -0.008293251506984234 -0.011970611289143562 -0.03748708963394165
v -0.00852815993130207 -0.012077746912837029 -0.03746853396296501
v -0.008785488083958626 -0.012105371803045273 -0.037463776767253876
v -0.009038297459483147 -0.012050597928464413 -0.037473320960998535
v -0.009191150777041912 -0.011970791034400463 -0.037487197667360306
v -0.009427731856703758 -0.011724808253347874 -0.037529926747083664
v -0.009523584507405758 -0.011487902142107487 -0.03757105767726898
v -0.009537644684314728 -0.011233242228627205 -0.03761526197195053
v -0.009468438103795052 -0.010987485758960247 -0.037657905369997025
v -0.008104934357106686 -0.011520924046635628 -0.041599541902542114
v -0.007941723801195621 -0.011997899040579796 -0.041516728699207306
v -0.008527837693691254 -0.011238531209528446 -0.04164861887693405
v -0.009037965908646584 -0.011265884153544903 -0.04164394736289978
v -0.009190790355205536 -0.011345752514898777 -0.041630107909440994
v -0.009322617202997208 -0.011456120759248734 -0.041610974818468094
v -0.009537049569189548 -0.0119129978120327 -0.04153170809149742
v -0.009427136741578579 -0.012404563836753368 -0.041446372866630554
v -0.009190555661916733 -0.012650546617805958 -0.041403643786907196
v -0.009037702344357967 -0.012730352580547333 -0.041389770805835724
v -0.008527564816176891 -0.012757501564919949 -0.0413849800825119
v -0.008104762993752956 -0.012474940158426762 -0.04143395647406578
v -0.00874165166169405 -0.012080260552465916 -0.041990432888269424
v 0.008176787756383419 -0.010772865265607834 -0.03769247606396675
v 0.008308613672852516 -0.010662497021257877 -0.03771161288022995
v 0.008461439050734043 -0.010582629591226578 -0.03772544860839844
v 0.008714228868484497 -0.01052775327116251 -0.03773493692278862
v 0.008971567265689373 -0.010555275715887547 -0.03773012012243271
v 0.009206512942910194 -0.010662317276000977 -0.037711504846811295
v 0.009394469670951366 -0.010837668552994728 -0.03768104314804077
v 0.009515758603811264 -0.01106297317892313 -0.037641920149326324
v 0.00955768022686243 -0.011314643546938896 -0.03759823366999626
v 0.009515848942101002 -0.01156632974743843 -0.037554554641246796
v 0.009394641034305096 -0.011791684664785862 -0.03751545771956444
v 0.009206747636198997 -0.011967111378908157 -0.037485040724277496
v 0.008971840143203735 -0.012074246071279049 -0.03746648132801056
v 0.008714511059224606 -0.012101871892809868 -0.03746172413229942
v 0.00846170261502266 -0.012047097086906433 -0.03747127205133438
v 0.00830884836614132 -0.011967291124165058 -0.03748514503240585
v 0.008072268217802048 -0.011721308343112469 -0.03752787411212921
v 0.007976414635777473 -0.011484402231872082 -0.03756900876760483
v 0.007962355390191078 -0.0112297423183918 -0.03761320933699608
v 0.008031561970710754 -0.010983984917402267 -0.03765585273504257
v 0.009395064786076546 -0.011517424136400223 -0.04159748926758766
v 0.00955827534198761 -0.011994398199021816 -0.04151467978954315
v 0.008972162380814552 -0.011235031299293041 -0.0416465662419796
v 0.008462034165859222 -0.011262384243309498 -0.041641898453235626
v 0.008309208787977695 -0.011342251673340797 -0.04162805899977684
v 0.008177382871508598 -0.011452619917690754 -0.04160892218351364
v 0.007962950505316257 -0.011909497901797295 -0.04152965545654297
v 0.008072863332927227 -0.012401063926517963 -0.0414443239569664
v 0.008309443481266499 -0.012647046707570553 -0.041401591151952744
v 0.008462297730147839 -0.012726852670311928 -0.04138771817088127
v 0.008972435258328915 -0.012754001654684544 -0.04138292744755745
v 0.009395236149430275 -0.012471440248191357 -0.04143190756440163
v 0.008758348412811756 -0.012076759710907936 -0.04198838025331497
v -0.00932480487972498 -0.0019089365378022194 -0.03923359513282776
v -0.009192978963255882 -0.0017985701560974121 -0.03925273194909096
v -0.009319311939179897 -0.0015766308642923832 -0.03906290605664253
v -0.009040153585374355 -0.0017187006305903196 -0.039266571402549744
v -0.008799619041383266 -0.0014039917150512338 -0.039092790335416794
v -0.008787364698946476 -0.0016638251254335046 -0.03927605599164963
v -0.008469903841614723 -0.0014392535667866468 -0.03908662125468254
v -0.008530025370419025 -0.0016913494328036904 -0.039271239191293716
v -0.008168878965079784 -0.0015764008276164532 -0.03906277194619179
v -0.008295079693198204 -0.0017983905272558331 -0.0392526239156723
v -0.007928060367703438 -0.0018010701751336455 -0.0390237420797348
v -0.008107122965157032 -0.0019737400580197573 -0.03922216221690178
v -0.007772658485919237 -0.002089743036776781 -0.0389736145734787
v -0.007985834032297134 -0.002199046313762665 -0.03918303921818733
v -0.007718945387750864 -0.0024121967144310474 -0.03891763836145401
v -0.007943912409245968 -0.0024507183115929365 -0.03913935273885727
v -0.007772543001919985 -0.0027346680872142315 -0.038861677050590515
v -0.007985743694007397 -0.002702403347939253 -0.0390956737101078
v -0.007927840575575829 -0.003023402998223901 -0.038811586797237396
v -0.008106951601803303 -0.002927758265286684 -0.039056580513715744
v -0.008168579079210758 -0.003248168621212244 -0.03877261281013489
v -0.008294844999909401 -0.0031031828839331865 -0.039026159793138504
v -0.008469553664326668 -0.0033854362554848194 -0.038748834282159805
v -0.008529752492904663 -0.0032103180419653654 -0.03900760039687157
v -0.008799255825579166 -0.0034208300057798624 -0.03874273970723152
v -0.008787081576883793 -0.0032379452604800463 -0.03900284692645073
v -0.009123168885707855 -0.0033506504260003567 -0.03875496983528137
v -0.009039890952408314 -0.003183170920237899 -0.03901239112019539
v -0.009319012053310871 -0.0032483988907188177 -0.03877274692058563
v -0.00919274426996708 -0.0031033623963594437 -0.03902626410126686
v -0.009622130542993546 -0.002933233045041561 -0.03882749378681183
v -0.00942932441830635 -0.002857381943613291 -0.03906899318099022
v -0.00974494218826294 -0.0026296996511518955 -0.03888019546866417
v -0.009525178000330925 -0.00262047559954226 -0.039110127836465836
v -0.009762956760823727 -0.0023034142795950174 -0.038936831057071686
v -0.00953923724591732 -0.0023658140562474728 -0.039154328405857086
v -0.009674286469817162 -0.00198854086920619 -0.03899146616458893
v -0.009470031596720219 -0.0021200585179030895 -0.03919697552919388
v -0.009488215669989586 -0.0017180417198687792 -0.039038389921188354
v -0.008106527850031853 -0.0026534954085946083 -0.04313860833644867
v -0.007943317294120789 -0.0031304736621677876 -0.04305579885840416
v -0.008529430255293846 -0.0023711046669632196 -0.04318768531084061
v -0.009039558470249176 -0.0023984559811651707 -0.043183017522096634
v -0.009192383848130703 -0.002478325506672263 -0.04316917806863785
v -0.0093242097645998 -0.0025886918883770704 -0.04315004125237465
v -0.009538642130792141 -0.003045569406822324 -0.043070778250694275
v -0.009428729303181171 -0.003537137061357498 -0.04298544302582741
v -0.0091921491548419 -0.0037831177469342947 -0.04294271394610405
v -0.009039295837283134 -0.003862926037982106 -0.04292883723974228
v -0.008529157377779484 -0.003890073159709573 -0.042924050241708755
v -0.008106356486678123 -0.0036075133830308914 -0.042973026633262634
v -0.008743245154619217 -0.0032128351740539074 -0.04352949932217598
v 0.008175194263458252 -0.0019054363947361708 -0.039231542497873306
v 0.008307021111249924 -0.0017950698966160417 -0.039250679314136505
v 0.008180687204003334 -0.0015731307212263346 -0.03906085714697838
v 0.008459845557808876 -0.001715200487524271 -0.03926451876759529
v 0.008700380101799965 -0.0014004915719851851 -0.03909074142575264
v 0.00871263537555933 -0.001660324982367456 -0.039274003356695175
v 0.009030096232891083 -0.0014357533073052764 -0.03908456861972809
v 0.008969973772764206 -0.0016878492897376418 -0.03926919028162956
v 0.009331120178103447 -0.0015729006845504045 -0.039060719311237335
v 0.009204920381307602 -0.0017948903841897845 -0.03925057500600815
v 0.009571939706802368 -0.001797570032067597 -0.03902168944478035
v 0.009392877109348774 -0.0019702399149537086 -0.039220113307237625
v 0.009727340191602707 -0.0020862428937107325 -0.038971561938524246
v 0.009514165110886097 -0.002195546170696616 -0.03918098658323288
v 0.00978105328977108 -0.002408696338534355 -0.038915589451789856
v 0.009556087665259838 -0.002447218168526888 -0.03913730010390282
v 0.009727456606924534 -0.002731167944148183 -0.03885962814092636
v 0.009514255449175835 -0.0026989032048732042 -0.03909362480044365
v 0.009572158567607403 -0.003019902855157852 -0.03880953788757324
v 0.009393048472702503 -0.0029242581222206354 -0.03905452787876129
v 0.009331420995295048 -0.0032446684781461954 -0.038770560175180435
v 0.009205155074596405 -0.003099682740867138 -0.03902411088347435
v 0.009030445478856564 -0.003381936112418771 -0.03874678164720535
v 0.008970246650278568 -0.003206817666068673 -0.03900555148720741
v 0.00870074238628149 -0.0034173298627138138 -0.03874069079756737
v 0.008712918497622013 -0.0032344451174139977 -0.03900079429149628
v 0.00837683118879795 -0.003347150282934308 -0.03875292092561722
v 0.008460109122097492 -0.0031796705443412066 -0.039010338485240936
v 0.008180988021194935 -0.0032448985148221254 -0.03877069801092148
v 0.008307255804538727 -0.003099862253293395 -0.03902421519160271
v 0.007877868600189686 -0.0029297329019755125 -0.038825444877147675
v 0.00807067472487688 -0.0028538815677165985 -0.039066944271326065
v 0.007755056954920292 -0.002626199508085847 -0.038878146559000015
v 0.007974821142852306 -0.0026169754564762115 -0.03910807520151138
v 0.007737043313682079 -0.002299914136528969 -0.03893477842211723
v 0.007960761897265911 -0.002362313913181424 -0.03915227949619293
v 0.007825713604688644 -0.0019850407261401415 -0.038989417254924774
v 0.008029968477785587 -0.002116558374837041 -0.039194922894239426
v 0.00801178440451622 -0.0017145415768027306 -0.0390363372862339
v 0.009393472224473953 -0.0026499952655285597 -0.043136559426784515
v 0.009556682780385017 -0.003126973519101739 -0.04305374622344971
v 0.008970568887889385 -0.002367604523897171 -0.04318563640117645
v 0.008460440672934055 -0.002394955838099122 -0.04318096488714218
v 0.008307616226375103 -0.002474825130775571 -0.043167125433683395
v 0.008175789378583431 -0.002585191745311022 -0.043147992342710495
v 0.00796135701239109 -0.003042069263756275 -0.04306872561573982
v 0.00807126984000206 -0.0035336369182914495 -0.042983390390872955
v 0.008307849988341331 -0.003779617603868246 -0.0429406613111496
v 0.008460704237222672 -0.0038594258949160576 -0.042926788330078125
v 0.008970841765403748 -0.003886573016643524 -0.0429219976067543
v 0.009393643587827682 -0.003604013239964843 -0.04297097399830818
v 0.008756754919886589 -0.0032093350309878588 -0.043527450412511826
v 0.017422573640942574 0.012678406201303005 -0.0417613722383976
v 0.017554400488734245 0.012788772583007812 -0.0417805090546608
v 0.017428066581487656 0.013010711409151554 -0.04159068316221237
v 0.017707224935293198 0.012868638150393963 -0.04179434850811958
v 0.017947759479284286 0.013183350674808025 -0.04162057116627693
v 0.017960015684366226 0.012923517264425755 -0.04180383309721947
v 0.018277475610375404 0.013148085214197636 -0.04161439836025238
v 0.018217353150248528 0.012895992957055569 -0.041799016296863556
v 0.018578501418232918 0.013010941445827484 -0.04159054905176163
v 0.018452299758791924 0.012788952328264713 -0.04178040474653244
v 0.01881932094693184 0.01278627198189497 -0.04155151918530464
v 0.01864025741815567 0.012613599188625813 -0.04174993932247162
v 0.01897471956908703 0.012497599236667156 -0.04150139167904854
v 0.018761543557047844 0.01238829642534256 -0.04171081632375717
v 0.01902843452990055 0.01217514555901289 -0.04144541546702385
v 0.018803467974066734 0.012136624194681644 -0.04166712984442711
v 0.01897483691573143 0.011852674186229706 -0.041389454156160355
v 0.018761634826660156 0.011884938925504684 -0.04162345081567764
v 0.018819540739059448 0.011563939973711967 -0.041339363902807236
v 0.0186404287815094 0.011659584008157253 -0.041584357619285583
v 0.018578801304101944 0.011339173652231693 -0.04130038991570473
v 0.018452534452080727 0.011484156362712383 -0.041553936898708344
v 0.01827782392501831 0.011201906017959118 -0.041276611387729645
v 0.018217626959085464 0.011377020739018917 -0.041535377502441406
v 0.017948122695088387 0.011166509240865707 -0.04127051681280136
v 0.01796029880642891 0.011349397711455822 -0.04153062403202057
v 0.017624210566282272 0.01123669184744358 -0.04128274694085121
v 0.01770748756825924 0.011404171586036682 -0.04154016822576523
v 0.017428366467356682 0.011338943615555763 -0.04130052402615547
v 0.01755463518202305 0.011483976617455482 -0.0415540412068367
v 0.017125248908996582 0.011654105968773365 -0.04135527089238167
v 0.017318055033683777 0.011729960329830647 -0.04159677401185036
v 0.017002437263727188 0.011957642622292042 -0.04140797257423401
v 0.017222201451659203 0.011966866441071033 -0.041637904942035675
v 0.016984423622488976 0.01228392869234085 -0.041464608162641525
v 0.017208140343427658 0.012221528217196465 -0.041682109236717224
v 0.017073092982172966 0.012598801404237747 -0.041519246995449066
v 0.017277348786592484 0.012467283755540848 -0.04172475263476372
v 0.01725916378200054 0.012869301252067089 -0.041566167026758194
v 0.018640851601958275 0.011933843605220318 -0.04566638544201851
v 0.01880406215786934 0.01145686861127615 -0.045583575963974
v 0.01821794919669628 0.012216237373650074 -0.045715466141700745
v 0.017707819119095802 0.012188882566988468 -0.04571079462766647
v 0.01755499467253685 0.012109016999602318 -0.04569695517420769
v 0.017423169687390327 0.01199865061789751 -0.04567782208323479
v 0.017208736389875412 0.011541773565113544 -0.045598555356264114
v 0.01731864921748638 0.011050205677747726 -0.04551322013139725
v 0.017555229365825653 0.010804221034049988 -0.04547049105167389
v 0.017708083614706993 0.010724416002631187 -0.04545661434531212
v 0.01821822114288807 0.010697266086935997 -0.045451827347278595
v 0.018641022965312004 0.010979829356074333 -0.045500803738832474
v 0.01800413429737091 0.01137450709939003 -0.04605728015303612
v -0.018577424809336662 0.012671205215156078 -0.041765592992305756
v -0.01844559796154499 0.01278157252818346 -0.041784729808568954
v -0.01857193373143673 0.013003511354327202 -0.04159490391612053
v -0.018292773514986038 0.01286143809556961 -0.04179856553673744
v -0.01805223897099495 0.013176150619983673 -0.04162478819489479
v -0.01803998462855816 0.012916317209601402 -0.041808053851127625
v -0.01772252470254898 0.013140885159373283 -0.04161861911416054
v -0.01778264530003071 0.012888792902231216 -0.04180323705077171
v -0.017421498894691467 0.013003741391003132 -0.041594769805669785
v -0.017547698691487312 0.012781751342117786 -0.0417846217751503
v -0.017180679365992546 0.012779071927070618 -0.0415557399392128
v -0.017359742894768715 0.012606398202478886 -0.041754160076379776
v -0.017025278881192207 0.012490399181842804 -0.041505612432956696
v -0.017238453030586243 0.012381095439195633 -0.04171503707766533
v -0.016971565783023834 0.012167945504188538 -0.04144963622093201
v -0.01719653233885765 0.012129424139857292 -0.041671350598335266
v -0.017025163397192955 0.011845474131405354 -0.04139367491006851
v -0.01723836362361908 0.011877738870680332 -0.0416276715695858
v -0.017180459573864937 0.01155673898756504 -0.04134358465671539
v -0.017359571531414986 0.011652383953332901 -0.04158857837319374
v -0.017421197146177292 0.011331973597407341 -0.041304610669612885
v -0.01754746399819851 0.011476955376565456 -0.0415581576526165
v -0.017722174525260925 0.011194705963134766 -0.0412808321416378
v -0.01778237335383892 0.011369820684194565 -0.041539598256349564
v -0.018051877617836 0.01115930825471878 -0.04127473756670952
v -0.018039701506495476 0.011342196725308895 -0.04153484106063843
v -0.018375787883996964 0.011229491792619228 -0.04128696769475937
v -0.018292510882019997 0.01139697153121233 -0.041544388979673386
v -0.018571631982922554 0.011331743560731411 -0.04130474478006363
v -0.018445363268256187 0.011476775631308556 -0.04155826196074486
v -0.018874751403927803 0.011646904982626438 -0.041359491646289825
v -0.018681945279240608 0.011722760275006294 -0.041600991040468216
v -0.018997563049197197 0.01195044256746769 -0.041412193328142166
v -0.018777796998620033 0.011959666386246681 -0.04164212569594383
v -0.01901557482779026 0.012276727706193924 -0.04146882891654968
v -0.01879185624420643 0.012214328162372112 -0.04168632626533508
v -0.01892690733075142 0.012591601349413395 -0.041523464024066925
v -0.0187226515263319 0.012460083700716496 -0.041728973388671875
v -0.018740834668278694 0.012862100265920162 -0.04157038778066635
v -0.01735914684832096 0.011926643550395966 -0.045670606195926666
v -0.017195936292409897 0.011449668556451797 -0.045587796717882156
v -0.017782051116228104 0.012209037318825722 -0.045719683170318604
v -0.018292179331183434 0.012181682512164116 -0.04571501538157463
v -0.018445001915097237 0.012101816944777966 -0.045701175928115845
v -0.018576830625534058 0.011991450563073158 -0.045682039111852646
v -0.018791262060403824 0.011534572578966618 -0.04560277611017227
v -0.018681349232792854 0.0110430046916008 -0.045517440885305405
v -0.018444767221808434 0.010797020979225636 -0.04547470808029175
v -0.018291916698217392 0.010717215947806835 -0.045460835099220276
v -0.017781777307391167 0.01069006510078907 -0.045456044375896454
v -0.017358975484967232 0.010972628369927406 -0.04550502449274063
v -0.017995864152908325 0.011367307044565678 -0.046061497181653976
v -0.018523642793297768 -0.0322413295507431 -0.03374201059341431
v -0.017248298972845078 -0.03230920061469078 -0.03373003378510475
v -0.01766503043472767 -0.03219528868794441 -0.03374987095594406
v -0.01809687726199627 -0.0321723073720932 -0.03375392407178879
v -0.0159999318420887 -0.03435258939862251 -0.03337518498301506
v -0.01980324648320675 -0.034967705607414246 -0.033269003033638
v -0.019580217078328133 -0.03533277288079262 -0.033205606043338776
v -0.01627471297979355 -0.033123672008514404 -0.03358852490782738
v -0.016536498442292213 -0.03278450295329094 -0.033647432923316956
v -0.016866164281964302 -0.032508715987205505 -0.03369534760713577
v -0.015988245606422424 -0.03413953259587288 -0.03341216221451759
v -0.016000008210539818 -0.03392648324370384 -0.033449143171310425
v -0.016093052923679352 -0.03351035714149475 -0.0335213802754879
v -0.019988244399428368 -0.03414033353328705 -0.0334126316010952
v -0.019941410049796104 -0.034563932567834854 -0.03333910554647446
v -0.0162743479013443 -0.035155508667230606 -0.03323587030172348
v -0.016092827543616295 -0.03476875275373459 -0.033302970230579376
v -0.0172476414591074 -0.03597037121653557 -0.03309458866715431
v -0.016865577548742294 -0.03577070310711861 -0.03312918543815613
v -0.016536010429263115 -0.03549478203058243 -0.033177025616168976
v -0.018925374373793602 -0.03239912539720535 -0.03371468186378479
v -0.019283287227153778 -0.032638322561979294 -0.03367321938276291
v -0.019580645486712456 -0.032947733998298645 -0.03361956402659416
v -0.019803544506430626 -0.03331289067864418 -0.033556219190359116
v -0.01994156278669834 -0.03371671587228775 -0.033486150205135345
v -0.0192827470600605 -0.03564206510782242 -0.03315187990665436
v -0.01892474852502346 -0.03588111698627472 -0.03311033174395561
v -0.01852296106517315 -0.036038752645254135 -0.03308291360735893
v -0.01809616945683956 -0.03610760346055031 -0.033070895820856094
v -0.017664331942796707 -0.03608445078134537 -0.03307485207915306
v 0.017476355656981468 -0.032234128564596176 -0.03373778983950615
v 0.018751701340079308 -0.032301999628543854 -0.03372581675648689
v 0.018334969878196716 -0.032188087701797485 -0.033745650202035904
v 0.017903123050928116 -0.032165106385946274 -0.03374970331788063
v 0.016196751967072487 -0.03496050462126732 -0.03326478227972984
v 0.016419781371951103 -0.03532557189464569 -0.03320138528943062
v 0.019999992102384567 -0.033919282257556915 -0.03344492241740227
v 0.019906947389245033 -0.03350315988063812 -0.03351716324687004
v 0.020000068470835686 -0.034345388412475586 -0.0333709679543972
v 0.02001175284385681 -0.03413233533501625 -0.033407945185899734
v 0.019725285470485687 -0.03311647102236748 -0.03358430415391922
v 0.01946350187063217 -0.03277730569243431 -0.0336432121694088
v 0.019133834168314934 -0.03250151500105858 -0.033691130578517914
v 0.018752358853816986 -0.03596317023038864 -0.033090367913246155
v 0.01913442090153694 -0.03576350212097168 -0.03312496468424797
v 0.016717251390218735 -0.03563486412167549 -0.0331476591527462
v 0.017075249925255775 -0.03587391600012779 -0.03310611471533775
v 0.017477037385106087 -0.03603155538439751 -0.033078692853450775
v 0.017903828993439674 -0.03610040619969368 -0.033066678792238235
v 0.018335668370127678 -0.03607724979519844 -0.033070631325244904
v 0.016011754050850868 -0.03413313254714012 -0.03340841457247734
v 0.01605858840048313 -0.03455673158168793 -0.0333348847925663
v 0.017074624076485634 -0.032391924411058426 -0.03371046110987663
v 0.016716711223125458 -0.03263112157583237 -0.03366900235414505
v 0.01641935296356678 -0.03294053301215172 -0.033615343272686005
v 0.01619645580649376 -0.03330568969249725 -0.03355199843645096
v 0.016058435663580894 -0.03370951488614082 -0.03348192945122719
v 0.01946398802101612 -0.0354875810444355 -0.03317280486226082
v 0.019725650548934937 -0.03514831140637398 -0.03323164954781532
v 0.01990717276930809 -0.03476155176758766 -0.03329874947667122
v -0.0092793432995677 -0.0005137952975928783 -0.03924737125635147
v -0.0084207309409976 -0.0004677544056903571 -0.039255231618881226
v -0.008852576836943626 -0.00044477221672423184 -0.03925928473472595
v -0.006755707785487175 -0.0021989510860294104 -0.03895450383424759
v -0.006848752498626709 -0.0017828252166509628 -0.03902674466371536
v -0.01055894698947668 -0.0032401718199253082 -0.038774363696575165
v -0.010335917584598064 -0.003605238161981106 -0.03871096670627594
v -0.010697263292968273 -0.0019891823176294565 -0.03899151086807251
v -0.010743945837020874 -0.00241280160844326 -0.038917992264032364
v -0.010697110556066036 -0.002836398547515273 -0.03884446620941162
v -0.00703041348606348 -0.0013961392687633634 -0.03909388557076454
v -0.007292198017239571 -0.0010569717269390821 -0.03915279358625412
v -0.0076218643225729465 -0.0007811802788637578 -0.039200711995363235
v -0.00800399761646986 -0.0005816668272018433 -0.039235398173332214
v -0.0067556314170360565 -0.0026250570081174374 -0.03888054937124252
v -0.006743945647031069 -0.0024120016023516655 -0.038917526602745056
v -0.007291710935533047 -0.0037672470789402723 -0.03868238627910614
v -0.007030048407614231 -0.0034279748797416687 -0.038741230964660645
v -0.006848526187241077 -0.0030412161722779274 -0.03880833089351654
v -0.010038447566330433 -0.003914528526365757 -0.03865724056959152
v -0.009680449031293392 -0.004153580870479345 -0.038615696132183075
v -0.009278661571443081 -0.004311222117394209 -0.0385882742702961
v -0.009681074880063534 -0.0006715934141539037 -0.039220042526721954
v -0.01003898773342371 -0.0009107889491133392 -0.03917858377099037
v -0.010336345992982388 -0.0012201983481645584 -0.039124924689531326
v -0.010559245012700558 -0.0015853538643568754 -0.03906157985329628
v -0.008851869031786919 -0.0043800706043839455 -0.03857626020908356
v -0.008420032449066639 -0.004356915596872568 -0.038580212742090225
v -0.008003340102732182 -0.004242836497724056 -0.038599949330091476
v -0.007621278520673513 -0.004043170250952244 -0.03863454610109329
v 0.008220655843615532 -0.0005102951545268297 -0.03924531862139702
v 0.006941051688045263 -0.0032366716768592596 -0.03877231106162071
v 0.007164082024246454 -0.003601738018915057 -0.038708917796611786
v 0.00907926820218563 -0.00046425420441664755 -0.03925317898392677
v 0.00864742323756218 -0.0004412720154505223 -0.0392572358250618
v 0.01020780112594366 -0.0010534715838730335 -0.03915074095129967
v 0.009878135286271572 -0.0007776800775900483 -0.03919865936040878
v 0.009496001526713371 -0.0005781666259281337 -0.03923334553837776
v 0.010744291357696056 -0.0021954509429633617 -0.038952454924583435
v 0.010651247575879097 -0.0017793250735849142 -0.03902469202876091
v 0.010469585657119751 -0.001392639009281993 -0.03909183293581009
v 0.009079967625439167 -0.004353415686637163 -0.03857816010713577
v 0.009496659971773624 -0.004239336587488651 -0.038597896695137024
v 0.0074615515768527985 -0.003911028616130352 -0.03865518793463707
v 0.007819549180567265 -0.00415008096024394 -0.03861364349722862
v 0.008221338503062725 -0.004307721741497517 -0.038586221635341644
v 0.008648130111396313 -0.0043765706941485405 -0.038574207574129105
v 0.00680273724719882 -0.001985682174563408 -0.038989461958408356
v 0.006756054237484932 -0.0024093014653772116 -0.03891594335436821
v 0.00680288951843977 -0.0028328984044492245 -0.03884241357445717
v 0.007818924263119698 -0.0006680932710878551 -0.0392179936170578
v 0.007461011875420809 -0.0009072887478396297 -0.03917653113603592
v 0.007163653615862131 -0.0012166982050985098 -0.03912287577986717
v 0.006940754596143961 -0.0015818537212908268 -0.039059530943632126
v 0.01074436865746975 -0.002621556632220745 -0.03887849673628807
v 0.01075605396181345 -0.002408501459285617 -0.038915473967790604
v 0.009878721088171005 -0.004039670340716839 -0.03863249346613884
v 0.010208288207650185 -0.0037637469358742237 -0.03868033364415169
v 0.010469950735569 -0.00342447473667562 -0.03873918205499649
v 0.010651473887264729 -0.0030377160292118788 -0.038806281983852386
f 1 2 3
f 2 4 3
f 3 4 5
f 4 6 5
f 5 6 7
f 6 8 7
f 7 8 9
f 8 10 9
f 9 10 11
f 10 12 11
f 11 12 13
f 12 14 13
f 13 14 15
f 14 16 15
f 15 16 17
f 16 18 17
f 17 18 19
f 18 20 19
f 19 20 21
f 20 22 21
f 23 24 25
f 24 26 25
f 25 26 27
f 28 25 27
f 22 29 30
f 29 31 30
f 30 31 32
f 31 28 32
f 32 28 33
f 28 27 33
f 34 35 36
f 35 37 36
f 36 37 38
f 34 36 39
f 36 40 39
f 41 2 42
f 2 43 42
f 42 43 40
f 43 44 40
f 40 44 39
f 2 41 4
f 41 45 4
f 4 45 6
f 45 46 6
f 6 46 8
f 46 47 8
f 8 47 10
f 47 48 10
f 10 48 12
f 48 49 12
f 12 49 14
f 49 50 14
f 14 50 16
f 50 51 16
f 16 51 18
f 51 52 18
f 18 52 20
f 52 53 20
f 20 53 22
f 53 29 22
f 54 55 56
f 55 57 56
f 56 57 58
f 59 56 58
f 1 60 61
f 60 62 61
f 61 62 63
f 62 59 63
f 63 59 64
f 59 58 64
f 65 66 67
f 66 68 67
f 67 68 69
f 65 67 70
f 67 71 70
f 72 21 73
f 21 74 73
f 73 74 71
f 74 75 71
f 71 75 70
f 21 72 19
f 72 76 19
f 19 76 17
f 76 77 17
f 17 77 15
f 77 78 15
f 15 78 13
f 78 79 13
f 13 79 11
f 79 80 11
f 11 80 9
f 80 81 9
f 9 81 7
f 81 82 7
f 7 82 5
f 82 83 5
f 5 83 3
f 83 84 3
f 3 84 1
f 84 60 1
f 21 22 74
f 22 30 74
f 74 30 75
f 30 32 75
f 75 32 70
f 32 33 70
f 64 39 63
f 39 44 63
f 63 44 61
f 44 43 61
f 61 43 1
f 43 2 1
f 55 54 85
f 23 86 24
f 86 26 24
f 26 86 27
f 86 87 27
f 27 87 33
f 69 68 88
f 68 66 88
f 88 66 89
f 66 65 89
f 89 65 70
f 39 64 90
f 64 58 90
f 90 58 85
f 58 57 85
f 85 57 55
f 38 37 91
f 37 35 91
f 91 35 92
f 35 34 92
f 92 34 39
f 39 90 92
f 90 93 92
f 92 93 94
f 93 95 94
f 94 95 96
f 95 97 96
f 96 97 98
f 97 99 98
f 98 99 100
f 99 101 100
f 100 101 102
f 101 103 102
f 102 103 104
f 103 105 104
f 104 105 106
f 105 107 106
f 106 107 108
f 107 109 108
f 108 109 110
f 109 89 110
f 110 89 87
f 89 70 87
f 87 70 33
f 85 54 56
f 67 69 88
f 62 60 90
f 67 88 71
f 88 89 71
f 71 89 73
f 90 60 93
f 60 84 93
f 93 84 95
f 84 83 95
f 95 83 97
f 83 82 97
f 97 82 99
f 82 81 99
f 99 81 101
f 81 80 101
f 101 80 103
f 80 79 103
f 103 79 105
f 79 78 105
f 105 78 107
f 78 77 107
f 107 77 109
f 77 76 109
f 109 76 89
f 76 72 89
f 89 72 73
f 85 56 90
f 56 59 90
f 90 59 62
f 86 23 25
f 41 92 45
f 92 94 45
f 45 94 46
f 94 96 46
f 46 96 47
f 96 98 47
f 47 98 48
f 98 100 48
f 48 100 49
f 100 102 49
f 49 102 50
f 102 104 50
f 50 104 51
f 104 106 51
f 51 106 52
f 106 108 52
f 52 108 53
f 108 110 53
f 53 110 29
f 110 87 29
f 29 87 31
f 86 25 87
f 25 28 87
f 87 28 31
f 41 42 92
f 42 40 92
f 92 40 91
f 40 36 91
f 91 36 38
f 111 112 113
f 114 115 116
f 115 117 116
f 116 117 118
f 117 119 118
f 118 119 120
f 119 121 120
f 120 121 122
f 121 123 122
f 122 123 124
f 123 125 124
f 124 125 126
f 125 127 126
f 126 127 128
f 127 129 128
f 128 129 130
f 129 131 130
f 130 131 132
f 131 133 132
f 132 133 134
f 133 135 134
f 134 135 136
f 114 137 115
f 137 138 115
f 115 138 139
f 138 140 139
f 139 140 141
f 111 113 135
f 113 142 135
f 135 142 136
f 143 144 145
f 146 112 111
f 147 148 149
f 141 150 139
f 150 151 139
f 139 151 115
f 151 152 115
f 115 152 153
f 154 155 135
f 155 156 135
f 135 156 111
f 156 157 111
f 111 157 146
f 158 159 160
f 159 161 160
f 160 161 162
f 161 163 162
f 162 163 154
f 147 149 145
f 149 164 145
f 145 164 143
f 154 135 162
f 135 133 162
f 162 133 165
f 133 131 165
f 165 131 166
f 131 129 166
f 166 129 167
f 129 127 167
f 167 127 168
f 127 125 168
f 168 125 169
f 125 123 169
f 169 123 170
f 123 121 170
f 170 121 171
f 121 119 171
f 171 119 172
f 119 117 172
f 172 117 173
f 117 115 173
f 173 115 147
f 115 153 147
f 147 153 148
f 145 144 174
f 175 162 176
f 162 165 176
f 176 165 177
f 165 166 177
f 177 166 178
f 166 167 178
f 178 167 179
f 167 168 179
f 179 168 180
f 168 169 180
f 180 169 181
f 169 170 181
f 181 170 182
f 170 171 182
f 182 171 183
f 171 172 183
f 183 172 184
f 172 173 184
f 184 173 185
f 173 147 185
f 185 147 186
f 175 187 162
f 187 188 162
f 162 188 160
f 188 189 160
f 160 189 158
f 145 174 147
f 174 190 147
f 147 190 186
f 191 192 193
f 192 194 193
f 193 194 195
f 194 196 195
f 195 196 197
f 196 198 197
f 197 198 199
f 198 200 199
f 199 200 201
f 200 202 201
f 201 202 203
f 202 204 203
f 203 204 205
f 204 206 205
f 205 206 207
f 206 208 207
f 207 208 209
f 208 210 209
f 209 210 211
f 210 212 211
f 211 114 209
f 114 116 209
f 209 116 207
f 116 118 207
f 207 118 205
f 118 120 205
f 205 120 203
f 120 122 203
f 203 122 201
f 122 124 201
f 201 124 199
f 124 126 199
f 199 126 197
f 126 128 197
f 197 128 195
f 128 130 195
f 195 130 193
f 130 132 193
f 193 132 191
f 132 134 191
f 142 113 156
f 191 134 213
f 134 136 213
f 213 136 214
f 136 142 214
f 214 142 155
f 142 156 155
f 152 140 153
f 140 138 153
f 114 211 137
f 211 215 137
f 137 215 138
f 215 216 138
f 138 216 153
f 112 146 113
f 146 157 113
f 113 157 156
f 152 151 140
f 151 150 140
f 140 150 141
f 192 175 194
f 175 176 194
f 194 176 196
f 176 177 196
f 196 177 198
f 177 178 198
f 198 178 200
f 178 179 200
f 200 179 202
f 179 180 202
f 202 180 204
f 180 181 204
f 204 181 206
f 181 182 206
f 206 182 208
f 182 183 208
f 208 183 210
f 183 184 210
f 210 184 212
f 184 185 212
f 190 174 149
f 212 185 217
f 185 186 217
f 217 186 218
f 186 190 218
f 218 190 148
f 190 149 148
f 163 189 154
f 189 188 154
f 175 192 187
f 192 219 187
f 187 219 188
f 219 220 188
f 188 220 154
f 144 143 174
f 143 164 174
f 174 164 149
f 163 161 189
f 161 159 189
f 189 159 158
f 155 154 214
f 154 220 214
f 214 220 213
f 220 219 213
f 213 219 191
f 219 192 191
f 211 212 215
f 212 217 215
f 215 217 216
f 217 218 216
f 216 218 153
f 218 148 153
f 221 222 223
f 224 225 226
f 227 228 229
f 230 231 232
f 233 234 235
f 234 236 235
f 235 236 237
f 238 239 240
f 239 241 240
f 240 241 236
f 241 242 236
f 236 242 237
f 243 244 245
f 246 243 247
f 247 248 246
f 248 249 246
f 246 249 240
f 249 250 240
f 240 250 238
f 245 251 243
f 251 252 243
f 243 252 247
f 243 253 244
f 253 231 244
f 244 231 254
f 231 230 254
f 255 256 232
f 256 257 232
f 258 259 232
f 259 260 232
f 232 260 230
f 261 262 263
f 262 264 263
f 263 265 232
f 265 266 232
f 232 266 255
f 257 267 232
f 267 268 232
f 232 268 258
f 264 269 263
f 269 270 263
f 263 270 265
f 271 272 273
f 272 274 273
f 273 274 275
f 276 277 278
f 277 279 278
f 278 279 280
f 279 281 280
f 271 282 272
f 282 283 272
f 272 283 284
f 283 285 284
f 284 285 276
f 285 286 276
f 276 286 277
f 287 288 289
f 287 290 288
f 290 291 288
f 288 291 292
f 291 293 292
f 292 293 281
f 293 294 281
f 281 294 280
f 295 296 297
f 297 296 298
f 299 300 301
f 302 303 304
f 304 303 305
f 299 306 300
f 306 307 300
f 300 307 289
f 307 308 289
f 289 308 287
f 304 309 302
f 309 310 302
f 302 310 301
f 310 311 301
f 301 311 299
f 303 312 305
f 312 313 305
f 305 313 314
f 313 315 314
f 314 315 296
f 315 316 296
f 296 316 298
f 233 317 234
f 317 318 234
f 234 318 319
f 319 320 234
f 320 321 234
f 234 321 322
f 322 323 234
f 323 324 234
f 234 324 325
f 324 326 325
f 326 327 325
f 327 328 325
f 325 328 329
f 329 330 325
f 330 331 325
f 325 331 297
f 331 332 297
f 297 332 295
f 333 334 335
f 333 335 336
f 334 337 229
f 337 338 229
f 339 340 223
f 340 341 223
f 341 342 223
f 223 342 335
f 342 343 335
f 335 343 344
f 338 345 229
f 345 346 229
f 229 346 347
f 344 348 335
f 348 349 335
f 335 349 336
f 350 351 223
f 351 352 223
f 352 353 223
f 353 354 223
f 223 354 355
f 355 356 223
f 356 357 223
f 223 357 339
f 358 359 360
f 358 360 361
f 360 362 361
f 362 363 361
f 361 363 350
f 363 364 350
f 350 364 351
f 359 358 365
f 358 366 365
f 365 366 367
f 366 368 367
f 367 368 369
f 370 371 372
f 372 373 370
f 373 374 370
f 370 374 375
f 374 376 375
f 375 376 377
f 376 367 377
f 377 367 378
f 367 369 378
f 379 380 381
f 382 383 381
f 383 384 381
f 381 384 379
f 380 385 386
f 385 387 386
f 386 387 388
f 388 389 386
f 389 390 386
f 386 390 391
f 391 392 386
f 392 393 386
f 386 393 394
f 393 395 394
f 394 395 396
f 397 398 371
f 398 399 371
f 371 399 372
f 400 401 394
f 401 402 394
f 394 402 397
f 402 403 397
f 397 403 398
f 396 404 394
f 404 405 394
f 394 405 406
f 406 407 394
f 407 408 394
f 394 408 400
f 409 410 382
f 411 412 381
f 412 413 381
f 381 413 382
f 413 414 382
f 382 414 409
f 415 416 417
f 410 418 382
f 418 419 382
f 382 419 417
f 419 420 417
f 417 420 415
f 421 422 423
f 422 417 423
f 423 417 424
f 417 416 424
f 422 425 426
f 427 428 417
f 428 429 417
f 417 429 430
f 422 426 417
f 426 431 417
f 417 431 427
f 429 432 430
f 432 433 430
f 430 433 347
f 433 434 347
f 434 435 347
f 435 436 347
f 347 436 229
f 436 437 229
f 229 437 227
f 438 439 234
f 224 226 440
f 441 442 443
f 442 444 443
f 443 444 445
f 439 446 234
f 446 447 234
f 234 447 448
f 449 236 450
f 236 451 450
f 449 452 236
f 452 453 236
f 236 453 226
f 453 454 226
f 226 454 440
f 448 455 234
f 455 456 234
f 234 456 236
f 456 457 236
f 236 457 451
f 225 458 459
f 458 460 459
f 459 460 461
f 461 462 459
f 462 463 459
f 459 463 464
f 463 465 464
f 465 466 464
f 466 467 464
f 464 467 468
f 469 470 471
f 472 473 474
f 469 471 475
f 470 469 422
f 469 476 422
f 422 476 425
f 471 477 475
f 477 478 475
f 475 478 479
f 478 480 479
f 479 480 481
f 480 482 481
f 481 482 473
f 482 483 473
f 473 483 474
f 325 484 485
f 485 486 325
f 486 487 325
f 325 487 381
f 487 488 381
f 381 488 411
f 421 489 422
f 489 490 422
f 422 490 470
f 490 491 470
f 470 491 492
f 491 493 492
f 492 493 494
f 494 493 495
f 493 496 495
f 495 496 497
f 496 498 497
f 497 498 499
f 498 500 499
f 499 500 501
f 501 500 502
f 500 503 502
f 502 503 504
f 504 503 505
f 503 506 505
f 505 506 297
f 506 507 297
f 297 507 325
f 507 508 325
f 325 508 484
f 263 509 510
f 228 511 229
f 511 512 229
f 229 512 263
f 512 513 263
f 263 513 509
f 510 514 263
f 514 273 263
f 263 273 261
f 273 275 261
f 474 515 472
f 515 516 472
f 472 516 517
f 516 271 517
f 517 271 518
f 271 273 518
f 518 273 519
f 273 514 519
f 520 521 253
f 521 522 253
f 522 523 253
f 523 524 253
f 253 524 231
f 525 526 527
f 526 528 527
f 524 529 231
f 529 530 231
f 231 530 531
f 531 532 231
f 532 533 231
f 231 533 534
f 535 536 537
f 536 527 537
f 537 527 538
f 527 528 538
f 535 539 536
f 539 540 536
f 536 540 541
f 541 542 536
f 542 543 536
f 536 543 544
f 543 545 544
f 544 545 546
f 547 548 549
f 548 550 549
f 546 551 544
f 551 552 544
f 544 552 549
f 552 553 549
f 549 553 547
f 554 555 556
f 555 557 556
f 556 557 226
f 557 558 226
f 236 559 560
f 558 561 226
f 561 562 226
f 226 562 563
f 563 564 226
f 564 565 226
f 226 565 236
f 565 566 236
f 236 566 559
f 560 567 236
f 567 568 236
f 236 568 240
f 568 569 240
f 240 569 570
f 570 571 240
f 571 572 240
f 240 572 573
f 574 575 576
f 577 578 579
f 574 576 580
f 578 581 579
f 581 582 579
f 579 582 556
f 582 583 556
f 556 583 554
f 575 584 576
f 584 585 576
f 576 585 579
f 585 586 579
f 579 586 577
f 225 459 226
f 459 587 226
f 226 587 588
f 588 589 226
f 589 590 226
f 226 590 556
f 590 591 556
f 556 591 579
f 591 592 579
f 579 592 593
f 594 595 386
f 595 596 386
f 386 596 597
f 596 464 597
f 597 464 443
f 464 468 443
f 443 468 441
f 394 598 599
f 594 386 600
f 386 394 600
f 600 394 601
f 394 599 601
f 601 599 602
f 603 604 335
f 604 605 335
f 335 605 223
f 605 606 223
f 223 606 221
f 606 607 221
f 608 609 527
f 609 610 527
f 527 610 611
f 603 335 612
f 335 613 612
f 612 613 614
f 613 615 614
f 614 615 616
f 615 527 616
f 616 527 617
f 527 611 617
f 617 611 618
f 608 527 619
f 527 536 619
f 619 536 620
f 536 544 620
f 620 544 621
f 550 520 549
f 520 253 549
f 549 253 622
f 253 243 622
f 622 243 623
f 243 246 623
f 623 246 576
f 246 240 576
f 576 240 580
f 240 573 580
f 380 386 381
f 386 597 381
f 381 597 325
f 597 443 325
f 325 443 234
f 443 445 234
f 234 445 438
f 334 229 335
f 229 263 335
f 335 263 613
f 263 232 613
f 613 232 615
f 232 231 615
f 615 231 527
f 231 534 527
f 527 534 525
f 624 625 626
f 627 628 629
f 628 630 629
f 629 630 631
f 631 632 629
f 632 633 629
f 629 633 634
f 626 625 627
f 625 635 627
f 627 635 636
f 636 637 627
f 637 638 627
f 627 638 628
f 639 640 641
f 640 642 641
f 641 642 626
f 642 643 626
f 626 643 624
f 644 645 646
f 647 648 649
f 648 650 649
f 649 650 651
f 652 653 645
f 653 654 645
f 645 654 646
f 655 656 657
f 656 658 657
f 659 660 661
f 660 662 661
f 661 662 663
f 662 664 663
f 650 665 651
f 665 666 651
f 651 666 667
f 666 668 667
f 667 668 669
f 670 671 647
f 671 672 647
f 647 672 648
f 634 673 629
f 673 674 629
f 629 674 646
f 674 675 646
f 646 675 644
f 675 676 644
f 644 676 670
f 676 677 670
f 670 677 671
f 678 679 680
f 681 682 683
f 682 684 683
f 683 684 685
f 656 686 658
f 686 687 658
f 658 687 688
f 687 689 688
f 688 689 681
f 689 690 681
f 681 690 682
f 668 691 669
f 691 692 669
f 669 692 664
f 692 693 664
f 664 693 663
f 694 641 695
f 641 654 695
f 695 654 696
f 654 653 696
f 678 697 679
f 697 698 679
f 679 698 699
f 698 639 699
f 699 639 700
f 639 641 700
f 700 641 701
f 641 694 701
f 684 702 685
f 702 703 685
f 685 703 704
f 703 705 704
f 704 705 680
f 705 706 680
f 680 706 678
f 655 657 707
f 657 708 707
f 707 708 709
f 652 710 653
f 710 711 653
f 653 711 712
f 659 713 660
f 713 714 660
f 660 714 715
f 714 716 715
f 715 716 717
f 716 718 717
f 717 718 719
f 718 720 719
f 719 720 721
f 720 722 721
f 709 708 723
f 708 724 723
f 723 724 725
f 724 726 725
f 725 726 727
f 722 728 721
f 728 729 721
f 721 729 712
f 729 730 712
f 727 726 731
f 726 653 731
f 731 653 732
f 730 733 712
f 733 734 712
f 712 734 653
f 734 735 653
f 653 735 732
f 736 737 738
f 739 740 741
f 740 742 741
f 741 742 743
f 742 744 743
f 743 744 745
f 746 747 748
f 749 750 751
f 750 752 751
f 753 754 755
f 749 756 750
f 756 757 750
f 750 757 758
f 748 759 746
f 759 760 746
f 746 760 738
f 760 761 738
f 738 761 736
f 762 763 764
f 763 765 764
f 764 765 766
f 755 767 753
f 767 768 753
f 753 768 769
f 768 770 769
f 769 770 771
f 771 772 769
f 772 773 769
f 769 773 750
f 773 774 750
f 750 774 775
f 775 776 750
f 776 777 750
f 750 777 752
f 777 778 752
f 752 778 779
f 762 764 779
f 764 780 779
f 779 780 752
f 745 781 743
f 781 782 743
f 743 782 783
f 784 785 786
f 785 787 786
f 786 787 788
f 789 790 746
f 790 791 746
f 746 791 747
f 792 793 794
f 793 795 794
f 794 795 796
f 796 797 794
f 797 798 794
f 794 798 799
f 800 801 786
f 801 802 786
f 786 802 784
f 803 804 805
f 804 806 805
f 807 808 809
f 808 810 809
f 804 811 806
f 811 812 806
f 806 812 813
f 812 814 813
f 813 814 766
f 814 809 766
f 766 809 764
f 815 816 817
f 810 818 809
f 818 819 809
f 809 819 764
f 787 820 788
f 820 821 788
f 788 821 822
f 821 823 822
f 822 823 824
f 825 826 827
f 826 828 827
f 829 830 831
f 830 832 831
f 815 833 829
f 833 834 829
f 829 834 830
f 835 836 826
f 836 837 826
f 826 837 828
f 838 839 840
f 839 841 840
f 840 841 842
f 843 844 845
f 845 846 843
f 846 847 843
f 843 847 848
f 849 850 851
f 852 853 854
f 853 855 854
f 783 856 743
f 856 857 743
f 743 857 841
f 857 858 841
f 841 858 842
f 841 859 743
f 859 860 743
f 743 860 861
f 851 862 849
f 862 863 849
f 849 863 864
f 865 866 840
f 866 867 840
f 840 867 838
f 825 868 826
f 868 869 826
f 826 869 769
f 869 870 769
f 769 870 753
f 870 871 753
f 871 872 753
f 753 872 873
f 872 874 873
f 873 874 875
f 876 877 878
f 879 880 881
f 880 882 881
f 879 883 880
f 883 884 880
f 880 884 885
f 848 886 843
f 886 887 843
f 843 887 888
f 887 832 888
f 865 889 866
f 889 890 866
f 866 890 809
f 890 891 809
f 809 891 807
f 876 878 892
f 893 894 895
f 824 823 896
f 823 897 896
f 896 897 898
f 897 899 898
f 898 899 853
f 899 900 853
f 853 900 855
f 901 902 903
f 902 904 903
f 903 904 905
f 901 903 906
f 903 907 906
f 906 907 908
f 815 817 833
f 817 909 833
f 833 909 910
f 911 912 913
f 912 914 913
f 913 914 915
f 789 746 916
f 746 743 916
f 916 743 917
f 743 861 917
f 917 861 918
f 861 919 918
f 918 919 920
f 921 922 923
f 922 924 923
f 923 924 878
f 924 925 878
f 878 925 892
f 792 794 926
f 794 927 926
f 926 927 928
f 927 929 928
f 928 929 894
f 929 930 894
f 894 930 895
f 931 932 933
f 803 805 913
f 805 934 913
f 913 934 911
f 932 931 935
f 931 936 935
f 935 936 937
f 832 830 888
f 830 938 888
f 888 938 849
f 938 939 849
f 849 939 850
f 816 940 817
f 940 941 817
f 817 941 942
f 941 943 942
f 942 943 920
f 943 944 920
f 920 944 918
f 908 945 906
f 945 946 906
f 906 946 947
f 947 948 906
f 948 949 906
f 906 949 922
f 884 950 885
f 950 951 885
f 885 951 895
f 951 952 895
f 895 952 893
f 952 953 893
f 905 904 899
f 904 954 899
f 899 954 955
f 956 957 958
f 910 959 833
f 959 960 833
f 833 960 961
f 961 962 833
f 962 963 833
f 833 963 964
f 963 931 964
f 964 931 965
f 877 966 878
f 966 967 878
f 878 967 874
f 967 968 874
f 874 968 875
f 921 969 922
f 969 970 922
f 922 970 906
f 970 971 906
f 906 971 972
f 955 973 899
f 973 974 899
f 899 974 975
f 975 976 899
f 976 977 899
f 899 977 900
f 908 978 945
f 978 956 945
f 945 956 979
f 956 958 979
f 933 980 931
f 980 981 931
f 931 981 965
f 981 982 965
f 965 982 956
f 982 983 956
f 956 983 957
f 935 984 985
f 984 986 985
f 953 987 893
f 987 988 893
f 893 988 989
f 988 990 989
f 989 990 971
f 990 991 971
f 971 991 972
f 915 984 913
f 984 935 913
f 913 935 992
f 935 937 992
f 993 994 986
f 994 995 986
f 986 995 985
f 754 753 996
f 753 997 996
f 996 997 998
f 998 999 996
f 999 1000 996
f 996 1000 986
f 1000 1001 986
f 986 1001 993
f 725 309 304
f 725 304 723
f 304 305 723
f 723 305 709
f 305 314 709
f 709 314 707
f 314 296 707
f 707 296 655
f 296 295 655
f 655 295 656
f 295 332 656
f 656 332 686
f 332 331 686
f 686 331 687
f 331 330 687
f 687 330 689
f 330 329 689
f 689 329 690
f 329 328 690
f 690 328 682
f 328 327 682
f 682 327 684
f 327 326 684
f 684 326 702
f 326 324 702
f 702 324 703
f 324 323 703
f 703 323 705
f 323 322 705
f 705 322 706
f 322 321 706
f 706 321 678
f 672 257 256
f 672 256 648
f 256 255 648
f 648 255 650
f 255 266 650
f 650 266 665
f 266 265 665
f 665 265 666
f 265 270 666
f 666 270 668
f 270 269 668
f 668 269 691
f 269 264 691
f 691 264 692
f 264 262 692
f 692 262 693
f 262 261 693
f 693 261 663
f 261 275 663
f 663 275 661
f 275 274 661
f 661 274 659
f 274 272 659
f 659 272 713
f 272 284 713
f 713 284 714
f 284 276 714
f 714 276 716
f 276 278 716
f 716 278 718
f 278 280 718
f 718 280 720
f 1002 1003 1004
f 1004 1005 1002
f 1005 1006 1002
f 1002 1006 1007
f 1006 1008 1007
f 1007 1008 1009
f 1008 1010 1009
f 1009 1010 1011
f 1010 1012 1011
f 1011 1012 1013
f 1012 1014 1013
f 1013 1014 1015
f 1014 1016 1015
f 1015 1016 1017
f 1016 1018 1017
f 1017 1018 1019
f 1018 1020 1019
f 1019 1020 1021
f 1020 1022 1021
f 1021 1022 1023
f 1022 1024 1023
f 1023 1024 1025
f 1024 1026 1025
f 1025 1026 1027
f 1026 1028 1027
f 1027 1028 1029
f 1028 1030 1029
f 1029 1030 1031
f 1030 1032 1031
f 1031 1032 1033
f 1032 1034 1033
f 1033 1034 1035
f 1034 1036 1035
f 1035 1036 1037
f 1037 1036 1038
f 1036 1039 1038
f 1038 1039 339
f 343 1040 344
f 1040 1041 344
f 344 1041 348
f 1041 1042 348
f 348 1042 349
f 1042 1043 349
f 349 1043 336
f 1043 1044 336
f 336 1044 333
f 1044 1045 333
f 333 1045 334
f 1045 1046 334
f 334 1046 337
f 1046 1004 337
f 337 1004 338
f 1004 1003 338
f 338 1003 345
f 339 1039 340
f 1039 1047 340
f 340 1047 341
f 1047 1048 341
f 341 1048 342
f 1048 1049 342
f 342 1049 343
f 1049 1050 343
f 343 1050 1040
f 379 384 1051
f 1052 1053 1054
f 1054 1055 1052
f 1055 1056 1052
f 1052 1056 1057
f 1056 1058 1057
f 1057 1058 1059
f 1058 1060 1059
f 1059 1060 1061
f 1060 1062 1061
f 1061 1062 1063
f 1062 1064 1063
f 1063 1064 1065
f 1064 1066 1065
f 1065 1066 1067
f 1066 1068 1067
f 1067 1068 1069
f 1068 1070 1069
f 1069 1070 1071
f 1070 1072 1071
f 1071 1072 1073
f 1072 1074 1073
f 1073 1074 1075
f 1074 1076 1075
f 1075 1076 1077
f 1076 1078 1077
f 1078 1079 1077
f 1077 1079 1080
f 1079 1081 1080
f 1080 1081 1082
f 1081 1083 1082
f 1082 1083 1084
f 1083 1085 1084
f 1084 1085 1086
f 1086 1085 1051
f 1085 1087 1051
f 1051 1087 379
f 1087 1088 379
f 379 1088 380
f 1088 1089 380
f 380 1089 385
f 1089 1090 385
f 385 1090 387
f 1090 1091 387
f 387 1091 388
f 1091 1092 388
f 388 1092 389
f 1092 1093 389
f 389 1093 390
f 1093 1094 390
f 390 1094 391
f 1094 1095 391
f 391 1095 392
f 1095 1096 392
f 392 1096 393
f 1096 1097 393
f 393 1097 395
f 1097 1098 395
f 395 1098 396
f 1098 1054 396
f 396 1054 404
f 1054 1053 404
f 404 1053 405
f 1099 1100 1101
f 1101 1102 1099
f 1102 1103 1099
f 1099 1103 1104
f 1103 1105 1104
f 1105 1106 1104
f 1104 1106 1107
f 1106 1108 1107
f 1108 1109 1107
f 1107 1109 1110
f 1109 1111 1110
f 1111 1112 1110
f 1110 1112 1113
f 1112 1114 1113
f 1113 1114 1115
f 1114 1116 1115
f 1116 1117 1115
f 1115 1117 1118
f 1117 1119 1118
f 1119 1120 1118
f 1118 1120 1121
f 1120 1122 1121
f 1122 1123 1121
f 1121 1123 1124
f 1123 1125 1124
f 1125 1126 1124
f 1124 1126 1127
f 1126 1128 1127
f 1127 1128 368
f 1128 1129 368
f 368 1129 369
f 1129 1130 369
f 369 1130 378
f 1130 1131 378
f 1131 1132 378
f 378 1132 377
f 1132 1133 377
f 377 1133 1134
f 1133 1135 1134
f 1134 1135 1136
f 1135 1137 1136
f 1137 1138 1136
f 1136 1138 1139
f 1138 1140 1139
f 1139 1140 1100
f 1140 1141 1100
f 1100 1141 1101
f 852 1111 1109
f 1108 882 1109
f 882 1142 1109
f 1109 1142 852
f 1111 852 1112
f 852 854 1112
f 1112 854 1114
f 854 855 1114
f 1114 855 1116
f 855 900 1116
f 1116 900 1117
f 900 977 1117
f 1117 977 1119
f 977 976 1119
f 1119 976 1120
f 976 975 1120
f 1120 975 1122
f 975 974 1122
f 1122 974 1123
f 974 973 1123
f 1123 973 1125
f 973 955 1125
f 1125 955 1126
f 955 954 1126
f 1126 954 1128
f 954 904 1128
f 1128 904 1129
f 904 902 1129
f 1129 902 1130
f 902 901 1130
f 1130 901 1131
f 901 906 1131
f 1131 906 1132
f 906 972 1132
f 1132 972 1133
f 972 991 1133
f 1133 991 1135
f 991 990 1135
f 1135 990 1137
f 990 988 1137
f 1137 988 1138
f 988 987 1138
f 1138 987 1140
f 987 953 1140
f 1140 953 1141
f 953 952 1141
f 1141 952 1101
f 952 951 1101
f 1101 951 1102
f 951 950 1102
f 1102 950 1103
f 950 884 1103
f 1103 884 1105
f 884 883 1105
f 1105 883 1106
f 883 879 1106
f 1106 879 1108
f 879 881 1108
f 1108 881 882
f 1143 1144 1145
f 1145 1146 1143
f 1146 1147 1143
f 1143 1147 1148
f 1147 1149 1148
f 1149 1150 1148
f 1148 1150 1151
f 1150 1152 1151
f 1152 1153 1151
f 1151 1153 1154
f 1153 1155 1154
f 1155 1156 1154
f 1154 1156 1157
f 1156 1158 1157
f 1157 1158 1159
f 1158 1160 1159
f 1159 1160 587
f 1160 1161 587
f 587 1161 588
f 1161 1162 588
f 1162 1163 588
f 588 1163 589
f 1163 1164 589
f 1164 1165 589
f 589 1165 590
f 1165 1166 590
f 590 1166 1167
f 1166 1168 1167
f 1167 1168 1169
f 1168 1170 1169
f 1169 1170 1171
f 1170 1172 1171
f 1172 1173 1171
f 1171 1173 1174
f 1173 1175 1174
f 1175 1176 1174
f 1174 1176 1177
f 1176 1178 1177
f 1178 1179 1177
f 1177 1179 1180
f 1179 1181 1180
f 1181 1182 1180
f 1180 1182 1183
f 1182 1184 1183
f 1183 1184 1144
f 1184 1185 1144
f 1144 1185 1145
f 1185 1184 739
f 739 1186 1185
f 1186 758 1185
f 1185 758 1145
f 758 757 1145
f 1145 757 1146
f 757 756 1146
f 1146 756 1147
f 756 749 1147
f 1147 749 1149
f 749 751 1149
f 1149 751 1150
f 751 752 1150
f 1150 752 1152
f 752 780 1152
f 1152 780 1153
f 780 764 1153
f 1153 764 1155
f 764 819 1155
f 1155 819 1156
f 819 818 1156
f 1156 818 1158
f 818 810 1158
f 1158 810 1160
f 810 808 1160
f 1160 808 1161
f 808 807 1161
f 1161 807 1162
f 807 891 1162
f 1162 891 1163
f 891 890 1163
f 1163 890 1164
f 890 889 1164
f 1164 889 1165
f 889 865 1165
f 1165 865 1166
f 865 840 1166
f 1166 840 1168
f 840 842 1168
f 1168 842 1170
f 842 858 1170
f 1170 858 1172
f 858 857 1172
f 1172 857 1173
f 857 856 1173
f 1173 856 1175
f 856 783 1175
f 1175 783 1176
f 783 782 1176
f 1176 782 1178
f 782 781 1178
f 1178 781 1179
f 781 745 1179
f 1179 745 1181
f 745 744 1181
f 1181 744 1182
f 744 742 1182
f 1182 742 1184
f 742 740 1184
f 1184 740 739
f 1187 1188 1189
f 1189 1190 1187
f 1190 1191 1187
f 1187 1191 1192
f 1191 1193 1192
f 1193 1194 1192
f 1192 1194 1195
f 1194 1196 1195
f 1196 1197 1195
f 1195 1197 1198
f 1197 1199 1198
f 1199 1200 1198
f 1198 1200 1201
f 1200 1202 1201
f 1201 1202 1203
f 1202 1204 1203
f 1203 1204 602
f 1204 1205 602
f 602 1205 601
f 1205 1206 601
f 1206 1207 601
f 601 1207 600
f 1207 1208 600
f 1208 1209 600
f 600 1209 594
f 1209 1210 594
f 594 1210 1211
f 1210 1212 1211
f 1211 1212 1213
f 1212 1214 1213
f 1213 1214 1215
f 1214 1216 1215
f 1216 1217 1215
f 1215 1217 1218
f 1217 1219 1218
f 1219 1220 1218
f 1218 1220 1221
f 1220 1222 1221
f 1222 1223 1221
f 1221 1223 1224
f 1223 1225 1224
f 1225 1226 1224
f 1224 1226 1227
f 1226 1228 1227
f 1227 1228 1188
f 1228 1229 1188
f 1188 1229 1189
f 1230 1189 1231
f 1189 1229 1231
f 1231 1229 1232
f 1229 1228 1232
f 1232 1228 835
f 1230 799 1189
f 799 798 1189
f 1189 798 1190
f 798 797 1190
f 1190 797 1191
f 797 796 1191
f 1191 796 1193
f 796 795 1193
f 1193 795 1194
f 795 793 1194
f 1194 793 1196
f 793 792 1196
f 1196 792 1197
f 792 926 1197
f 1197 926 1199
f 926 928 1199
f 1199 928 1200
f 928 894 1200
f 1200 894 1202
f 894 893 1202
f 1202 893 1204
f 893 989 1204
f 1204 989 1205
f 989 971 1205
f 1205 971 1206
f 971 970 1206
f 1206 970 1207
f 970 969 1207
f 1207 969 1208
f 969 921 1208
f 1208 921 1209
f 921 923 1209
f 1209 923 1210
f 923 878 1210
f 1210 878 1212
f 878 874 1212
f 1212 874 1214
f 874 872 1214
f 1214 872 1216
f 872 871 1216
f 1216 871 1217
f 871 870 1217
f 1217 870 1219
f 870 869 1219
f 1219 869 1220
f 869 868 1220
f 1220 868 1222
f 868 825 1222
f 1222 825 1223
f 825 827 1223
f 1223 827 1225
f 827 828 1225
f 1225 828 1226
f 828 837 1226
f 1226 837 1228
f 837 836 1228
f 1228 836 835
f 610 1233 611
f 1233 1234 611
f 611 1234 618
f 1234 1235 618
f 618 1235 1236
f 1235 1237 1236
f 1237 1238 1236
f 1236 1238 1239
f 1238 1240 1239
f 1240 1241 1239
f 1239 1241 1242
f 1241 1243 1242
f 1243 1244 1242
f 1242 1244 1245
f 1244 1246 1245
f 1245 1246 1247
f 1246 1248 1247
f 1248 1249 1247
f 1247 1249 1250
f 1249 1251 1250
f 1251 1252 1250
f 1250 1252 1253
f 1252 1254 1253
f 1254 1255 1253
f 1253 1255 1256
f 1255 1257 1256
f 1257 1258 1256
f 1256 1258 1259
f 1258 1260 1259
f 1259 1260 1261
f 1260 1262 1261
f 1262 1263 1261
f 1261 1263 1264
f 1263 1265 1264
f 1265 1266 1264
f 1264 1266 1267
f 1266 1268 1267
f 1268 1269 1267
f 1267 1269 1270
f 1269 1271 1270
f 1270 1271 608
f 1271 1272 608
f 608 1272 609
f 1272 1273 609
f 609 1273 610
f 1273 1274 610
f 610 1274 1233
f 846 845 1251
f 845 844 1251
f 1251 844 1252
f 844 1275 1252
f 1252 1275 1254
f 1275 737 1254
f 1254 737 1255
f 737 736 1255
f 1255 736 1257
f 736 761 1257
f 1257 761 1258
f 761 760 1258
f 1258 760 1260
f 760 759 1260
f 1260 759 1262
f 759 748 1262
f 1262 748 1263
f 748 747 1263
f 1263 747 1265
f 747 791 1265
f 1265 791 1266
f 791 790 1266
f 1266 790 1268
f 790 789 1268
f 1268 789 1269
f 789 916 1269
f 1269 916 1271
f 916 917 1271
f 1271 917 1272
f 917 918 1272
f 1272 918 1273
f 918 944 1273
f 1273 944 1274
f 944 943 1274
f 1274 943 1233
f 943 941 1233
f 1233 941 1234
f 941 940 1234
f 1234 940 1235
f 940 816 1235
f 1235 816 1237
f 816 815 1237
f 1237 815 1238
f 815 829 1238
f 1238 829 1240
f 829 831 1240
f 1240 831 1241
f 831 832 1241
f 1241 832 1243
f 832 887 1243
f 1243 887 1244
f 887 886 1244
f 1244 886 1246
f 886 848 1246
f 1246 848 1248
f 848 847 1248
f 1248 847 1249
f 847 846 1249
f 1249 846 1251
f 605 1276 606
f 1276 1277 606
f 606 1277 607
f 1277 1278 607
f 607 1278 1279
f 1278 1280 1279
f 1280 1281 1279
f 1279 1281 1282
f 1281 1283 1282
f 1283 1284 1282
f 1282 1284 1285
f 1284 1286 1285
f 1286 1287 1285
f 1285 1287 1288
f 1287 1289 1288
f 1288 1289 1290
f 1289 1291 1290
f 1291 1292 1290
f 1290 1292 1293
f 1292 1294 1293
f 1294 1295 1293
f 1293 1295 1296
f 1295 1297 1296
f 1297 1298 1296
f 1296 1298 1299
f 1298 1300 1299
f 1300 1301 1299
f 1299 1301 1302
f 1301 1303 1302
f 1302 1303 1304
f 1303 1305 1304
f 1305 1306 1304
f 1304 1306 1307
f 1306 1308 1307
f 1308 1309 1307
f 1307 1309 1310
f 1309 1311 1310
f 1311 1312 1310
f 1310 1312 1313
f 1312 1314 1313
f 1313 1314 603
f 1314 1315 603
f 603 1315 604
f 1315 1316 604
f 604 1316 605
f 1316 1317 605
f 605 1317 1276
f 1318 1319 1320
f 1321 1322 1323
f 1324 1325 1326
f 1324 1326 1327
f 1322 1328 1329
f 1328 1330 1329
f 1329 1330 1331
f 1332 1333 1334
f 1333 1335 1334
f 1334 1335 1336
f 1335 1337 1336
f 1338 1339 1340
f 1338 1340 1341
f 1340 1342 1341
f 1342 1343 1341
f 1341 1343 1344
f 1345 1346 1347
f 1348 1349 1350
f 1349 1347 1350
f 1350 1347 1351
f 1347 1346 1351
f 1352 1353 1332
f 1353 1354 1332
f 1348 1355 1349
f 1355 1356 1349
f 1349 1356 1357
f 1339 1338 1354
f 1338 1358 1354
f 1354 1358 1332
f 1343 1359 1344
f 1359 1345 1344
f 1344 1345 1360
f 1345 1347 1360
f 1360 1347 1361
f 1347 1362 1361
f 1361 1362 1363
f 1362 1364 1363
f 1363 1364 1365
f 1366 1367 1365
f 1367 1368 1365
f 1365 1368 1363
f 1369 1370 1371
f 1370 1372 1371
f 1373 1374 1375
f 1372 1370 1376
f 1370 1318 1376
f 1376 1318 1375
f 1318 1320 1375
f 1375 1320 1373
f 1374 1373 1377
f 1373 1378 1377
f 1377 1378 1379
f 1378 1380 1379
f 1380 1381 1379
f 1379 1381 1382
f 1381 1383 1382
f 1382 1383 1384
f 1385 1386 1387
f 1388 1389 1390
f 1389 1384 1390
f 1390 1384 1391
f 1386 1392 1387
f 1392 1393 1387
f 1387 1393 1394
f 1388 1385 1389
f 1385 1387 1389
f 1389 1387 1395
f 1387 1396 1395
f 1397 1398 1324
f 1399 1400 1401
f 1400 1402 1401
f 1401 1402 1403
f 1402 1404 1403
f 1403 1404 1405
f 1404 1406 1405
f 1405 1406 1407
f 1406 1408 1407
f 1407 1408 1409
f 1408 1410 1409
f 1399 1411 1400
f 1411 1412 1400
f 1400 1412 1324
f 1412 1413 1324
f 1324 1413 1397
f 1398 1414 1324
f 1414 1331 1324
f 1324 1331 1325
f 1331 1330 1325
f 1325 1330 1415
f 1330 1328 1415
f 1414 1416 1331
f 1416 1417 1331
f 1331 1417 1418
f 1419 1420 1421
f 1422 1423 1327
f 1424 1425 1324
f 1425 1426 1324
f 1324 1426 1427
f 1423 1428 1327
f 1428 1429 1327
f 1327 1429 1430
f 1430 1431 1327
f 1431 1432 1327
f 1327 1432 1324
f 1432 1433 1324
f 1324 1433 1424
f 1434 1400 1435
f 1419 1436 1420
f 1436 1437 1420
f 1420 1437 1438
f 1421 1439 1419
f 1439 1440 1419
f 1419 1440 1441
f 1440 1442 1441
f 1441 1442 1443
f 1427 1444 1324
f 1444 1445 1324
f 1324 1445 1400
f 1445 1446 1400
f 1400 1446 1435
f 1438 1447 1420
f 1447 1448 1420
f 1420 1448 1449
f 1448 1450 1449
f 1449 1450 1451
f 1450 1452 1451
f 1451 1452 1453
f 1452 1454 1453
f 1453 1454 1455
f 1454 1456 1455
f 1455 1456 1457
f 1456 1458 1457
f 1457 1458 1459
f 1458 1460 1459
f 1459 1460 1461
f 1460 1462 1461
f 1461 1462 1435
f 1462 1463 1435
f 1435 1463 1434
f 1464 1465 1466
f 1467 1468 1469
f 1468 1470 1469
f 1469 1470 1471
f 1472 1473 1474
f 1473 1475 1474
f 1474 1475 1476
f 1443 1422 1441
f 1422 1327 1441
f 1441 1327 1477
f 1327 1469 1477
f 1477 1469 1474
f 1469 1471 1474
f 1474 1471 1472
f 1478 1479 1480
f 1481 1482 1475
f 1482 1483 1475
f 1475 1483 1476
f 1464 1466 1484
f 1466 1485 1484
f 1484 1485 1486
f 1485 1487 1486
f 1486 1487 1488
f 1487 1489 1488
f 1488 1489 1490
f 1489 1491 1490
f 1490 1491 1492
f 1491 1493 1492
f 1492 1493 1494
f 1493 1495 1494
f 1494 1495 1496
f 1495 1497 1496
f 1496 1497 1481
f 1497 1498 1481
f 1481 1498 1482
f 1499 1500 1480
f 1500 1501 1480
f 1465 1478 1466
f 1478 1480 1466
f 1466 1480 1502
f 1480 1501 1502
f 1503 1504 1505
f 1504 1506 1505
f 1505 1506 1394
f 1506 1507 1394
f 1394 1507 1480
f 1507 1508 1480
f 1480 1508 1499
f 1505 1381 1503
f 1381 1380 1503
f 1503 1380 1509
f 1380 1510 1509
f 1511 1512 1513
f 1513 1514 1511
f 1514 1515 1511
f 1511 1515 1516
f 1517 1518 1519
f 1518 1520 1519
f 1519 1520 1521
f 1519 1522 1523
f 1523 1524 1519
f 1524 1525 1519
f 1519 1525 1517
f 1526 1527 1373
f 1527 1528 1373
f 1373 1528 1519
f 1528 1529 1519
f 1519 1529 1522
f 1523 1530 1524
f 1530 1531 1524
f 1524 1531 1532
f 1531 1533 1532
f 1533 1534 1532
f 1532 1534 1535
f 1534 1536 1535
f 1535 1536 1320
f 1536 1537 1320
f 1320 1537 1538
f 1538 1539 1320
f 1539 1540 1320
f 1320 1540 1373
f 1540 1541 1373
f 1373 1541 1526
f 1319 1318 1542
f 1318 1370 1542
f 1542 1370 1543
f 1544 1545 1546
f 1545 1547 1546
f 1546 1547 1548
f 1547 1549 1548
f 1548 1549 1366
f 1549 1550 1366
f 1366 1550 1551
f 1550 1552 1551
f 1553 1554 1555
f 1556 1557 1558
f 1557 1559 1558
f 1559 1557 1560
f 1557 1561 1560
f 1560 1561 1562
f 1561 1563 1562
f 1562 1563 1564
f 1563 1565 1564
f 1564 1565 1566
f 1567 1568 1558
f 1568 1569 1558
f 1558 1569 1556
f 1570 1571 1572
f 1571 1573 1572
f 1573 1574 1572
f 1574 1575 1572
f 1572 1575 1567
f 1575 1576 1567
f 1567 1576 1568
f 1577 1578 1579
f 1578 1580 1579
f 1579 1580 1581
f 1580 1582 1581
f 1581 1582 1583
f 1582 1584 1583
f 1583 1584 1585
f 1584 1586 1585
f 1585 1586 1587
f 1586 1588 1587
f 1587 1588 1589
f 1588 1590 1589
f 1589 1590 1591
f 1590 1592 1591
f 1591 1592 1593
f 1592 1594 1593
f 1593 1594 1595
f 1594 1596 1595
f 1595 1596 1597
f 1596 1598 1597
f 1597 1598 1599
f 1598 1600 1599
f 1599 1600 1601
f 1600 1602 1601
f 1601 1602 1571
f 1602 1603 1571
f 1571 1603 1573
f 1604 1605 1349
f 1579 1606 1577
f 1606 1607 1577
f 1577 1607 1608
f 1607 1604 1608
f 1608 1604 1609
f 1604 1349 1609
f 1609 1349 1610
f 1349 1611 1610
f 1605 1612 1349
f 1612 1613 1349
f 1349 1613 1347
f 1613 1614 1347
f 1347 1614 1615
f 1616 1617 1618
f 1617 1619 1618
f 1619 1620 1618
f 1620 1621 1618
f 1618 1621 1611
f 1618 1622 1623
f 1624 1625 1618
f 1625 1626 1618
f 1618 1626 1622
f 1623 1627 1618
f 1627 1628 1618
f 1618 1628 1629
f 1630 1631 1624
f 1631 1632 1624
f 1632 1633 1624
f 1633 1634 1624
f 1624 1634 1635
f 1635 1636 1624
f 1636 1637 1624
f 1624 1637 1625
f 1629 1638 1618
f 1638 1639 1618
f 1618 1639 1616
f 1638 1640 1639
f 1640 1641 1639
f 1639 1641 1642
f 1641 1643 1642
f 1642 1643 1644
f 1643 1645 1644
f 1644 1645 1646
f 1645 1647 1646
f 1646 1647 1648
f 1647 1649 1648
f 1648 1649 1650
f 1649 1651 1650
f 1650 1651 1652
f 1651 1653 1652
f 1652 1653 1654
f 1653 1655 1654
f 1654 1655 1656
f 1655 1657 1656
f 1656 1657 1658
f 1657 1659 1658
f 1658 1659 1660
f 1659 1661 1660
f 1660 1661 1662
f 1661 1663 1662
f 1662 1663 1630
f 1663 1664 1630
f 1630 1664 1631
f 1665 1630 1666
f 1667 1668 1669
f 1670 1671 1624
f 1671 1672 1624
f 1624 1672 1630
f 1672 1673 1630
f 1630 1673 1666
f 1667 1669 1674
f 1669 1675 1674
f 1675 1676 1674
f 1674 1676 1677
f 1676 1678 1677
f 1668 1667 1666
f 1667 1679 1666
f 1666 1679 1665
f 1680 1681 1329
f 1681 1682 1329
f 1322 1329 1323
f 1329 1682 1323
f 1323 1682 1683
f 1682 1684 1683
f 1683 1684 1677
f 1684 1685 1677
f 1677 1685 1674
f 1680 1329 1686
f 1329 1331 1686
f 1686 1331 1408
f 1331 1418 1408
f 1408 1418 1410
f 1615 1687 1347
f 1687 1688 1347
f 1347 1688 1362
f 1688 1689 1362
f 1362 1689 1690
f 1691 1692 1572
f 1692 1693 1572
f 1572 1693 1570
f 1694 1695 1378
f 1696 1697 1373
f 1697 1698 1373
f 1521 1699 1519
f 1699 1700 1519
f 1519 1700 1373
f 1700 1701 1373
f 1373 1701 1696
f 1698 1702 1373
f 1702 1703 1373
f 1373 1703 1378
f 1703 1704 1378
f 1378 1704 1694
f 1695 1705 1378
f 1705 1706 1378
f 1378 1706 1707
f 1510 1380 1516
f 1380 1378 1516
f 1516 1378 1511
f 1378 1707 1511
f 1511 1707 1708
f 1708 1709 1511
f 1709 1710 1511
f 1511 1710 1512
f 1710 1711 1512
f 1512 1711 1712
f 1711 1713 1712
f 1712 1713 1714
f 1713 1715 1714
f 1714 1715 1716
f 1715 1717 1716
f 1716 1717 1718
f 1717 1719 1718
f 1718 1719 1720
f 1719 1721 1720
f 1720 1721 1722
f 1721 1723 1722
f 1722 1723 1724
f 1723 1725 1724
f 1724 1725 1726
f 1725 1727 1726
f 1726 1727 1728
f 1727 1729 1728
f 1728 1729 1520
f 1729 1730 1520
f 1520 1730 1521
f 1394 1731 1732
f 1387 1733 1734
f 1479 1735 1480
f 1735 1736 1480
f 1480 1736 1394
f 1736 1737 1394
f 1394 1737 1731
f 1326 1396 1327
f 1396 1387 1327
f 1327 1387 1469
f 1387 1734 1469
f 1469 1734 1467
f 1732 1738 1394
f 1738 1739 1394
f 1394 1739 1387
f 1739 1740 1387
f 1387 1740 1733
f 1741 1742 1365
f 1743 1744 1364
f 1744 1745 1364
f 1745 1746 1364
f 1746 1747 1364
f 1364 1747 1365
f 1747 1748 1365
f 1365 1748 1741
f 1559 1749 1558
f 1749 1750 1558
f 1558 1750 1567
f 1750 1751 1567
f 1567 1751 1752
f 1742 1753 1365
f 1753 1754 1365
f 1365 1754 1546
f 1754 1755 1546
f 1546 1755 1756
f 1756 1757 1546
f 1757 1553 1546
f 1546 1553 1544
f 1553 1555 1544
f 1565 1758 1566
f 1758 1759 1566
f 1566 1759 1760
f 1759 1761 1760
f 1760 1761 1762
f 1761 1763 1762
f 1762 1763 1764
f 1763 1765 1764
f 1764 1765 1766
f 1765 1767 1766
f 1766 1767 1768
f 1767 1554 1768
f 1768 1554 1769
f 1554 1553 1769
f 1769 1553 1770
f 1553 1757 1770
f 1771 1772 1336
f 1678 1773 1677
f 1773 1774 1677
f 1677 1774 1683
f 1774 1775 1683
f 1683 1775 1776
f 1321 1323 1337
f 1323 1683 1337
f 1337 1683 1336
f 1683 1776 1336
f 1336 1776 1771
f 1393 1777 1394
f 1777 1778 1394
f 1394 1778 1505
f 1778 1779 1505
f 1391 1384 1780
f 1384 1383 1780
f 1780 1383 1781
f 1383 1381 1781
f 1781 1381 1782
f 1779 1783 1505
f 1783 1784 1505
f 1505 1784 1381
f 1784 1785 1381
f 1381 1785 1782
f 1357 1352 1349
f 1352 1332 1349
f 1349 1332 1611
f 1332 1334 1611
f 1611 1334 1618
f 1334 1336 1618
f 1618 1336 1624
f 1336 1772 1624
f 1624 1772 1670
f 1690 1691 1362
f 1691 1572 1362
f 1362 1572 1364
f 1572 1567 1364
f 1364 1567 1743
f 1567 1752 1743
f 1786 1787 1365
f 1787 1788 1365
f 1365 1788 1366
f 1788 1789 1366
f 1366 1789 1790
f 1791 1792 1548
f 1792 1793 1548
f 1548 1793 1546
f 1793 1794 1546
f 1546 1794 1795
f 1795 1796 1546
f 1796 1797 1546
f 1546 1797 1365
f 1797 1798 1365
f 1365 1798 1786
f 1790 1799 1366
f 1799 1800 1366
f 1366 1800 1548
f 1800 1801 1548
f 1548 1801 1791
f 1371 1367 1369
f 1367 1366 1369
f 1369 1366 1370
f 1366 1551 1370
f 1370 1551 1543
f 1551 1552 1543
f 1802 1803 1804
f 1805 1806 1807
f 1806 1808 1807
f 1807 1808 1809
f 1810 1811 1805
f 1811 1812 1805
f 1805 1812 1806
f 1813 1814 1815
f 1814 1816 1815
f 1817 1818 1819
f 1818 1820 1819
f 1819 1820 1814
f 1820 1821 1814
f 1814 1821 1816
f 1809 1802 1807
f 1802 1804 1807
f 1807 1804 1822
f 1804 1823 1822
f 1824 1825 1826
f 1825 1827 1826
f 1827 1828 1826
f 1828 1829 1826
f 1826 1829 1830
f 1829 1831 1830
f 1830 1831 1832
f 1831 1833 1832
f 1832 1833 1834
f 1833 1835 1834
f 1834 1835 1823
f 1835 1836 1823
f 1823 1836 1822
f 1837 1838 1839
f 1838 1840 1839
f 1839 1840 1824
f 1840 1841 1824
f 1824 1841 1825
f 1842 1843 1844
f 1843 1845 1844
f 1845 1846 1844
f 1846 1847 1844
f 1844 1847 1848
f 1847 1849 1848
f 1848 1849 1850
f 1849 1851 1850
f 1850 1851 1852
f 1851 1853 1852
f 1852 1853 1839
f 1853 1854 1839
f 1839 1854 1837
f 1855 1856 1842
f 1856 1857 1842
f 1842 1857 1843
f 1858 1817 1859
f 1817 1819 1859
f 1859 1819 1860
f 1819 1861 1860
f 1860 1861 1862
f 1861 1863 1862
f 1862 1863 1864
f 1863 1865 1864
f 1864 1865 1866
f 1865 1867 1866
f 1866 1867 1868
f 1867 1869 1868
f 1868 1869 1842
f 1869 1870 1842
f 1842 1870 1855
f 1871 1872 1873
f 1874 1875 1876
f 1877 1878 1879
f 1880 1881 1882
f 1883 1884 1885
f 1886 1887 1888
f 1831 1889 1890
f 1837 1891 1892
f 1856 1855 1893
f 1894 1895 1896
f 1895 1897 1896
f 1898 1899 1900
f 1901 1902 1884
f 1903 1904 1905
f 1906 1907 1908
f 1907 1909 1908
f 1908 1909 1910
f 1911 1912 1883
f 1912 1913 1883
f 1883 1913 1884
f 1913 1914 1884
f 1884 1914 1901
f 1915 1916 1917
f 1902 1918 1884
f 1918 1919 1884
f 1884 1919 1920
f 1917 1916 1910
f 1916 1921 1910
f 1910 1921 1908
f 1920 1922 1884
f 1922 1923 1884
f 1884 1923 1908
f 1923 1924 1908
f 1908 1924 1906
f 1915 1917 1925
f 1917 1926 1925
f 1925 1926 1927
f 1926 1928 1927
f 1927 1928 1929
f 1905 1930 1903
f 1930 1931 1903
f 1903 1931 1883
f 1931 1932 1883
f 1883 1932 1911
f 1928 1933 1929
f 1933 1934 1929
f 1929 1934 1935
f 1934 1936 1935
f 1935 1936 1937
f 1936 1938 1937
f 1937 1938 1939
f 1938 1940 1939
f 1939 1940 1904
f 1940 1941 1904
f 1904 1941 1905
f 1942 1943 1944
f 1939 1945 1946
f 1947 1948 1949
f 1943 1950 1944
f 1950 1951 1944
f 1944 1951 1952
f 1953 1904 1954
f 1904 1955 1954
f 1953 1956 1904
f 1956 1957 1904
f 1904 1957 1939
f 1957 1958 1939
f 1939 1958 1945
f 1946 1959 1939
f 1959 1960 1939
f 1939 1960 1961
f 1952 1962 1944
f 1962 1963 1944
f 1944 1963 1904
f 1963 1964 1904
f 1904 1964 1955
f 1965 1966 1949
f 1966 1967 1949
f 1949 1967 1947
f 1968 1969 1944
f 1969 1970 1944
f 1970 1949 1944
f 1944 1949 1942
f 1949 1948 1942
f 1970 1971 1949
f 1971 1972 1949
f 1949 1972 1973
f 1972 1974 1973
f 1973 1974 1975
f 1974 1976 1975
f 1975 1976 1977
f 1976 1978 1977
f 1977 1978 1979
f 1978 1980 1979
f 1981 1982 1983
f 1982 1984 1983
f 1983 1984 1985
f 1986 1987 1988
f 1987 1989 1988
f 1988 1989 1944
f 1989 1990 1944
f 1944 1990 1968
f 1991 1992 1993
f 1899 1994 1900
f 1994 1995 1900
f 1900 1995 1996
f 1996 1991 1900
f 1991 1993 1900
f 1900 1993 1983
f 1993 1979 1983
f 1983 1979 1981
f 1979 1980 1981
f 1997 1998 1900
f 1998 1999 1900
f 1999 2000 1900
f 2000 2001 1900
f 1900 2001 1898
f 1813 2002 1896
f 2002 2003 1896
f 1896 2003 1900
f 2003 2004 1900
f 1900 2004 1997
f 2005 2006 2007
f 2005 2007 2008
f 2006 2009 2007
f 2009 2010 2007
f 2007 2010 2011
f 2012 1865 2013
f 1865 2014 2013
f 2011 2015 2007
f 2015 2016 2007
f 2007 2016 2017
f 2018 2019 1863
f 2019 2020 1863
f 1863 2020 1865
f 2020 2021 1865
f 1865 2021 2014
f 2016 2022 2017
f 2022 2023 2017
f 2017 2023 2024
f 2024 2025 2017
f 2025 2026 2017
f 2017 2026 2027
f 1861 2028 2029
f 1813 1896 1814
f 1896 1897 1814
f 1814 1897 1819
f 1897 2017 1819
f 1819 2017 1861
f 2017 2027 1861
f 1861 2027 2028
f 2030 2031 1861
f 2031 2032 1861
f 1861 2032 1863
f 2032 2033 1863
f 1863 2033 2018
f 2029 2034 1861
f 2034 2035 1861
f 1861 2035 2030
f 2012 2008 1865
f 2008 2007 1865
f 1865 2007 1867
f 2007 1869 1867
f 2036 1846 2037
f 1846 1845 2037
f 2037 1845 2038
f 1845 1843 2038
f 2038 1843 2039
f 1846 2040 1847
f 2040 1849 1847
f 1853 2041 2042
f 1849 2043 2044
f 2045 2046 1851
f 2046 2047 1851
f 1851 2047 1853
f 2047 2048 1853
f 1853 2048 2041
f 2044 2049 1849
f 2049 2050 1849
f 1849 2050 1851
f 2050 2051 1851
f 1851 2051 2045
f 2042 2052 1853
f 2052 1891 1853
f 1853 1891 1854
f 1891 1837 1854
f 1829 1828 1874
f 1828 1827 1874
f 1874 1827 1875
f 1827 1825 1875
f 1875 1825 1876
f 1825 1841 1876
f 1876 1841 2053
f 1841 1840 2053
f 2053 1840 1838
f 1831 2054 2055
f 2054 1831 2056
f 1831 1829 2056
f 2056 1829 2057
f 1829 1874 2057
f 2057 1874 2058
f 2055 2059 1831
f 2059 2060 1831
f 1831 2060 1889
f 2061 2062 2063
f 2062 2064 2063
f 2063 2064 2065
f 2064 2066 2065
f 2066 2067 2065
f 2065 2067 2068
f 2067 2069 2068
f 2060 2070 1889
f 2070 2071 1889
f 1889 2071 2072
f 1822 1836 2073
f 1836 1835 2073
f 2073 1835 1890
f 1835 1833 1890
f 1890 1833 1831
f 2074 2075 2076
f 2075 1810 2076
f 2076 1810 2077
f 1908 2078 1884
f 2078 2079 1884
f 1884 2079 2080
f 2074 2076 2081
f 2076 1884 2081
f 2081 1884 2082
f 2080 2083 1884
f 2083 2084 1884
f 1884 2084 2085
f 2085 2086 1884
f 2086 2087 1884
f 1884 2087 2082
f 1888 2088 2089
f 2088 2090 2089
f 2089 2090 2091
f 2088 2092 2093
f 2088 2093 2094
f 2095 2096 2097
f 1843 1857 2039
f 1857 1856 2039
f 2039 1856 1888
f 1856 1893 1888
f 1888 1893 1886
f 2098 2099 1893
f 2099 2100 1893
f 1893 2100 1886
f 1887 2101 1888
f 2101 2102 1888
f 1888 2102 2088
f 2102 2103 2088
f 2088 2103 2092
f 2095 2097 1893
f 2097 2104 1893
f 1893 2104 2098
f 2093 2105 2094
f 2105 2106 2094
f 2094 2106 2107
f 2106 2108 2107
f 2107 2108 2109
f 2110 2111 1873
f 2111 2112 1873
f 1873 2112 2095
f 2112 2109 2095
f 2095 2109 2096
f 2109 2108 2096
f 1894 1896 2113
f 1896 1900 2113
f 2113 1900 2114
f 1900 1983 2114
f 2114 1983 1986
f 1983 1985 1986
f 1986 1985 1987
f 1881 2115 1882
f 2115 2077 1882
f 1882 2077 2116
f 2077 2117 2116
f 1880 1882 2118
f 1882 1885 2118
f 2118 1885 2119
f 2115 2120 2077
f 2120 2121 2077
f 2077 2121 2076
f 2121 2122 2076
f 2076 2122 2123
f 2123 2124 2076
f 2124 2125 2076
f 2076 2125 1884
f 2125 2126 1884
f 1884 2126 2127
f 2127 2128 1884
f 2128 2129 1884
f 1884 2129 1885
f 2129 2130 1885
f 1885 2130 2119
f 1810 1805 2077
f 1805 2131 2077
f 2077 2131 2117
f 2131 2132 2117
f 2117 2132 2133
f 2132 1889 2133
f 2133 1889 2063
f 1889 2072 2063
f 2063 2072 2061
f 1878 2134 1879
f 2134 2135 1879
f 1879 2135 2068
f 2136 2137 1892
f 2052 2138 1891
f 2138 2139 1891
f 1891 2139 1892
f 2139 2140 1892
f 1892 2140 2141
f 2142 2143 2144
f 2141 2145 1892
f 2145 2146 1892
f 1892 2146 2136
f 2143 2147 2144
f 2147 2148 2144
f 2144 2148 2149
f 2149 2150 2144
f 2150 2151 2144
f 2144 2151 2152
f 2151 2153 2152
f 2152 2153 2154
f 2155 2156 2089
f 2089 2156 1888
f 2156 2157 1888
f 1888 2157 2158
f 2159 2160 2161
f 2162 2163 2091
f 2163 2164 2091
f 2091 2164 2089
f 2164 2165 2089
f 2089 2165 2155
f 2036 2166 1846
f 2166 2167 1846
f 1846 2167 2040
f 2167 2168 2040
f 2040 2168 2161
f 2168 2169 2161
f 2161 2169 2159
f 2160 2170 2161
f 2170 2171 2161
f 2161 2171 2091
f 2171 2172 2091
f 2091 2172 2162
f 2158 2173 1888
f 2173 2174 1888
f 1888 2174 2039
f 2174 2175 2039
f 2039 2175 2176
f 2177 2178 2038
f 2178 2179 2038
f 2038 2179 2037
f 2176 2180 2039
f 2180 2181 2039
f 2039 2181 2038
f 2181 2182 2038
f 2038 2182 2177
f 2183 2184 1890
f 2184 2185 1890
f 2185 2186 1890
f 1890 2186 2187
f 2188 2189 1889
f 2189 2190 1889
f 1889 2190 1890
f 2190 2191 1890
f 1890 2191 2183
f 2192 2193 1889
f 2193 2194 1889
f 1889 2194 2188
f 2187 2195 1890
f 2195 2196 1890
f 1890 2196 2073
f 2196 2197 2073
f 2073 2197 2198
f 2132 2199 2200
f 2198 2201 2073
f 2201 2202 2073
f 2073 2202 2203
f 2204 2205 2132
f 2205 2206 2132
f 2200 2207 2132
f 2207 2208 2132
f 2132 2208 1889
f 2208 2209 1889
f 1889 2209 2192
f 2203 2204 2073
f 2204 2132 2073
f 2073 2132 1822
f 2132 2131 1822
f 1822 2131 1807
f 2131 1805 1807
f 2206 2210 2132
f 2210 2211 2132
f 2132 2211 2199
f 2069 2058 2068
f 2058 1874 2068
f 2068 1874 1879
f 1874 1876 1879
f 1879 1876 1877
f 1876 2212 1877
f 1877 2212 2213
f 2053 2214 2215
f 1876 2216 2217
f 2218 2219 2212
f 2220 2221 1892
f 2220 1892 2222
f 1838 1837 2053
f 1837 1892 2053
f 2053 1892 2214
f 1892 2221 2214
f 2212 2219 1892
f 2219 2223 1892
f 1892 2223 2222
f 2217 2224 1876
f 2224 2225 1876
f 1876 2225 2212
f 2225 2226 2212
f 2212 2226 2218
f 2215 2227 2053
f 2227 2228 2053
f 2053 2228 1876
f 2228 2229 1876
f 1876 2229 2216
f 2137 2142 1892
f 2142 2144 1892
f 1892 2144 2212
f 2144 2230 2212
f 2212 2230 2213
f 2230 2231 2213
f 2090 2231 2091
f 2231 2230 2091
f 2091 2230 2161
f 2230 2144 2161
f 2161 2144 2040
f 2144 2152 2040
f 2040 2152 1849
f 2152 2154 1849
f 1849 2154 2043
f 1872 2232 1873
f 2232 2233 1873
f 1873 2233 2234
f 1895 2235 2236
f 2237 2238 1897
f 1894 2110 1895
f 2110 1873 1895
f 1895 1873 2235
f 1873 2234 2235
f 2238 2239 1897
f 2239 2240 1897
f 1897 2240 2017
f 2240 2241 2017
f 2017 2241 2242
f 2236 2243 1895
f 2243 2244 1895
f 1895 2244 1897
f 2244 2245 1897
f 1897 2245 2237
f 1855 1870 1893
f 1870 1869 1893
f 1893 1869 2095
f 1869 2007 2095
f 2095 2007 1873
f 2007 2017 1873
f 1873 2017 1871
f 2017 2242 1871
f 1926 2246 1928
f 2246 2247 1928
f 1928 2247 1933
f 2247 2248 1933
f 1933 2248 1934
f 2248 2249 1934
f 1934 2249 1936
f 2249 2250 1936
f 1936 2250 1938
f 2250 2251 1938
f 1938 2251 1940
f 2251 2252 1940
f 1940 2252 1941
f 2252 2253 1941
f 1941 2253 1905
f 2253 2254 1905
f 1905 2254 1930
f 2254 2255 1930
f 1930 2255 1931
f 2255 2256 1931
f 1931 2256 1932
f 2256 2257 1932
f 1932 2257 1911
f 2257 2258 1911
f 1911 2258 1912
f 2258 2259 1912
f 1912 2259 1913
f 2259 2260 1913
f 1913 2260 1914
f 2260 2261 1914
f 1914 2261 1901
f 2261 2262 1901
f 1901 2262 1902
f 2262 2263 1902
f 1902 2263 1918
f 2263 2264 1918
f 1918 2264 1919
f 2264 2265 1919
f 1919 2265 1920
f 2265 2266 1920
f 1920 2266 1922
f 2266 2267 1922
f 1922 2267 1923
f 2267 2268 1923
f 1923 2268 1924
f 2268 2269 1924
f 1924 2269 1906
f 2269 2270 1906
f 1906 2270 1907
f 2270 2271 1907
f 1907 2271 1909
f 2271 2272 1909
f 1909 2272 1910
f 2272 2273 1910
f 1910 2273 1917
f 2273 2274 1917
f 1917 2274 1926
f 2274 2246 1926
f 2247 1494 2248
f 1494 1496 2248
f 2248 1496 2249
f 1496 1481 2249
f 2249 1481 2250
f 1481 1475 2250
f 2250 1475 2251
f 1475 1473 2251
f 2251 1473 2252
f 1473 1472 2252
f 2252 1472 2253
f 1472 1471 2253
f 2253 1471 2254
f 1471 1470 2254
f 2254 1470 2255
f 1470 1468 2255
f 2255 1468 2256
f 1468 1467 2256
f 2256 1467 2257
f 1467 1734 2257
f 2257 1734 2258
f 1734 1733 2258
f 2258 1733 2259
f 1733 1740 2259
f 2259 1740 2260
f 1740 1739 2260
f 2260 1739 2261
f 1739 1738 2261
f 2261 1738 2262
f 1738 1732 2262
f 2262 1732 2263
f 1732 1731 2263
f 2263 1731 2264
f 1731 1737 2264
f 2264 1737 2265
f 1737 1736 2265
f 2265 1736 2266
f 1736 1735 2266
f 2266 1735 2267
f 1735 1479 2267
f 2267 1479 2268
f 1479 1478 2268
f 2268 1478 2269
f 1478 1465 2269
f 2269 1465 2270
f 1465 1464 2270
f 2270 1464 2271
f 1464 1484 2271
f 2271 1484 2272
f 1484 1486 2272
f 2272 1486 2273
f 1486 1488 2273
f 2273 1488 2274
f 1488 1490 2274
f 2274 1490 2246
f 1490 1492 2246
f 2246 1492 2247
f 1492 1494 2247
f 2157 2275 2158
f 2275 2276 2158
f 2158 2276 2173
f 2276 2277 2173
f 2173 2277 2174
f 2277 2278 2174
f 2174 2278 2175
f 2278 2279 2175
f 2175 2279 2176
f 2279 2280 2176
f 2176 2280 2180
f 2280 2281 2180
f 2180 2281 2181
f 2281 2282 2181
f 2181 2282 2182
f 2282 2283 2182
f 2182 2283 2177
f 2283 2284 2177
f 2177 2284 2178
f 2284 2285 2178
f 2178 2285 2179
f 2285 2286 2179
f 2179 2286 2037
f 2286 2287 2037
f 2037 2287 2036
f 2287 2288 2036
f 2036 2288 2166
f 2288 2289 2166
f 2166 2289 2167
f 2289 2290 2167
f 2167 2290 2168
f 2290 2291 2168
f 2168 2291 2169
f 2291 2292 2169
f 2169 2292 2159
f 2292 2293 2159
f 2159 2293 2160
f 2293 2294 2160
f 2160 2294 2170
f 2294 2295 2170
f 2170 2295 2171
f 2295 2296 2171
f 2171 2296 2172
f 2296 2297 2172
f 2172 2297 2162
f 2297 2298 2162
f 2162 2298 2163
f 2298 2299 2163
f 2163 2299 2164
f 2299 2300 2164
f 2164 2300 2165
f 2300 2301 2165
f 2165 2301 2155
f 2301 2302 2155
f 2155 2302 2156
f 2302 2303 2156
f 2156 2303 2157
f 2303 2275 2157
f 2276 1612 2277
f 1612 1605 2277
f 2277 1605 2278
f 1605 1604 2278
f 2278 1604 2279
f 1604 1607 2279
f 2279 1607 2280
f 1607 1606 2280
f 2280 1606 2281
f 1606 1579 2281
f 2281 1579 2282
f 1579 1581 2282
f 2282 1581 2283
f 1581 1583 2283
f 2283 1583 2284
f 1583 1585 2284
f 2284 1585 2285
f 1585 1587 2285
f 2285 1587 2286
f 1587 1589 2286
f 2286 1589 2287
f 1589 1591 2287
f 2287 1591 2288
f 1591 1593 2288
f 2288 1593 2289
f 1593 1595 2289
f 2289 1595 2290
f 1595 1597 2290
f 2290 1597 2291
f 1597 1599 2291
f 2291 1599 2292
f 1599 1601 2292
f 2292 1601 2293
f 1601 1571 2293
f 2293 1571 2294
f 1571 1570 2294
f 2294 1570 2295
f 1570 1693 2295
f 2295 1693 2296
f 1693 1692 2296
f 2296 1692 2297
f 1692 1691 2297
f 2297 1691 2298
f 1691 1690 2298
f 2298 1690 2299
f 1690 1689 2299
f 2299 1689 2300
f 1689 1688 2300
f 2300 1688 2301
f 1688 1687 2301
f 2301 1687 2302
f 1687 1615 2302
f 2302 1615 2303
f 1615 1614 2303
f 2303 1614 2275
f 1614 1613 2275
f 2275 1613 2276
f 1613 1612 2276
f 2205 2304 2206
f 2304 2305 2206
f 2206 2305 2210
f 2305 2306 2210
f 2210 2306 2211
f 2306 2307 2211
f 2211 2307 2199
f 2307 2308 2199
f 2199 2308 2200
f 2308 2309 2200
f 2200 2309 2207
f 2309 2310 2207
f 2207 2310 2208
f 2310 2311 2208
f 2208 2311 2209
f 2311 2312 2209
f 2209 2312 2192
f 2312 2313 2192
f 2192 2313 2193
f 2313 2314 2193
f 2193 2314 2194
f 2314 2315 2194
f 2194 2315 2188
f 2315 2316 2188
f 2188 2316 2189
f 2316 2317 2189
f 2189 2317 2190
f 2317 2318 2190
f 2190 2318 2191
f 2318 2319 2191
f 2191 2319 2183
f 2319 2320 2183
f 2183 2320 2184
f 2320 2321 2184
f 2184 2321 2185
f 2321 2322 2185
f 2185 2322 2186
f 2322 2323 2186
f 2186 2323 2187
f 2323 2324 2187
f 2187 2324 2195
f 2324 2325 2195
f 2195 2325 2196
f 2325 2326 2196
f 2196 2326 2197
f 2326 2327 2197
f 2197 2327 2198
f 2327 2328 2198
f 2198 2328 2201
f 2328 2329 2201
f 2201 2329 2202
f 2329 2330 2202
f 2202 2330 2203
f 2330 2331 2203
f 2203 2331 2204
f 2331 2332 2204
f 2204 2332 2205
f 2332 2304 2205
f 2305 1708 2306
f 1708 1707 2306
f 2306 1707 2307
f 1707 1706 2307
f 2307 1706 2308
f 1706 1705 2308
f 2308 1705 2309
f 1705 1695 2309
f 2309 1695 2310
f 1695 1694 2310
f 2310 1694 2311
f 1694 1704 2311
f 2311 1704 2312
f 1704 1703 2312
f 2312 1703 2313
f 1703 1702 2313
f 2313 1702 2314
f 1702 1698 2314
f 2314 1698 2315
f 1698 1697 2315
f 2315 1697 2316
f 1697 1696 2316
f 2316 1696 2317
f 1696 1701 2317
f 2317 1701 2318
f 1701 1700 2318
f 2318 1700 2319
f 1700 1699 2319
f 2319 1699 2320
f 1699 1521 2320
f 2320 1521 2321
f 1521 1730 2321
f 2321 1730 2322
f 1730 1729 2322
f 2322 1729 2323
f 1729 1727 2323
f 2323 1727 2324
f 1727 1725 2324
f 2324 1725 2325
f 1725 1723 2325
f 2325 1723 2326
f 1723 1721 2326
f 2326 1721 2327
f 1721 1719 2327
f 2327 1719 2328
f 1719 1717 2328
f 2328 1717 2329
f 1717 1715 2329
f 2329 1715 2330
f 1715 1713 2330
f 2330 1713 2331
f 1713 1711 2331
f 2331 1711 2332
f 1711 1710 2332
f 2332 1710 2304
f 1710 1709 2304
f 2304 1709 2305
f 1709 1708 2305
f 2333 2334 2335
f 2334 2336 2335
f 2335 2336 2337
f 2336 2338 2337
f 2337 2338 2339
f 2338 2340 2339
f 2339 2340 2341
f 2342 1965 2343
f 1965 2344 2343
f 2343 2344 2333
f 2344 2345 2333
f 2333 2345 2334
f 2340 2346 2341
f 2346 2347 2341
f 2341 2347 2348
f 2347 1961 2348
f 2348 1961 2349
f 1961 1960 2349
f 2349 1960 2350
f 1960 1959 2350
f 2350 1959 2351
f 1959 1946 2351
f 2351 1946 2352
f 1946 1945 2352
f 2352 1945 2353
f 1945 1958 2353
f 2353 1958 2354
f 1958 1957 2354
f 2354 1957 2355
f 1957 1956 2355
f 2355 1956 2356
f 1956 1953 2356
f 2356 1953 2357
f 1953 1954 2357
f 2357 1954 2358
f 1954 1955 2358
f 2358 1955 2359
f 1955 1964 2359
f 2359 1964 2360
f 1964 1963 2360
f 2360 1963 2361
f 1963 1962 2361
f 2361 1962 2362
f 1962 1952 2362
f 2362 1952 2363
f 1952 1951 2363
f 2363 1951 2364
f 1951 1950 2364
f 2364 1950 2365
f 1950 1943 2365
f 2365 1943 2366
f 1943 1942 2366
f 2366 1942 2367
f 1942 1948 2367
f 2367 1948 2368
f 1948 1947 2368
f 2368 1947 2369
f 1947 1967 2369
f 2369 1967 2342
f 1967 1966 2342
f 2342 1966 1965
f 2335 1453 2333
f 1453 1455 2333
f 2333 1455 2343
f 1455 1457 2343
f 2343 1457 2342
f 1457 1459 2342
f 2342 1459 2369
f 1459 1461 2369
f 2369 1461 2368
f 1461 1435 2368
f 2368 1435 2367
f 1435 1446 2367
f 2367 1446 2366
f 1446 1445 2366
f 2366 1445 2365
f 1445 1444 2365
f 2365 1444 2364
f 1444 1427 2364
f 2364 1427 2363
f 1427 1426 2363
f 2363 1426 2362
f 1426 1425 2362
f 2362 1425 2361
f 1425 1424 2361
f 2361 1424 2360
f 1424 1433 2360
f 2360 1433 2359
f 1433 1432 2359
f 2359 1432 2358
f 1432 1431 2358
f 2358 1431 2357
f 1431 1430 2357
f 2357 1430 2356
f 1430 1429 2356
f 2356 1429 2355
f 1429 1428 2355
f 2355 1428 2354
f 1428 1423 2354
f 2354 1423 2353
f 1423 1422 2353
f 2353 1422 2352
f 1422 1443 2352
f 2352 1443 2351
f 1443 1442 2351
f 2351 1442 2350
f 1442 1440 2350
f 2350 1440 2349
f 1440 1439 2349
f 2349 1439 2348
f 1439 1421 2348
f 2348 1421 2341
f 1421 1420 2341
f 2341 1420 2339
f 1420 1449 2339
f 2339 1449 2337
f 1449 1451 2337
f 2337 1451 2335
f 1451 1453 2335
f 2028 2370 2029
f 2370 2371 2029
f 2029 2371 2034
f 2371 2372 2034
f 2034 2372 2035
f 2372 2373 2035
f 2035 2373 2030
f 2373 2374 2030
f 2030 2374 2031
f 2374 2375 2031
f 2031 2375 2032
f 2375 2376 2032
f 2032 2376 2033
f 2376 2377 2033
f 2033 2377 2018
f 2377 2378 2018
f 2018 2378 2019
f 2378 2379 2019
f 2019 2379 2020
f 2379 2380 2020
f 2020 2380 2021
f 2380 2381 2021
f 2021 2381 2014
f 2381 2382 2014
f 2014 2382 2013
f 2382 2383 2013
f 2013 2383 2012
f 2383 2384 2012
f 2012 2384 2008
f 2384 2385 2008
f 2008 2385 2005
f 2385 2386 2005
f 2005 2386 2006
f 2386 2387 2006
f 2006 2387 2009
f 2387 2388 2009
f 2009 2388 2010
f 2388 2389 2010
f 2010 2389 2011
f 2389 2390 2011
f 2011 2390 2015
f 2390 2391 2015
f 2015 2391 2016
f 2391 2392 2016
f 2016 2392 2022
f 2392 2393 2022
f 2022 2393 2023
f 2393 2394 2023
f 2023 2394 2024
f 2394 2395 2024
f 2024 2395 2025
f 2395 2396 2025
f 2025 2396 2026
f 2396 2397 2026
f 2026 2397 2027
f 2397 2398 2027
f 2027 2398 2028
f 2398 2370 2028
f 2371 1664 2372
f 1664 1663 2372
f 2372 1663 2373
f 1663 1661 2373
f 2373 1661 2374
f 1661 1659 2374
f 2374 1659 2375
f 1659 1657 2375
f 2375 1657 2376
f 1657 1655 2376
f 2376 1655 2377
f 1655 1653 2377
f 2377 1653 2378
f 1653 1651 2378
f 2378 1651 2379
f 1651 1649 2379
f 2379 1649 2380
f 1649 1647 2380
f 2380 1647 2381
f 1647 1645 2381
f 2381 1645 2382
f 1645 1643 2382
f 2382 1643 2383
f 1643 1641 2383
f 2383 1641 2384
f 1641 1640 2384
f 2384 1640 2385
f 1640 1638 2385
f 2385 1638 2386
f 1638 1629 2386
f 2386 1629 2387
f 1629 1628 2387
f 2387 1628 2388
f 1628 1627 2388
f 2388 1627 2389
f 1627 1623 2389
f 2389 1623 2390
f 1623 1622 2390
f 2390 1622 2391
f 1622 1626 2391
f 2391 1626 2392
f 1626 1625 2392
f 2392 1625 2393
f 1625 1637 2393
f 2393 1637 2394
f 1637 1636 2394
f 2394 1636 2395
f 1636 1635 2395
f 2395 1635 2396
f 1635 1634 2396
f 2396 1634 2397
f 1634 1633 2397
f 2397 1633 2398
f 1633 1632 2398
f 2398 1632 2370
f 1632 1631 2370
f 2370 1631 2371
f 1631 1664 2371
f 2142 2399 2143
f 2399 2400 2143
f 2143 2400 2147
f 2400 2401 2147
f 2147 2401 2148
f 2401 2402 2148
f 2148 2402 2149
f 2402 2403 2149
f 2149 2403 2150
f 2403 2404 2150
f 2150 2404 2151
f 2404 2405 2151
f 2151 2405 2153
f 2405 2406 2153
f 2153 2406 2154
f 2406 2407 2154
f 2154 2407 2043
f 2407 2408 2043
f 2043 2408 2044
f 2408 2409 2044
f 2044 2409 2049
f 2409 2410 2049
f 2049 2410 2050
f 2410 2411 2050
f 2050 2411 2051
f 2411 2412 2051
f 2051 2412 2045
f 2412 2413 2045
f 2045 2413 2046
f 2413 2414 2046
f 2046 2414 2047
f 2414 2415 2047
f 2047 2415 2048
f 2415 2416 2048
f 2048 2416 2041
f 2416 2417 2041
f 2041 2417 2042
f 2417 2418 2042
f 2042 2418 2052
f 2418 2419 2052
f 2052 2419 2138
f 2419 2420 2138
f 2138 2420 2139
f 2420 2421 2139
f 2139 2421 2140
f 2421 2422 2140
f 2140 2422 2141
f 2422 2423 2141
f 2141 2423 2145
f 2423 2424 2145
f 2145 2424 2146
f 2424 2425 2146
f 2146 2425 2136
f 2425 2426 2136
f 2136 2426 2137
f 2426 2427 2137
f 2137 2427 2142
f 2427 2399 2142
f 2400 1747 2401
f 1747 1746 2401
f 2401 1746 2402
f 1746 1745 2402
f 2402 1745 2403
f 1745 1744 2403
f 2403 1744 2404
f 1744 1743 2404
f 2404 1743 2405
f 1743 1752 2405
f 2405 1752 2406
f 1752 1751 2406
f 2406 1751 2407
f 1751 1750 2407
f 2407 1750 2408
f 1750 1749 2408
f 2408 1749 2409
f 1749 1559 2409
f 2409 1559 2410
f 1559 1560 2410
f 2410 1560 2411
f 1560 1562 2411
f 2411 1562 2412
f 1562 1564 2412
f 2412 1564 2413
f 1564 1566 2413
f 2413 1566 2414
f 1566 1760 2414
f 2414 1760 2415
f 1760 1762 2415
f 2415 1762 2416
f 1762 1764 2416
f 2416 1764 2417
f 1764 1766 2417
f 2417 1766 2418
f 1766 1768 2418
f 2418 1768 2419
f 1768 1769 2419
f 2419 1769 2420
f 1769 1770 2420
f 2420 1770 2421
f 1770 1757 2421
f 2421 1757 2422
f 1757 1756 2422
f 2422 1756 2423
f 1756 1755 2423
f 2423 1755 2424
f 1755 1754 2424
f 2424 1754 2425
f 1754 1753 2425
f 2425 1753 2426
f 1753 1742 2426
f 2426 1742 2427
f 1742 1741 2427
f 2427 1741 2399
f 1741 1748 2399
f 2399 1748 2400
f 1748 1747 2400
f 2108 1339 2096
f 1339 1354 2096
f 2096 1354 2097
f 1354 1353 2097
f 2097 1353 2104
f 1353 1352 2104
f 2104 1352 2098
f 1352 1357 2098
f 2098 1357 2099
f 1357 1356 2099
f 2099 1356 2100
f 1356 1355 2100
f 2100 1355 1886
f 1355 1348 1886
f 1886 1348 1887
f 1348 1350 1887
f 1887 1350 2101
f 1350 1351 2101
f 2101 1351 2102
f 1351 1346 2102
f 2102 1346 2103
f 1346 1345 2103
f 2103 1345 2092
f 1345 1359 2092
f 2092 1359 2093
f 1359 1343 2093
f 2093 1343 2105
f 1343 1342 2105
f 2105 1342 2106
f 1342 1340 2106
f 2106 1340 2108
f 1340 1339 2108
f 2225 1788 2226
f 1788 1787 2226
f 2226 1787 2218
f 1787 1786 2218
f 2218 1786 2219
f 1786 1798 2219
f 2219 1798 2223
f 1798 1797 2223
f 2223 1797 2222
f 1797 1796 2222
f 2222 1796 2220
f 1796 1795 2220
f 2220 1795 2221
f 1795 1794 2221
f 2221 1794 2214
f 1794 1793 2214
f 2214 1793 2215
f 1793 1792 2215
f 2215 1792 2227
f 1792 1791 2227
f 2227 1791 2228
f 1791 1801 2228
f 2228 1801 2229
f 1801 1800 2229
f 2229 1800 2216
f 1800 1799 2216
f 2216 1799 2217
f 1799 1790 2217
f 2217 1790 2224
f 1790 1789 2224
f 2224 1789 2225
f 1789 1788 2225
f 2061 1528 2062
f 1528 1527 2062
f 2062 1527 2064
f 1527 1526 2064
f 2064 1526 2066
f 1526 1541 2066
f 2066 1541 2067
f 1541 1540 2067
f 2067 1540 2069
f 1540 1539 2069
f 2069 1539 2058
f 1539 1538 2058
f 2058 1538 2057
f 1538 1537 2057
f 2057 1537 2056
f 1537 1536 2056
f 2056 1536 2054
f 1536 1534 2054
f 2054 1534 2055
f 1534 1533 2055
f 2055 1533 2059
f 1533 1531 2059
f 2059 1531 2060
f 1531 1530 2060
f 2060 1530 2070
f 1530 1523 2070
f 2070 1523 2071
f 1523 1522 2071
f 2071 1522 2072
f 1522 1529 2072
f 2072 1529 2061
f 1529 1528 2061
f 2126 1777 2127
f 1777 1393 2127
f 2127 1393 2128
f 1393 1392 2128
f 2128 1392 2129
f 1392 1386 2129
f 2129 1386 2130
f 1386 1385 2130
f 2130 1385 2119
f 1385 1388 2119
f 2119 1388 2118
f 1388 1390 2118
f 2118 1390 1880
f 1390 1391 1880
f 1880 1391 1881
f 1391 1780 1881
f 1881 1780 2115
f 1780 1781 2115
f 2115 1781 2120
f 1781 1782 2120
f 2120 1782 2121
f 1782 1785 2121
f 2121 1785 2122
f 1785 1784 2122
f 2122 1784 2123
f 1784 1783 2123
f 2123 1783 2124
f 1783 1779 2124
f 2124 1779 2125
f 1779 1778 2125
f 2125 1778 2126
f 1778 1777 2126
f 1976 1403 1978
f 1403 1405 1978
f 1978 1405 1980
f 1405 1407 1980
f 1980 1407 1981
f 1407 1409 1981
f 1981 1409 1982
f 1409 1410 1982
f 1982 1410 1984
f 1410 1418 1984
f 1984 1418 1985
f 1418 1417 1985
f 1985 1417 1987
f 1417 1416 1987
f 1987 1416 1989
f 1416 1414 1989
f 1989 1414 1990
f 1414 1398 1990
f 1990 1398 1968
f 1398 1397 1968
f 1968 1397 1969
f 1397 1413 1969
f 1969 1413 1970
f 1413 1412 1970
f 1970 1412 1971
f 1412 1411 1971
f 1971 1411 1972
f 1411 1399 1972
f 1972 1399 1974
f 1399 1401 1974
f 1974 1401 1976
f 1401 1403 1976
f 2245 1678 2237
f 1678 1676 2237
f 2237 1676 2238
f 1676 1675 2238
f 2238 1675 2239
f 1675 1669 2239
f 2239 1669 2240
f 1669 1668 2240
f 2240 1668 2241
f 1668 1666 2241
f 2241 1666 2242
f 1666 1673 2242
f 2242 1673 1871
f 1673 1672 1871
f 1871 1672 1872
f 1672 1671 1872
f 1872 1671 2232
f 1671 1670 2232
f 2232 1670 2233
f 1670 1772 2233
f 2233 1772 2234
f 1772 1771 2234
f 2234 1771 2235
f 1771 1776 2235
f 2235 1776 2236
f 1776 1775 2236
f 2236 1775 2243
f 1775 1774 2243
f 2243 1774 2244
f 1774 1773 2244
f 2244 1773 2245
f 1773 1678 2245
f 2428 2429 2430
f 2429 2431 2430
f 2430 2431 2432
f 2431 2433 2432
f 2432 2433 2434
f 2433 2435 2434
f 2434 2435 2436
f 2435 2437 2436
f 2436 2437 2438
f 2437 2439 2438
f 2438 2439 2440
f 2439 2441 2440
f 2440 2441 2442
f 2441 2443 2442
f 2442 2443 2444
f 2443 2445 2444
f 2444 2445 2446
f 2445 2447 2446
f 2446 2447 2448
f 2447 2449 2448
f 2448 2449 2450
f 2449 2451 2450
f 2450 2451 2452
f 2451 2453 2452
f 2452 2453 2454
f 2453 2455 2454
f 2454 2455 2456
f 2455 2457 2456
f 2456 2457 2458
f 2457 2459 2458
f 2458 2459 2460
f 2459 2461 2460
f 2460 2461 2462
f 2461 2463 2462
f 2462 2463 2464
f 2463 2465 2464
f 2464 2465 2466
f 2465 2467 2466
f 2466 2467 2468
f 2467 2469 2468
f 2468 2469 2470
f 2469 2471 2470
f 2470 2471 2472
f 2471 2473 2472
f 2472 2473 2474
f 2473 2475 2474
f 2474 2475 2476
f 2475 2477 2476
f 2476 2477 2478
f 2477 2479 2478
f 2478 2479 2480
f 2479 2481 2480
f 2482 2483 2484
f 2485 2486 2487
f 2486 2488 2487
f 2487 2488 2489
f 2482 2484 2490
f 2491 2492 2454
f 2493 2440 2494
f 2440 2442 2494
f 2494 2442 2495
f 2493 2496 2440
f 2496 2497 2440
f 2440 2497 2438
f 2497 2498 2438
f 2438 2498 2499
f 2476 2500 2501
f 2502 2503 2478
f 2454 2492 2452
f 2492 2504 2452
f 2452 2504 2505
f 2484 2506 2490
f 2506 2507 2490
f 2490 2507 2508
f 2507 2509 2508
f 2508 2509 2510
f 2509 2511 2510
f 2511 2512 2510
f 2510 2512 2513
f 2512 2514 2513
f 2513 2514 2515
f 2514 2516 2515
f 2517 2518 2470
f 2519 2520 2436
f 2480 2521 2514
f 2521 2522 2514
f 2514 2522 2516
f 2478 2503 2476
f 2503 2523 2476
f 2476 2523 2500
f 2517 2470 2524
f 2525 2526 2456
f 2526 2527 2456
f 2456 2527 2454
f 2527 2528 2454
f 2454 2528 2491
f 2529 2530 2450
f 2530 2531 2450
f 2450 2531 2448
f 2531 2532 2448
f 2442 2533 2534
f 2535 2536 2537
f 2514 2538 2480
f 2538 2539 2480
f 2480 2539 2478
f 2539 2540 2478
f 2478 2540 2502
f 2501 2541 2476
f 2541 2542 2476
f 2476 2542 2543
f 2544 2468 2545
f 2468 2470 2545
f 2545 2470 2546
f 2470 2518 2546
f 2544 2547 2468
f 2547 2548 2468
f 2468 2548 2466
f 2548 2549 2466
f 2550 2551 2446
f 2551 2552 2446
f 2446 2552 2444
f 2552 2553 2444
f 2444 2553 2442
f 2553 2554 2442
f 2442 2554 2533
f 2534 2555 2442
f 2555 2556 2442
f 2442 2556 2495
f 2436 2520 2434
f 2520 2557 2434
f 2434 2557 2558
f 2487 2535 2485
f 2535 2434 2485
f 2485 2434 2559
f 2434 2558 2559
f 2537 2560 2535
f 2560 2561 2535
f 2535 2561 2562
f 2428 2430 2535
f 2430 2432 2535
f 2535 2432 2434
f 2452 2563 2450
f 2563 2564 2450
f 2450 2564 2529
f 2532 2565 2448
f 2565 2566 2448
f 2448 2566 2446
f 2566 2567 2446
f 2446 2567 2568
f 2562 2569 2535
f 2569 2570 2535
f 2535 2570 2428
f 2543 2571 2476
f 2571 2572 2476
f 2476 2572 2474
f 2572 2573 2474
f 2474 2573 2472
f 2573 2574 2472
f 2472 2574 2470
f 2574 2575 2470
f 2470 2575 2576
f 2577 2578 2436
f 2578 2579 2436
f 2436 2579 2519
f 2464 2580 2462
f 2580 2581 2462
f 2462 2581 2460
f 2581 2582 2460
f 2460 2582 2458
f 2582 2583 2458
f 2458 2583 2456
f 2583 2584 2456
f 2584 2585 2456
f 2456 2585 2586
f 2499 2587 2438
f 2587 2588 2438
f 2438 2588 2436
f 2588 2589 2436
f 2436 2589 2577
f 2576 2590 2470
f 2590 2591 2470
f 2470 2591 2524
f 2466 2592 2464
f 2592 2593 2464
f 2464 2593 2580
f 2586 2594 2456
f 2594 2595 2456
f 2456 2595 2525
f 2568 2596 2446
f 2596 2597 2446
f 2446 2597 2550
f 2549 2598 2466
f 2598 2599 2466
f 2466 2599 2600
f 2601 2602 2452
f 2602 2603 2452
f 2452 2603 2604
f 2600 2605 2466
f 2605 2606 2466
f 2466 2606 2592
f 2505 2607 2452
f 2607 2608 2452
f 2452 2608 2609
f 2604 2610 2452
f 2610 2611 2452
f 2452 2611 2563
f 2609 2612 2452
f 2612 2613 2452
f 2452 2613 2601
f 2480 2481 2521
f 2481 2614 2521
f 2521 2614 2522
f 2614 2615 2522
f 2522 2615 2516
f 2615 2616 2516
f 2516 2616 2515
f 2616 2617 2515
f 2515 2617 2513
f 2617 2618 2513
f 2513 2618 2510
f 2618 2619 2510
f 2510 2619 2508
f 2619 2620 2508
f 2536 2621 2537
f 2621 2622 2537
f 2537 2622 2560
f 2622 2623 2560
f 2560 2623 2561
f 2623 2624 2561
f 2561 2624 2562
f 2624 2625 2562
f 2562 2625 2569
f 2625 2626 2569
f 2569 2626 2570
f 2626 2627 2570
f 2570 2627 2428
f 2627 2429 2428
f 2621 2536 2628
f 2536 2535 2628
f 2629 2490 2620
f 2490 2508 2620
f 2630 1462 2631
f 1462 1460 2631
f 2631 1460 2632
f 1460 1458 2632
f 2632 1458 2633
f 1458 1456 2633
f 2633 1456 2634
f 1456 1454 2634
f 2634 1454 2635
f 1454 1452 2635
f 2635 1452 2636
f 1452 1450 2636
f 2636 1450 2637
f 1450 1448 2637
f 2637 1448 2638
f 1448 1447 2638
f 2638 1447 2639
f 1447 1438 2639
f 2639 1438 2640
f 1438 1437 2640
f 2641 2642 2643
f 2644 2645 2641
f 2645 2646 2641
f 2641 2646 2642
f 2647 2648 2649
f 2648 2650 2649
f 2649 2650 2651
f 2643 2652 2641
f 2652 2653 2641
f 2641 2653 2649
f 2653 2654 2649
f 2649 2654 2647
f 2651 2655 2649
f 2655 2656 2649
f 2649 2656 2657
f 2658 2659 2660
f 2659 2661 2660
f 2660 2661 2641
f 2661 2662 2641
f 2641 2662 2644
f 2663 2664 2665
f 2664 2666 2665
f 2665 2666 2667
f 2668 2669 2660
f 2669 2670 2660
f 2660 2670 2658
f 2657 2671 2649
f 2671 2672 2649
f 2649 2672 2665
f 2672 2673 2665
f 2665 2673 2663
f 2667 2674 2665
f 2674 2675 2665
f 2665 2675 2660
f 2675 2676 2660
f 2660 2676 2668
f 2677 2678 2679
f 2680 2681 2682
f 2681 2683 2682
f 2682 2683 2684
f 2685 2686 2687
f 2688 2689 2690
f 2689 2691 2690
f 2690 2691 2692
f 2691 2693 2692
f 2692 2693 2694
f 2688 2690 2695
f 2690 2696 2695
f 2695 2696 2697
f 2698 2699 2700
f 2694 2701 2692
f 2701 2702 2692
f 2692 2702 2683
f 2702 2703 2683
f 2683 2703 2684
f 2700 2704 2698
f 2704 2705 2698
f 2698 2705 2706
f 2707 2708 2709
f 2706 2710 2698
f 2710 2711 2698
f 2698 2711 2696
f 2711 2712 2696
f 2696 2712 2697
f 2713 2714 2699
f 2714 2715 2699
f 2699 2715 2700
f 2685 2687 2716
f 2687 2717 2716
f 2716 2717 2718
f 2719 2720 2717
f 2720 2721 2717
f 2717 2721 2718
f 2709 2722 2707
f 2722 2723 2707
f 2707 2723 2719
f 2723 2724 2719
f 2719 2724 2720
f 2725 2726 2727
f 2726 2728 2727
f 2727 2728 2713
f 2728 2729 2713
f 2713 2729 2714
f 2730 2731 2732
f 2731 2687 2732
f 2732 2687 2733
f 2687 2686 2733
f 2725 2727 2734
f 2727 2735 2734
f 2734 2735 2736
f 2730 2737 2731
f 2737 2738 2731
f 2731 2738 2735
f 2738 2739 2735
f 2735 2739 2736
f 2740 2741 2742
f 2741 2743 2742
f 2742 2743 2707
f 2743 2744 2707
f 2707 2744 2708
f 2679 2745 2677
f 2745 2746 2677
f 2677 2746 2742
f 2746 2747 2742
f 2742 2747 2740
f 2748 2749 2750
f 2749 2751 2750
f 2481 2752 2614
f 2752 2753 2614
f 2614 2753 2615
f 2753 2754 2615
f 2615 2754 2616
f 2754 2755 2616
f 2616 2755 2617
f 2755 2756 2617
f 2617 2756 2618
f 2756 2757 2618
f 2618 2757 2619
f 2757 2758 2619
f 2619 2758 2620
f 2758 2759 2620
f 2429 2760 2431
f 2760 2761 2431
f 2431 2761 2433
f 2761 2762 2433
f 2433 2762 2435
f 2762 2763 2435
f 2435 2763 2437
f 2763 2764 2437
f 2437 2764 2439
f 2764 2765 2439
f 2439 2765 2441
f 2765 2766 2441
f 2441 2766 2443
f 2766 2767 2443
f 2443 2767 2445
f 2767 2768 2445
f 2445 2768 2447
f 2768 2769 2447
f 2447 2769 2449
f 2769 2770 2449
f 2449 2770 2451
f 2770 2771 2451
f 2451 2771 2453
f 2771 2772 2453
f 2453 2772 2455
f 2772 2773 2455
f 2455 2773 2457
f 2773 2774 2457
f 2457 2774 2459
f 2774 2775 2459
f 2459 2775 2461
f 2775 2776 2461
f 2461 2776 2463
f 2776 2777 2463
f 2463 2777 2465
f 2777 2778 2465
f 2465 2778 2467
f 2778 2779 2467
f 2467 2779 2469
f 2779 2780 2469
f 2469 2780 2471
f 2780 2781 2471
f 2471 2781 2473
f 2781 2782 2473
f 2473 2782 2475
f 2782 2783 2475
f 2475 2783 2477
f 2783 2784 2477
f 2477 2784 2479
f 2784 2785 2479
f 2479 2785 2481
f 2785 2752 2481
f 2621 2786 2622
f 2786 2787 2622
f 2622 2787 2623
f 2787 2788 2623
f 2623 2788 2624
f 2788 2789 2624
f 2624 2789 2625
f 2789 2790 2625
f 2625 2790 2626
f 2790 2791 2626
f 2626 2791 2627
f 2791 2792 2627
f 2627 2792 2429
f 2792 2760 2429
f 2793 2794 2795
f 2794 2796 2795
f 2795 2796 2797
f 2793 2795 2798
f 2795 2799 2798
f 2798 2799 2800
f 2799 2801 2800
f 2800 2801 2802
f 2665 2660 2803
f 2803 2804 2665
f 2804 2805 2665
f 2665 2805 2801
f 2805 2806 2801
f 2801 2806 2802
f 2807 2808 2809
f 2807 2810 2811
f 2812 2810 2807
f 2809 2812 2807
f 2807 2813 2814
f 2815 2813 2807
f 2811 2815 2807
f 2807 2816 2817
f 2818 2816 2807
f 2814 2818 2807
f 2807 2819 2820
f 2821 2819 2807
f 2817 2821 2807
f 2807 2822 2823
f 2824 2822 2807
f 2820 2824 2807
f 2807 2825 2826
f 2827 2825 2807
f 2823 2827 2807
f 2807 2828 2829
f 2830 2828 2807
f 2826 2830 2807
f 2807 2831 2832
f 2833 2831 2807
f 2829 2833 2807
f 2807 2834 2835
f 2836 2834 2807
f 2832 2836 2807
f 2835 2808 2807
f 2808 2837 2809
f 2837 2838 2809
f 2809 2838 2812
f 2838 2839 2812
f 2812 2839 2810
f 2839 2840 2810
f 2810 2840 2811
f 2840 2841 2811
f 2811 2841 2815
f 2841 2842 2815
f 2815 2842 2813
f 2842 2843 2813
f 2813 2843 2814
f 2843 2844 2814
f 2814 2844 2818
f 2844 2845 2818
f 2818 2845 2816
f 2845 2846 2816
f 2816 2846 2817
f 2846 2847 2817
f 2817 2847 2821
f 2847 2848 2821
f 2821 2848 2819
f 2848 2849 2819
f 2819 2849 2820
f 2849 2850 2820
f 2820 2850 2824
f 2850 2851 2824
f 2824 2851 2822
f 2851 2852 2822
f 2822 2852 2823
f 2852 2853 2823
f 2823 2853 2827
f 2853 2854 2827
f 2827 2854 2825
f 2854 2855 2825
f 2825 2855 2826
f 2855 2856 2826
f 2826 2856 2830
f 2856 2857 2830
f 2830 2857 2828
f 2857 2858 2828
f 2828 2858 2829
f 2858 2859 2829
f 2829 2859 2833
f 2859 2860 2833
f 2833 2860 2831
f 2860 2861 2831
f 2831 2861 2832
f 2861 2862 2832
f 2832 2862 2836
f 2862 2863 2836
f 2836 2863 2834
f 2863 2864 2834
f 2834 2864 2835
f 2864 2865 2835
f 2835 2865 2808
f 2865 2837 2808
f 2844 2843 2866
f 2866 2867 2844
f 2867 2868 2844
f 2844 2868 2845
f 2868 2869 2845
f 2845 2869 2846
f 2869 2870 2846
f 2846 2870 2847
f 2870 2871 2847
f 2847 2871 2848
f 2871 2872 2848
f 2848 2872 2849
f 2872 2873 2849
f 2849 2873 2850
f 2873 2874 2850
f 2850 2874 2851
f 2874 2875 2851
f 2851 2875 2852
f 2875 2876 2852
f 2852 2876 2853
f 2876 2877 2853
f 2853 2877 2854
f 2877 2878 2854
f 2854 2878 2855
f 2878 2879 2855
f 2855 2879 2856
f 2879 2880 2856
f 2856 2880 2857
f 2880 2881 2857
f 2857 2881 2858
f 2881 2882 2858
f 2858 2882 2859
f 2882 2883 2859
f 2859 2883 2860
f 2883 2884 2860
f 2860 2884 2861
f 2884 2885 2861
f 2861 2885 2862
f 2885 2886 2862
f 2862 2886 2863
f 2886 2887 2863
f 2863 2887 2864
f 2887 2888 2864
f 2864 2888 2865
f 2888 2889 2865
f 2865 2889 2837
f 2889 2890 2837
f 2837 2890 2838
f 2890 2891 2838
f 2838 2891 2839
f 2891 2892 2839
f 2839 2892 2840
f 2892 2893 2840
f 2840 2893 2841
f 2893 2894 2841
f 2841 2894 2842
f 2894 2895 2842
f 2842 2895 2843
f 2895 2896 2843
f 2843 2896 2866
f 2897 2898 2899
f 2897 2900 2901
f 2902 2900 2897
f 2899 2902 2897
f 2897 2903 2904
f 2905 2903 2897
f 2901 2905 2897
f 2897 2906 2907
f 2908 2906 2897
f 2904 2908 2897
f 2897 2909 2910
f 2911 2909 2897
f 2907 2911 2897
f 2897 2912 2913
f 2914 2912 2897
f 2910 2914 2897
f 2897 2915 2916
f 2917 2915 2897
f 2913 2917 2897
f 2897 2918 2919
f 2920 2918 2897
f 2916 2920 2897
f 2897 2921 2922
f 2923 2921 2897
f 2919 2923 2897
f 2897 2924 2925
f 2926 2924 2897
f 2922 2926 2897
f 2925 2898 2897
f 2898 2927 2899
f 2927 2928 2899
f 2899 2928 2902
f 2928 2929 2902
f 2902 2929 2900
f 2929 2930 2900
f 2900 2930 2901
f 2930 2931 2901
f 2901 2931 2905
f 2931 2932 2905
f 2905 2932 2903
f 2932 2933 2903
f 2903 2933 2904
f 2933 2934 2904
f 2904 2934 2908
f 2934 2935 2908
f 2908 2935 2906
f 2935 2936 2906
f 2906 2936 2907
f 2936 2937 2907
f 2907 2937 2911
f 2937 2938 2911
f 2911 2938 2909
f 2938 2939 2909
f 2909 2939 2910
f 2939 2940 2910
f 2910 2940 2914
f 2940 2941 2914
f 2914 2941 2912
f 2941 2942 2912
f 2912 2942 2913
f 2942 2943 2913
f 2913 2943 2917
f 2943 2944 2917
f 2917 2944 2915
f 2944 2945 2915
f 2915 2945 2916
f 2945 2946 2916
f 2916 2946 2920
f 2946 2947 2920
f 2920 2947 2918
f 2947 2948 2918
f 2918 2948 2919
f 2948 2949 2919
f 2919 2949 2923
f 2949 2950 2923
f 2923 2950 2921
f 2950 2951 2921
f 2921 2951 2922
f 2951 2952 2922
f 2922 2952 2926
f 2952 2953 2926
f 2926 2953 2924
f 2953 2954 2924
f 2924 2954 2925
f 2954 2955 2925
f 2925 2955 2898
f 2955 2927 2898
f 2949 2948 2956
f 2956 2957 2949
f 2957 2958 2949
f 2949 2958 2950
f 2958 2959 2950
f 2950 2959 2951
f 2959 2960 2951
f 2951 2960 2952
f 2960 2961 2952
f 2952 2961 2953
f 2961 2962 2953
f 2953 2962 2954
f 2962 2963 2954
f 2954 2963 2955
f 2963 2964 2955
f 2955 2964 2927
f 2964 2965 2927
f 2927 2965 2928
f 2965 2966 2928
f 2928 2966 2929
f 2966 2967 2929
f 2929 2967 2930
f 2967 2968 2930
f 2930 2968 2931
f 2968 2969 2931
f 2931 2969 2932
f 2969 2970 2932
f 2932 2970 2933
f 2970 2971 2933
f 2933 2971 2934
f 2971 2972 2934
f 2934 2972 2935
f 2972 2973 2935
f 2935 2973 2936
f 2973 2974 2936
f 2936 2974 2937
f 2974 2975 2937
f 2937 2975 2938
f 2975 2976 2938
f 2938 2976 2939
f 2976 2977 2939
f 2939 2977 2940
f 2977 2978 2940
f 2940 2978 2941
f 2978 2979 2941
f 2941 2979 2942
f 2979 2980 2942
f 2942 2980 2943
f 2980 2981 2943
f 2943 2981 2944
f 2981 2982 2944
f 2944 2982 2945
f 2982 2983 2945
f 2945 2983 2946
f 2983 2984 2946
f 2946 2984 2947
f 2984 2985 2947
f 2947 2985 2948
f 2985 2986 2948
f 2948 2986 2956
f 2987 2988 2989
f 2987 2990 2991
f 2992 2990 2987
f 2989 2992 2987
f 2987 2993 2994
f 2995 2993 2987
f 2991 2995 2987
f 2987 2996 2997
f 2998 2996 2987
f 2994 2998 2987
f 2987 2999 3000
f 3001 2999 2987
f 2997 3001 2987
f 2987 3002 3003
f 3004 3002 2987
f 3000 3004 2987
f 2987 3005 3006
f 3007 3005 2987
f 3003 3007 2987
f 2987 3008 3009
f 3010 3008 2987
f 3006 3010 2987
f 2987 3011 3012
f 3013 3011 2987
f 3009 3013 2987
f 2987 3014 3015
f 3016 3014 2987
f 3012 3016 2987
f 3015 2988 2987
f 2988 3017 2989
f 3017 3018 2989
f 2989 3018 2992
f 3018 3019 2992
f 2992 3019 2990
f 3019 3020 2990
f 2990 3020 2991
f 3020 3021 2991
f 2991 3021 2995
f 3021 3022 2995
f 2995 3022 2993
f 3022 3023 2993
f 2993 3023 2994
f 3023 3024 2994
f 2994 3024 2998
f 3024 3025 2998
f 2998 3025 2996
f 3025 3026 2996
f 2996 3026 2997
f 3026 3027 2997
f 2997 3027 3001
f 3027 3028 3001
f 3001 3028 2999
f 3028 3029 2999
f 2999 3029 3000
f 3029 3030 3000
f 3000 3030 3004
f 3030 3031 3004
f 3004 3031 3002
f 3031 3032 3002
f 3002 3032 3003
f 3032 3033 3003
f 3003 3033 3007
f 3033 3034 3007
f 3007 3034 3005
f 3034 3035 3005
f 3005 3035 3006
f 3035 3036 3006
f 3006 3036 3010
f 3036 3037 3010
f 3010 3037 3008
f 3037 3038 3008
f 3008 3038 3009
f 3038 3039 3009
f 3009 3039 3013
f 3039 3040 3013
f 3013 3040 3011
f 3040 3041 3011
f 3011 3041 3012
f 3041 3042 3012
f 3012 3042 3016
f 3042 3043 3016
f 3016 3043 3014
f 3043 3044 3014
f 3014 3044 3015
f 3044 3045 3015
f 3015 3045 2988
f 3045 3017 2988
f 3039 3038 3046
f 3046 3047 3039
f 3047 3048 3039
f 3039 3048 3040
f 3048 3049 3040
f 3040 3049 3041
f 3049 3050 3041
f 3041 3050 3042
f 3050 3051 3042
f 3042 3051 3043
f 3051 3052 3043
f 3043 3052 3044
f 3052 3053 3044
f 3044 3053 3045
f 3053 3054 3045
f 3045 3054 3017
f 3054 3055 3017
f 3017 3055 3018
f 3055 3056 3018
f 3018 3056 3019
f 3056 3057 3019
f 3019 3057 3020
f 3057 3058 3020
f 3020 3058 3021
f 3058 3059 3021
f 3021 3059 3022
f 3059 3060 3022
f 3022 3060 3023
f 3060 3061 3023
f 3023 3061 3024
f 3061 3062 3024
f 3024 3062 3025
f 3062 3063 3025
f 3025 3063 3026
f 3063 3064 3026
f 3026 3064 3027
f 3064 3065 3027
f 3027 3065 3028
f 3065 3066 3028
f 3028 3066 3029
f 3066 3067 3029
f 3029 3067 3030
f 3067 3068 3030
f 3030 3068 3031
f 3068 3069 3031
f 3031 3069 3032
f 3069 3070 3032
f 3032 3070 3033
f 3070 3071 3033
f 3033 3071 3034
f 3071 3072 3034
f 3034 3072 3035
f 3072 3073 3035
f 3035 3073 3036
f 3073 3074 3036
f 3036 3074 3037
f 3074 3075 3037
f 3037 3075 3038
f 3075 3076 3038
f 3038 3076 3046
f 3077 3078 3079
f 3077 3080 3081
f 3082 3080 3077
f 3079 3082 3077
f 3077 3083 3084
f 3085 3083 3077
f 3081 3085 3077
f 3077 3086 3087
f 3088 3086 3077
f 3084 3088 3077
f 3077 3089 3090
f 3091 3089 3077
f 3087 3091 3077
f 3077 3092 3093
f 3094 3092 3077
f 3090 3094 3077
f 3077 3095 3096
f 3097 3095 3077
f 3093 3097 3077
f 3077 3098 3099
f 3100 3098 3077
f 3096 3100 3077
f 3077 3101 3102
f 3103 3101 3077
f 3099 3103 3077
f 3077 3104 3105
f 3106 3104 3077
f 3102 3106 3077
f 3105 3078 3077
f 3078 3107 3079
f 3107 3108 3079
f 3079 3108 3082
f 3108 3109 3082
f 3082 3109 3080
f 3109 3110 3080
f 3080 3110 3081
f 3110 3111 3081
f 3081 3111 3085
f 3111 3112 3085
f 3085 3112 3083
f 3112 3113 3083
f 3083 3113 3084
f 3113 3114 3084
f 3084 3114 3088
f 3114 3115 3088
f 3088 3115 3086
f 3115 3116 3086
f 3086 3116 3087
f 3116 3117 3087
f 3087 3117 3091
f 3117 3118 3091
f 3091 3118 3089
f 3118 3119 3089
f 3089 3119 3090
f 3119 3120 3090
f 3090 3120 3094
f 3120 3121 3094
f 3094 3121 3092
f 3121 3122 3092
f 3092 3122 3093
f 3122 3123 3093
f 3093 3123 3097
f 3123 3124 3097
f 3097 3124 3095
f 3124 3125 3095
f 3095 3125 3096
f 3125 3126 3096
f 3096 3126 3100
f 3126 3127 3100
f 3100 3127 3098
f 3127 3128 3098
f 3098 3128 3099
f 3128 3129 3099
f 3099 3129 3103
f 3129 3130 3103
f 3103 3130 3101
f 3130 3131 3101
f 3101 3131 3102
f 3131 3132 3102
f 3102 3132 3106
f 3132 3133 3106
f 3106 3133 3104
f 3133 3134 3104
f 3104 3134 3105
f 3134 3135 3105
f 3105 3135 3078
f 3135 3107 3078
f 3114 3113 3136
f 3136 3137 3114
f 3137 3138 3114
f 3114 3138 3115
f 3138 3139 3115
f 3115 3139 3116
f 3139 3140 3116
f 3116 3140 3117
f 3140 3141 3117
f 3117 3141 3118
f 3141 3142 3118
f 3118 3142 3119
f 3142 3143 3119
f 3119 3143 3120
f 3143 3144 3120
f 3120 3144 3121
f 3144 3145 3121
f 3121 3145 3122
f 3145 3146 3122
f 3122 3146 3123
f 3146 3147 3123
f 3123 3147 3124
f 3147 3148 3124
f 3124 3148 3125
f 3148 3149 3125
f 3125 3149 3126
f 3149 3150 3126
f 3126 3150 3127
f 3150 3151 3127
f 3127 3151 3128
f 3151 3152 3128
f 3128 3152 3129
f 3152 3153 3129
f 3129 3153 3130
f 3153 3154 3130
f 3130 3154 3131
f 3154 3155 3131
f 3131 3155 3132
f 3155 3156 3132
f 3132 3156 3133
f 3156 3157 3133
f 3133 3157 3134
f 3157 3158 3134
f 3134 3158 3135
f 3158 3159 3135
f 3135 3159 3107
f 3159 3160 3107
f 3107 3160 3108
f 3160 3161 3108
f 3108 3161 3109
f 3161 3162 3109
f 3109 3162 3110
f 3162 3163 3110
f 3110 3163 3111
f 3163 3164 3111
f 3111 3164 3112
f 3164 3165 3112
f 3112 3165 3113
f 3165 3166 3113
f 3113 3166 3136
f 3167 3168 3169
f 3167 3170 3171
f 3172 3170 3167
f 3169 3172 3167
f 3167 3173 3174
f 3175 3173 3167
f 3171 3175 3167
f 3167 3176 3177
f 3178 3176 3167
f 3174 3178 3167
f 3167 3179 3180
f 3181 3179 3167
f 3177 3181 3167
f 3167 3182 3183
f 3184 3182 3167
f 3180 3184 3167
f 3167 3185 3186
f 3187 3185 3167
f 3183 3187 3167
f 3167 3188 3189
f 3190 3188 3167
f 3186 3190 3167
f 3167 3191 3192
f 3193 3191 3167
f 3189 3193 3167
f 3167 3194 3195
f 3196 3194 3167
f 3192 3196 3167
f 3195 3168 3167
f 3168 3197 3169
f 3197 3198 3169
f 3169 3198 3172
f 3198 3199 3172
f 3172 3199 3170
f 3199 3200 3170
f 3170 3200 3171
f 3200 3201 3171
f 3171 3201 3175
f 3201 3202 3175
f 3175 3202 3173
f 3202 3203 3173
f 3173 3203 3174
f 3203 3204 3174
f 3174 3204 3178
f 3204 3205 3178
f 3178 3205 3176
f 3205 3206 3176
f 3176 3206 3177
f 3206 3207 3177
f 3177 3207 3181
f 3207 3208 3181
f 3181 3208 3179
f 3208 3209 3179
f 3179 3209 3180
f 3209 3210 3180
f 3180 3210 3184
f 3210 3211 3184
f 3184 3211 3182
f 3211 3212 3182
f 3182 3212 3183
f 3212 3213 3183
f 3183 3213 3187
f 3213 3214 3187
f 3187 3214 3185
f 3214 3215 3185
f 3185 3215 3186
f 3215 3216 3186
f 3186 3216 3190
f 3216 3217 3190
f 3190 3217 3188
f 3217 3218 3188
f 3188 3218 3189
f 3218 3219 3189
f 3189 3219 3193
f 3219 3220 3193
f 3193 3220 3191
f 3220 3221 3191
f 3191 3221 3192
f 3221 3222 3192
f 3192 3222 3196
f 3222 3223 3196
f 3196 3223 3194
f 3223 3224 3194
f 3194 3224 3195
f 3224 3225 3195
f 3195 3225 3168
f 3225 3197 3168
f 3226 3211 3210
f 3211 3226 3212
f 3226 3227 3212
f 3227 3228 3212
f 3212 3228 3213
f 3228 3229 3213
f 3213 3229 3214
f 3229 3230 3214
f 3214 3230 3215
f 3230 3231 3215
f 3215 3231 3216
f 3231 3232 3216
f 3216 3232 3217
f 3232 3233 3217
f 3217 3233 3218
f 3233 3234 3218
f 3218 3234 3219
f 3234 3235 3219
f 3219 3235 3220
f 3235 3236 3220
f 3220 3236 3221
f 3236 3237 3221
f 3221 3237 3222
f 3237 3238 3222
f 3222 3238 3223
f 3238 3239 3223
f 3223 3239 3224
f 3239 3240 3224
f 3224 3240 3225
f 3240 3241 3225
f 3225 3241 3197
f 3241 3242 3197
f 3197 3242 3198
f 3242 3243 3198
f 3198 3243 3199
f 3243 3244 3199
f 3199 3244 3200
f 3244 3245 3200
f 3200 3245 3201
f 3245 3246 3201
f 3201 3246 3202
f 3246 3247 3202
f 3202 3247 3203
f 3247 3248 3203
f 3203 3248 3204
f 3248 3249 3204
f 3204 3249 3205
f 3249 3250 3205
f 3205 3250 3206
f 3250 3251 3206
f 3206 3251 3207
f 3251 3252 3207
f 3207 3252 3208
f 3252 3253 3208
f 3208 3253 3209
f 3253 3254 3209
f 3209 3254 3210
f 3254 3255 3210
f 3210 3255 3226
f 2794 3256 3257
f 3258 2797 3257
f 2797 2796 3257
f 3257 2796 2794
f 3259 3260 3261
f 3260 3258 3261
f 3261 3258 3262
f 3258 3257 3262
f 3263 3264 3265
f 3264 3266 3265
f 3265 3266 3267
f 3266 3268 3267
f 3267 3268 3269
f 3268 3270 3269
f 3264 3271 3266
f 3271 3272 3266
f 3266 3272 3268
f 3272 3273 3268
f 3268 3273 3270
f 3274 3275 3276
f 3275 3277 3276
f 3276 3277 3278
f 3277 3279 3278
f 3278 3279 3280
f 3279 3281 3280
f 3280 3281 3282
f 3281 3283 3282
f 3282 3283 3284
f 3283 3285 3284
f 3284 3285 3286
f 3285 3287 3286
f 3286 3287 3288
f 3287 3289 3288
f 3288 3289 3290
f 3289 3291 3290
f 3290 3291 3292
f 3291 3293 3292
f 3292 3293 3294
f 3293 3295 3294
f 3294 3295 3296
f 3256 3297 3257
f 3297 3298 3257
f 3257 3298 3262
f 3298 3299 3262
f 3262 3299 3261
f 3299 3300 3261
f 3261 3300 3259
f 3300 3301 3259
f 3259 3301 3302
f 3301 3303 3302
f 3302 3303 3304
f 3303 3305 3304
f 3304 3305 3306
f 3305 3307 3306
f 3306 3307 3308
f 3307 3309 3308
f 3308 3309 3310
f 3309 3311 3310
f 3310 3311 3312
f 3311 3313 3312
f 3312 3313 3314
f 3313 3315 3314
f 3314 3315 3316
f 3315 3317 3316
f 3316 3317 3263
f 3297 3274 3298
f 3274 3276 3298
f 3298 3276 3299
f 3276 3278 3299
f 3299 3278 3300
f 3278 3280 3300
f 3300 3280 3301
f 3280 3282 3301
f 3301 3282 3303
f 3282 3284 3303
f 3303 3284 3305
f 3284 3286 3305
f 3305 3286 3307
f 3286 3288 3307
f 3307 3288 3309
f 3288 3290 3309
f 3309 3290 3311
f 3290 3292 3311
f 3311 3292 3313
f 3292 3294 3313
f 3313 3294 3315
f 3294 3296 3315
f 3315 3296 3317
f 3296 3318 3317
f 3319 3320 3321
f 3320 3322 3321
f 3321 3322 3323
f 3322 3324 3323
f 3323 3324 3325
f 3324 3326 3325
f 3325 3326 3327
f 3328 3329 3330
f 3329 3331 3330
f 3330 3331 3332
f 3331 3333 3332
f 3332 3333 3319
f 3333 3334 3319
f 3319 3334 3320
f 3335 3336 3337
f 3336 3338 3337
f 3337 3338 3339
f 3338 3340 3339
f 3339 3340 3341
f 3340 3342 3341
f 3341 3342 3343
f 3342 3344 3343
f 3343 3344 3345
f 3344 3346 3345
f 3345 3346 3347
f 3346 3348 3347
f 3347 3348 3349
f 3348 3350 3349
f 3349 3350 3351
f 3352 3353 3354
f 3353 3355 3354
f 3354 3355 3356
f 3355 3357 3356
f 3356 3357 3358
f 3359 3360 3361
f 3326 3362 3327
f 3362 3363 3327
f 3327 3363 3364
f 3363 3365 3364
f 3364 3365 3366
f 3365 3367 3366
f 3366 3367 3360
f 3367 3368 3360
f 3360 3368 3361
f 3369 3370 3371
f 3370 3372 3371
f 3371 3372 3373
f 3350 3374 3351
f 3374 3375 3351
f 3351 3375 3376
f 3375 3373 3376
f 3376 3373 3377
f 3373 3372 3377
f 3263 3317 3264
f 3317 3318 3264
f 3264 3318 3271
f 3318 3357 3271
f 3271 3357 3272
f 3357 3355 3272
f 3272 3355 3273
f 3355 3353 3273
f 3273 3353 3270
f 3352 3270 3353
f 3336 3328 3338
f 3328 3330 3338
f 3338 3330 3340
f 3330 3332 3340
f 3340 3332 3342
f 3332 3319 3342
f 3342 3319 3344
f 3319 3321 3344
f 3344 3321 3346
f 3321 3323 3346
f 3346 3323 3348
f 3323 3325 3348
f 3348 3325 3350
f 3325 3327 3350
f 3350 3327 3374
f 3327 3364 3374
f 3374 3364 3375
f 3364 3366 3375
f 3375 3366 3373
f 3366 3360 3373
f 3373 3360 3371
f 3360 3359 3371
f 3371 3359 3369
f 3275 3335 3277
f 3335 3337 3277
f 3277 3337 3279
f 3337 3339 3279
f 3279 3339 3281
f 3339 3341 3281
f 3281 3341 3283
f 3341 3343 3283
f 3283 3343 3285
f 3343 3345 3285
f 3285 3345 3287
f 3345 3347 3287
f 3287 3347 3289
f 3347 3349 3289
f 3289 3349 3291
f 3349 3351 3291
f 3291 3351 3293
f 3351 3376 3293
f 3293 3376 3295
f 3376 3377 3295
f 3295 3377 3296
f 3377 3372 3296
f 3296 3372 3318
f 3372 3370 3318
f 3318 3370 3357
f 3370 3369 3357
f 3357 3369 3358
f 3369 3359 3358
f 3358 3359 3378
f 3359 3361 3378
f 3379 2800 2802
f 3275 3274 3380
f 3297 3256 3379
f 3380 3274 3381
f 3381 3382 3380
f 3382 3383 3380
f 3380 3383 3275
f 3383 3335 3275
f 3256 2794 2793
f 3384 3385 3386
f 3385 3387 3386
f 3386 3387 3388
f 3387 3389 3388
f 3390 3391 3392
f 3391 3328 3392
f 3336 3335 3393
f 3335 3383 3393
f 3393 3383 3394
f 3383 3382 3394
f 3394 3382 3395
f 3382 3396 3395
f 3395 3396 3397
f 3396 3398 3397
f 3397 3398 3399
f 3398 3400 3399
f 3399 3400 3401
f 3402 3403 3391
f 3403 3329 3391
f 3391 3329 3328
f 3402 3391 3404
f 3391 3390 3404
f 3404 3390 3389
f 3390 3405 3389
f 3389 3405 3388
f 3401 3400 3406
f 3400 2803 3406
f 3406 2803 2660
f 3256 2793 3379
f 2793 2798 3379
f 3379 2798 2800
f 3274 3297 3381
f 3297 3379 3381
f 3381 3379 3382
f 3379 2802 3382
f 3382 2802 3396
f 2802 2806 3396
f 3396 2806 3398
f 2806 2805 3398
f 3398 2805 3400
f 2805 2804 3400
f 3400 2804 2803
f 3328 3336 3392
f 3336 3393 3392
f 3392 3393 3390
f 3393 3394 3390
f 3390 3394 3405
f 3394 3395 3405
f 3405 3395 3388
f 3395 3397 3388
f 3388 3397 3386
f 3397 3399 3386
f 3386 3399 3384
f 3399 3401 3384
f 2660 2641 3406
f 2641 3407 3406
f 3406 3407 3401
f 3401 3407 3384
f 3407 3408 3384
f 3384 3408 3385
f 3409 3410 3411
f 3410 3412 3411
f 3411 3412 3413
f 3413 3412 3414
f 3412 2751 3414
f 3414 2751 2749
f 3415 3416 3417
f 3418 3419 3420
f 3419 3421 3420
f 3420 3421 3422
f 3421 3423 3422
f 3422 3423 3424
f 3415 3417 3425
f 3417 3426 3425
f 3425 3426 3427
f 3428 3429 3426
f 3429 3430 3426
f 3426 3430 3427
f 3428 3431 3429
f 3431 3432 3429
f 3429 3432 3433
f 3433 3432 3434
f 3432 3435 3434
f 3434 3435 3436
f 3436 3435 3437
f 3435 3438 3437
f 3437 3438 3439
f 3438 3440 3439
f 3439 3440 3441
f 3441 3440 3442
f 3440 3443 3442
f 3442 3443 3444
f 3445 3446 3447
f 3446 3448 3447
f 3447 3448 3449
f 3449 3448 3450
f 3448 3451 3450
f 3450 3451 3452
f 3452 3451 3453
f 3451 3454 3453
f 3453 3454 3455
f 3456 3457 3458
f 3457 3459 3458
f 3458 3459 3460
f 3459 3461 3460
f 3460 3461 3270
f 3462 3463 3464
f 3463 3465 3464
f 3464 3465 3466
f 3270 3467 3460
f 3467 3468 3460
f 3460 3468 3458
f 3468 3469 3458
f 3458 3469 3456
f 3469 3470 3456
f 3456 3470 3462
f 3470 3471 3462
f 3462 3471 3472
f 3473 3474 3475
f 3474 3476 3475
f 3475 3476 3477
f 3476 3478 3477
f 3477 3478 3479
f 3478 3480 3479
f 3479 3480 3481
f 3480 3482 3481
f 3481 3482 3483
f 3482 3484 3483
f 3483 3484 3485
f 3484 3486 3485
f 3485 3486 3487
f 3486 3488 3487
f 3487 3488 3489
f 3488 3490 3489
f 3489 3490 3491
f 3490 3492 3491
f 3491 3492 3493
f 3492 3494 3493
f 3495 3496 3497
f 3496 3498 3497
f 3497 3498 3499
f 3498 3500 3499
f 3499 3500 3501
f 3500 3502 3501
f 3501 3502 3503
f 3502 3504 3503
f 3503 3504 3505
f 3504 3506 3505
f 3505 3506 3507
f 3506 3508 3507
f 3507 3508 3509
f 3508 3510 3509
f 3509 3510 3511
f 3510 3512 3511
f 3511 3512 3513
f 3512 3514 3513
f 3513 3514 3515
f 3514 3516 3515
f 3496 3473 3498
f 3473 3475 3498
f 3498 3475 3500
f 3475 3477 3500
f 3500 3477 3502
f 3477 3479 3502
f 3502 3479 3504
f 3479 3481 3504
f 3504 3481 3506
f 3481 3483 3506
f 3506 3483 3508
f 3483 3485 3508
f 3508 3485 3510
f 3485 3487 3510
f 3510 3487 3512
f 3487 3489 3512
f 3512 3489 3514
f 3489 3491 3514
f 3514 3491 3516
f 3491 3493 3516
f 3517 3454 3518
f 3454 3451 3518
f 3518 3451 3519
f 3451 3448 3519
f 3519 3448 3443
f 3448 3446 3443
f 3443 3446 3444
f 3446 3445 3444
f 3520 3517 3521
f 3517 3518 3521
f 3521 3518 3522
f 3518 3519 3522
f 3522 3519 3523
f 3519 3443 3523
f 3523 3443 3524
f 3443 3440 3524
f 3524 3440 3525
f 3440 3438 3525
f 3525 3438 3526
f 3438 3435 3526
f 3526 3435 3527
f 3435 3432 3527
f 3527 3432 3528
f 3432 3431 3528
f 3528 3431 3529
f 3431 3428 3529
f 3529 3428 3530
f 3428 3426 3530
f 3530 3426 3531
f 3426 3417 3531
f 3531 3417 3532
f 3417 3416 3532
f 3462 3464 3456
f 3464 3466 3456
f 3456 3466 3457
f 3466 3423 3457
f 3457 3423 3459
f 3423 3421 3459
f 3459 3421 3461
f 3421 3419 3461
f 3461 3419 3270
f 3418 3270 3419
f 3533 3495 3534
f 3495 3497 3534
f 3534 3497 3535
f 3497 3499 3535
f 3535 3499 3536
f 3499 3501 3536
f 3536 3501 3537
f 3501 3503 3537
f 3494 3465 3493
f 3465 3463 3493
f 3493 3463 3516
f 3463 3462 3516
f 3516 3462 3515
f 3462 3472 3515
f 3515 3472 3513
f 3472 3538 3513
f 3513 3538 3511
f 3538 3539 3511
f 3511 3539 3509
f 3539 3540 3509
f 3509 3540 3507
f 3540 3541 3507
f 3507 3541 3505
f 3541 3542 3505
f 3505 3542 3503
f 3542 3543 3503
f 3503 3543 3537
f 3474 3520 3476
f 3520 3521 3476
f 3476 3521 3478
f 3521 3522 3478
f 3478 3522 3480
f 3522 3523 3480
f 3480 3523 3482
f 3523 3524 3482
f 3482 3524 3484
f 3524 3525 3484
f 3484 3525 3486
f 3525 3526 3486
f 3486 3526 3488
f 3526 3527 3488
f 3488 3527 3490
f 3527 3528 3490
f 3490 3528 3492
f 3528 3529 3492
f 3492 3529 3494
f 3529 3530 3494
f 3494 3530 3465
f 3530 3531 3465
f 3465 3531 3466
f 3531 3532 3466
f 3466 3532 3423
f 3532 3416 3423
f 3423 3416 3424
f 3416 3415 3424
f 3544 3545 3546
f 3547 3548 3549
f 3548 3550 3549
f 3551 3414 2749
f 3552 3553 3554
f 3553 3555 3554
f 3554 3555 3556
f 3555 3557 3556
f 3556 3557 3558
f 3557 3559 3558
f 3558 3559 3551
f 3559 3560 3551
f 3551 3560 3414
f 3560 3413 3414
f 3561 3454 3552
f 3454 3517 3552
f 3552 3517 3553
f 3544 3546 3562
f 3409 3411 3563
f 3411 3564 3563
f 3563 3564 3565
f 3545 3549 3546
f 3549 3550 3546
f 3546 3550 3566
f 3550 3565 3566
f 3566 3565 3567
f 3565 3564 3567
f 2749 3568 3551
f 3568 3569 3551
f 3551 3569 3558
f 3569 3570 3558
f 3558 3570 3556
f 3570 3571 3556
f 3556 3571 3554
f 3571 3572 3554
f 3554 3572 3552
f 3572 3573 3552
f 3552 3573 3561
f 3573 3574 3561
f 3561 3574 3454
f 3574 3575 3454
f 3454 3575 3455
f 3533 3547 3495
f 3547 3549 3495
f 3495 3549 3496
f 3549 3545 3496
f 3496 3545 3473
f 3545 3544 3473
f 3473 3544 3474
f 3544 3562 3474
f 3474 3562 3520
f 3517 3520 3553
f 3520 3562 3553
f 3553 3562 3555
f 3562 3546 3555
f 3555 3546 3557
f 3546 3566 3557
f 3557 3566 3559
f 3566 3567 3559
f 3559 3567 3560
f 3567 3564 3560
f 3560 3564 3413
f 3564 3411 3413
f 2678 2677 3576
f 2677 3577 3576
f 3576 3577 3578
f 3579 3580 3581
f 3580 2683 3581
f 3581 2683 2681
f 593 3582 3583
f 3582 3578 3583
f 3583 3578 3584
f 3578 3577 3584
f 3584 3577 3585
f 3577 3586 3585
f 3585 3586 3587
f 3586 3588 3587
f 3587 3588 3589
f 3588 3590 3589
f 3589 3590 3591
f 3590 3592 3591
f 3591 3592 3593
f 3592 3594 3593
f 3593 3594 3595
f 3594 3596 3595
f 3595 3596 3597
f 3596 3598 3597
f 3597 3598 3599
f 3598 3600 3599
f 3599 3600 3601
f 3600 3602 3601
f 3601 3602 3603
f 3602 3604 3603
f 3603 3604 3605
f 3604 3606 3605
f 3605 3606 3607
f 3606 3608 3607
f 3607 3608 3609
f 3608 3610 3609
f 3609 3610 3611
f 3610 3612 3611
f 3611 3612 3613
f 3612 3580 3613
f 3613 3580 3614
f 3580 3579 3614
f 3614 3579 621
f 3579 3615 621
f 3577 2677 3586
f 2677 2742 3586
f 3586 2742 3588
f 2742 2707 3588
f 3588 2707 3590
f 2707 2719 3590
f 3590 2719 3592
f 2719 2717 3592
f 3592 2717 3594
f 2717 2687 3594
f 3594 2687 3596
f 2687 2731 3596
f 3596 2731 3598
f 2731 2735 3598
f 3598 2735 3600
f 2735 2727 3600
f 3600 2727 3602
f 2727 2713 3602
f 3602 2713 3604
f 2713 2699 3604
f 3604 2699 3606
f 2699 2698 3606
f 3606 2698 3608
f 2698 2696 3608
f 3608 2696 3610
f 2696 2690 3610
f 3610 2690 3612
f 2690 2692 3612
f 3612 2692 3580
f 2692 2683 3580
f 3616 3617 3618
f 3619 3617 3616
f 3620 3619 3616
f 3616 3621 3622
f 3623 3621 3616
f 3618 3623 3616
f 3616 3624 3625
f 3626 3624 3616
f 3622 3626 3616
f 3616 3627 3628
f 3629 3627 3616
f 3625 3629 3616
f 3616 3630 3631
f 3632 3630 3616
f 3628 3632 3616
f 3631 3620 3616
f 3620 3633 3619
f 3633 3634 3619
f 3619 3634 3617
f 3634 3635 3617
f 3617 3635 3618
f 3635 3636 3618
f 3618 3636 3623
f 3636 3637 3623
f 3623 3637 3621
f 3637 3638 3621
f 3621 3638 3622
f 3638 3639 3622
f 3622 3639 3626
f 3639 3640 3626
f 3626 3640 3624
f 3640 3641 3624
f 3624 3641 3625
f 3641 3642 3625
f 3625 3642 3629
f 3642 3643 3629
f 3629 3643 3627
f 3643 3644 3627
f 3627 3644 3628
f 3644 3645 3628
f 3628 3645 3632
f 3645 3646 3632
f 3632 3646 3630
f 3646 3647 3630
f 3630 3647 3631
f 3647 3648 3631
f 3631 3648 3620
f 3648 3633 3620
f 3634 3649 3635
f 3649 3650 3635
f 3635 3650 3636
f 3650 3651 3636
f 3636 3651 3637
f 3651 3652 3637
f 3637 3652 3638
f 3652 3653 3638
f 3638 3653 3639
f 3653 3654 3639
f 3639 3654 3640
f 3654 3655 3640
f 3640 3655 3641
f 3655 3656 3641
f 3641 3656 3642
f 3656 3657 3642
f 3642 3657 3643
f 3657 3658 3643
f 3643 3658 3644
f 3658 3659 3644
f 3644 3659 3645
f 3659 3660 3645
f 3645 3660 3646
f 3660 3661 3646
f 3646 3661 3647
f 3661 3662 3647
f 3647 3662 3648
f 3662 3663 3648
f 3648 3663 3633
f 3663 3664 3633
f 3633 3664 3634
f 3664 3649 3634
f 3665 3666 3667
f 3668 3666 3665
f 3669 3668 3665
f 3665 3670 3671
f 3672 3670 3665
f 3667 3672 3665
f 3665 3673 3674
f 3675 3673 3665
f 3671 3675 3665
f 3665 3676 3677
f 3678 3676 3665
f 3674 3678 3665
f 3665 3679 3680
f 3681 3679 3665
f 3677 3681 3665
f 3680 3669 3665
f 3669 3682 3668
f 3682 3683 3668
f 3668 3683 3666
f 3683 3684 3666
f 3666 3684 3667
f 3684 3685 3667
f 3667 3685 3672
f 3685 3686 3672
f 3672 3686 3670
f 3686 3687 3670
f 3670 3687 3671
f 3687 3688 3671
f 3671 3688 3675
f 3688 3689 3675
f 3675 3689 3673
f 3689 3690 3673
f 3673 3690 3674
f 3690 3691 3674
f 3674 3691 3678
f 3691 3692 3678
f 3678 3692 3676
f 3692 3693 3676
f 3676 3693 3677
f 3693 3694 3677
f 3677 3694 3681
f 3694 3695 3681
f 3681 3695 3679
f 3695 3696 3679
f 3679 3696 3680
f 3696 3697 3680
f 3680 3697 3669
f 3697 3682 3669
f 3683 3698 3684
f 3698 3699 3684
f 3684 3699 3685
f 3699 3700 3685
f 3685 3700 3686
f 3700 3701 3686
f 3686 3701 3687
f 3701 3702 3687
f 3687 3702 3688
f 3702 3703 3688
f 3688 3703 3689
f 3703 3704 3689
f 3689 3704 3690
f 3704 3705 3690
f 3690 3705 3691
f 3705 3706 3691
f 3691 3706 3692
f 3706 3707 3692
f 3692 3707 3693
f 3707 3708 3693
f 3693 3708 3694
f 3708 3709 3694
f 3694 3709 3695
f 3709 3710 3695
f 3695 3710 3696
f 3710 3711 3696
f 3696 3711 3697
f 3711 3712 3697
f 3697 3712 3682
f 3712 3713 3682
f 3682 3713 3683
f 3713 3698 3683
f 3714 3715 3716
f 3717 3715 3714
f 3718 3717 3714
f 3714 3719 3720
f 3721 3719 3714
f 3716 3721 3714
f 3714 3722 3723
f 3724 3722 3714
f 3720 3724 3714
f 3714 3725 3726
f 3727 3725 3714
f 3723 3727 3714
f 3714 3728 3729
f 3730 3728 3714
f 3726 3730 3714
f 3729 3718 3714
f 3718 3731 3717
f 3731 3732 3717
f 3717 3732 3715
f 3732 3733 3715
f 3715 3733 3716
f 3733 3734 3716
f 3716 3734 3721
f 3734 3735 3721
f 3721 3735 3719
f 3735 3736 3719
f 3719 3736 3720
f 3736 3737 3720
f 3720 3737 3724
f 3737 3738 3724
f 3724 3738 3722
f 3738 3739 3722
f 3722 3739 3723
f 3739 3740 3723
f 3723 3740 3727
f 3740 3741 3727
f 3727 3741 3725
f 3741 3742 3725
f 3725 3742 3726
f 3742 3743 3726
f 3726 3743 3730
f 3743 3744 3730
f 3730 3744 3728
f 3744 3745 3728
f 3728 3745 3729
f 3745 3746 3729
f 3729 3746 3718
f 3746 3731 3718
f 3732 3747 3733
f 3747 3748 3733
f 3733 3748 3734
f 3748 3749 3734
f 3734 3749 3735
f 3749 3750 3735
f 3735 3750 3736
f 3750 3751 3736
f 3736 3751 3737
f 3751 3752 3737
f 3737 3752 3738
f 3752 3753 3738
f 3738 3753 3739
f 3753 3754 3739
f 3739 3754 3740
f 3754 3755 3740
f 3740 3755 3741
f 3755 3756 3741
f 3741 3756 3742
f 3756 3757 3742
f 3742 3757 3743
f 3757 3758 3743
f 3743 3758 3744
f 3758 3759 3744
f 3744 3759 3745
f 3759 3760 3745
f 3745 3760 3746
f 3760 3761 3746
f 3746 3761 3731
f 3761 3762 3731
f 3731 3762 3732
f 3762 3747 3732
f 3763 3764 3765
f 3766 3764 3763
f 3767 3766 3763
f 3763 3768 3769
f 3770 3768 3763
f 3765 3770 3763
f 3763 3771 3772
f 3773 3771 3763
f 3769 3773 3763
f 3763 3774 3775
f 3776 3774 3763
f 3772 3776 3763
f 3763 3777 3778
f 3779 3777 3763
f 3775 3779 3763
f 3778 3767 3763
f 3767 3780 3766
f 3780 3781 3766
f 3766 3781 3764
f 3781 3782 3764
f 3764 3782 3765
f 3782 3783 3765
f 3765 3783 3770
f 3783 3784 3770
f 3770 3784 3768
f 3784 3785 3768
f 3768 3785 3769
f 3785 3786 3769
f 3769 3786 3773
f 3786 3787 3773
f 3773 3787 3771
f 3787 3788 3771
f 3771 3788 3772
f 3788 3789 3772
f 3772 3789 3776
f 3789 3790 3776
f 3776 3790 3774
f 3790 3791 3774
f 3774 3791 3775
f 3791 3792 3775
f 3775 3792 3779
f 3792 3793 3779
f 3779 3793 3777
f 3793 3794 3777
f 3777 3794 3778
f 3794 3795 3778
f 3778 3795 3767
f 3795 3780 3767
f 3781 3796 3782
f 3796 3797 3782
f 3782 3797 3783
f 3797 3798 3783
f 3783 3798 3784
f 3798 3799 3784
f 3784 3799 3785
f 3799 3800 3785
f 3785 3800 3786
f 3800 3801 3786
f 3786 3801 3787
f 3801 3802 3787
f 3787 3802 3788
f 3802 3803 3788
f 3788 3803 3789
f 3803 3804 3789
f 3789 3804 3790
f 3804 3805 3790
f 3790 3805 3791
f 3805 3806 3791
f 3791 3806 3792
f 3806 3807 3792
f 3792 3807 3793
f 3807 3808 3793
f 3793 3808 3794
f 3808 3809 3794
f 3794 3809 3795
f 3809 3810 3795
f 3795 3810 3780
f 3810 3811 3780
f 3780 3811 3781
f 3811 3796 3781
f 3812 3813 3814
f 3815 3813 3812
f 3816 3815 3812
f 3812 3817 3818
f 3819 3817 3812
f 3814 3819 3812
f 3812 3820 3821
f 3822 3820 3812
f 3818 3822 3812
f 3812 3823 3824
f 3825 3823 3812
f 3821 3825 3812
f 3812 3826 3827
f 3828 3826 3812
f 3824 3828 3812
f 3827 3816 3812
f 3816 3829 3815
f 3829 3830 3815
f 3815 3830 3813
f 3830 3831 3813
f 3813 3831 3814
f 3831 3832 3814
f 3814 3832 3819
f 3832 3833 3819
f 3819 3833 3817
f 3833 3834 3817
f 3817 3834 3818
f 3834 3835 3818
f 3818 3835 3822
f 3835 3836 3822
f 3822 3836 3820
f 3836 3837 3820
f 3820 3837 3821
f 3837 3838 3821
f 3821 3838 3825
f 3838 3839 3825
f 3825 3839 3823
f 3839 3840 3823
f 3823 3840 3824
f 3840 3841 3824
f 3824 3841 3828
f 3841 3842 3828
f 3828 3842 3826
f 3842 3843 3826
f 3826 3843 3827
f 3843 3844 3827
f 3827 3844 3816
f 3844 3829 3816
f 3830 3845 3831
f 3845 3846 3831
f 3831 3846 3832
f 3846 3847 3832
f 3832 3847 3833
f 3847 3848 3833
f 3833 3848 3834
f 3848 3849 3834
f 3834 3849 3835
f 3849 3850 3835
f 3835 3850 3836
f 3850 3851 3836
f 3836 3851 3837
f 3851 3852 3837
f 3837 3852 3838
f 3852 3853 3838
f 3838 3853 3839
f 3853 3854 3839
f 3839 3854 3840
f 3854 3855 3840
f 3840 3855 3841
f 3855 3856 3841
f 3841 3856 3842
f 3856 3857 3842
f 3842 3857 3843
f 3857 3858 3843
f 3843 3858 3844
f 3858 3859 3844
f 3844 3859 3829
f 3859 3860 3829
f 3829 3860 3830
f 3860 3845 3830
f 2748 2750 3861
f 2748 3861 3862
f 3861 3863 3862
f 3862 3863 3864
f 3863 3865 3864
f 3864 3865 3866
f 3865 3867 3866
f 3867 3868 3866
f 3866 3868 3869
f 3868 2680 3869
f 3869 2680 2682
f 3870 3871 3872
f 3871 2748 3872
f 3873 3874 3875
f 3876 3877 3878
f 3877 3876 3879
f 3876 3880 3879
f 3879 3880 3881
f 3882 3883 3880
f 3883 3884 3880
f 3880 3884 3881
f 3885 3886 3882
f 3886 3887 3882
f 3882 3887 3883
f 2691 2689 3874
f 2689 2688 3874
f 2702 2701 3888
f 2701 2694 3888
f 3888 2694 2693
f 3888 3889 2702
f 3889 3890 2702
f 2702 3890 2703
f 3890 3891 2703
f 2703 3891 2684
f 3891 3869 2684
f 2684 3869 2682
f 3892 3893 3894
f 3893 3895 3894
f 3894 3895 3896
f 3897 3898 3899
f 3898 3862 3899
f 3899 3862 3864
f 3888 3892 3889
f 3892 3894 3889
f 3889 3894 3890
f 3894 3896 3890
f 3890 3896 3891
f 3896 3866 3891
f 3891 3866 3869
f 3878 3450 3900
f 3450 3901 3900
f 3900 3901 3870
f 3901 3902 3870
f 3870 3902 3871
f 3873 3875 3903
f 3875 3904 3903
f 3903 3904 3905
f 3904 3906 3905
f 3905 3906 3897
f 2691 3874 2693
f 3874 3873 2693
f 2693 3873 3888
f 3873 3903 3888
f 3888 3903 3892
f 3903 3905 3892
f 3892 3905 3893
f 3905 3897 3893
f 3893 3897 3895
f 3897 3899 3895
f 3895 3899 3896
f 3899 3864 3896
f 3896 3864 3866
f 2695 3885 2688
f 3885 3882 2688
f 2688 3882 3874
f 3882 3880 3874
f 3874 3880 3875
f 3880 3876 3875
f 3875 3876 3904
f 3876 3878 3904
f 3904 3878 3906
f 3878 3900 3906
f 3906 3900 3897
f 3900 3870 3897
f 3897 3870 3898
f 3870 3872 3898
f 3898 3872 3862
f 3872 2748 3862
f 3907 3908 3909
f 3910 3911 3415
f 3912 3913 3914
f 3913 3915 3914
f 3914 3915 3916
f 3917 2715 3918
f 2715 2714 3918
f 3919 2705 3920
f 2705 2704 3920
f 3920 2704 3917
f 2704 2700 3917
f 3917 2700 2715
f 2711 2710 3919
f 2710 2706 3919
f 3919 2706 2705
f 3921 2697 2712
f 3887 3921 3883
f 3921 3884 3883
f 2695 2697 3885
f 2697 3921 3885
f 3885 3921 3886
f 3921 3887 3886
f 3415 3425 3910
f 3425 3427 3910
f 3910 3427 3922
f 3427 3430 3922
f 3922 3430 3923
f 3924 3908 3925
f 3908 3907 3925
f 3925 3907 3914
f 3916 3926 3914
f 3926 3927 3914
f 3914 3927 3925
f 3927 3928 3925
f 3925 3928 3924
f 3928 3929 3924
f 3884 3921 3881
f 3921 3930 3881
f 3881 3930 3879
f 3930 3931 3879
f 3879 3931 3877
f 2712 3932 3921
f 3932 3933 3921
f 3921 3933 3930
f 3933 3934 3930
f 3930 3934 3931
f 2729 3912 2714
f 3912 3914 2714
f 2714 3914 3918
f 3914 3907 3918
f 3918 3907 3917
f 3907 3909 3917
f 3917 3909 3920
f 3909 3935 3920
f 3920 3935 3919
f 3935 3936 3919
f 3450 3878 3449
f 3878 3937 3449
f 3938 3445 3937
f 3445 3447 3937
f 3937 3447 3449
f 3441 3442 3938
f 3442 3444 3938
f 3938 3444 3445
f 3936 3437 3938
f 3437 3439 3938
f 3938 3439 3441
f 2712 2711 3932
f 2711 3919 3932
f 3932 3919 3933
f 3919 3936 3933
f 3933 3936 3934
f 3936 3938 3934
f 3934 3938 3931
f 3938 3937 3931
f 3931 3937 3877
f 3937 3878 3877
f 3430 3429 3923
f 3429 3433 3923
f 3923 3433 3939
f 3433 3434 3939
f 3939 3434 3436
f 3929 3911 3924
f 3911 3910 3924
f 3924 3910 3908
f 3910 3922 3908
f 3908 3922 3909
f 3922 3923 3909
f 3909 3923 3935
f 3923 3939 3935
f 3935 3939 3936
f 3939 3436 3936
f 3936 3436 3437
f 3940 3941 3942
f 3928 3943 3944
f 3912 2729 2728
f 2725 3945 2726
f 3945 3946 2726
f 2726 3946 2728
f 3946 3913 2728
f 2728 3913 3912
f 3926 3916 3946
f 3916 3915 3946
f 3946 3915 3913
f 3928 3944 3929
f 3944 3947 3929
f 3929 3947 3911
f 3945 3948 3946
f 3948 3949 3946
f 3946 3949 3926
f 3949 3927 3926
f 3943 3950 3951
f 3952 3953 3954
f 3953 3955 3954
f 3954 3955 3950
f 3955 3956 3950
f 3950 3956 3951
f 3415 3911 3942
f 3911 3947 3942
f 3942 3947 3940
f 3947 3944 3940
f 3940 3944 3957
f 3944 3943 3957
f 3957 3943 3958
f 3943 3951 3958
f 2734 3952 2725
f 3952 3954 2725
f 2725 3954 3945
f 3954 3950 3945
f 3945 3950 3948
f 3950 3943 3948
f 3948 3943 3949
f 3943 3928 3949
f 3949 3928 3927
f 3959 3960 3961
f 3962 3959 3963
f 3964 3965 3966
f 2739 3967 2736
f 3967 3952 2736
f 2736 3952 2734
f 3968 3969 3970
f 3969 3967 3970
f 3970 3967 3971
f 3967 2739 3971
f 3971 2739 2738
f 3965 3972 3966
f 3972 3973 3966
f 3966 3973 3963
f 3973 3974 3963
f 3963 3974 3962
f 3951 3969 3958
f 3969 3968 3958
f 3958 3968 3957
f 3968 3940 3957
f 3951 3956 3969
f 3956 3955 3969
f 3969 3955 3967
f 3955 3953 3967
f 3967 3953 3952
f 3263 3975 3960
f 3975 3976 3960
f 3960 3976 3961
f 2737 3964 2738
f 3964 3966 2738
f 2738 3966 3971
f 3966 3963 3971
f 3971 3963 3970
f 3963 3959 3970
f 3970 3959 3968
f 3959 3961 3968
f 3968 3961 3940
f 3961 3976 3940
f 3940 3976 3941
f 3976 3975 3941
f 3977 3960 3959
f 3978 3979 3980
f 3981 3982 3983
f 2724 2723 3984
f 2724 3984 3983
f 3984 3985 3983
f 3983 3985 3981
f 2718 2721 3986
f 2721 2720 3986
f 2732 2733 3987
f 2733 2686 3987
f 3987 2686 3978
f 2686 2685 3978
f 3978 2685 3979
f 2685 2716 3979
f 3979 2716 2718
f 3973 3972 3988
f 2737 2730 3964
f 2730 3988 3964
f 3964 3988 3965
f 3988 3972 3965
f 3260 3259 3989
f 3259 3302 3989
f 3990 3989 3991
f 3989 3302 3991
f 3991 3302 3304
f 2797 3258 3992
f 3258 3993 3992
f 2718 3986 3979
f 3986 3990 3979
f 3979 3990 3980
f 3990 3991 3980
f 3980 3991 3994
f 3991 3304 3994
f 3994 3304 3306
f 3258 3260 3993
f 3260 3989 3993
f 3993 3989 3995
f 3989 3990 3995
f 3995 3990 3996
f 3990 3986 3996
f 3996 3986 3997
f 3986 2720 3997
f 3982 3998 3983
f 3998 3999 3983
f 3983 3999 4000
f 3999 4001 4000
f 4000 4001 4002
f 4001 4003 4002
f 4002 4003 4004
f 4005 4006 4007
f 4006 4008 4007
f 4009 4008 3988
f 3263 3960 3316
f 3960 3977 3316
f 3316 3977 3314
f 4008 4009 4007
f 4009 4010 4007
f 4007 4010 4005
f 4010 3310 4005
f 4005 3310 3312
f 3312 3314 4005
f 3314 3977 4005
f 4005 3977 4006
f 3977 3959 4006
f 4006 3959 4008
f 3959 3962 4008
f 4008 3962 3988
f 3962 3974 3988
f 3988 3974 3973
f 2720 2724 3997
f 2724 3983 3997
f 3997 3983 3996
f 3983 4000 3996
f 3996 4000 3995
f 4000 4002 3995
f 3995 4002 3993
f 4002 4004 3993
f 3993 4004 3992
f 2730 2732 3988
f 2732 3987 3988
f 3988 3987 4009
f 3987 3978 4009
f 4009 3978 4010
f 3978 3980 4010
f 4010 3980 3310
f 3980 3994 3310
f 3310 3994 3308
f 3994 3306 3308
f 4003 4001 4011
f 3984 2723 2722
f 2745 4012 4013
f 2745 4013 2746
f 4013 4014 2746
f 2746 4014 2747
f 2747 4014 2740
f 4014 4015 2740
f 2740 4015 2741
f 4015 4016 2741
f 2741 4016 2743
f 4016 4017 2743
f 2743 4017 2744
f 4018 3981 3985
f 2744 4017 2708
f 4017 4019 2708
f 2708 4019 2709
f 4019 4018 2709
f 2709 4018 2722
f 4018 3985 2722
f 2722 3985 3984
f 4020 4021 4022
f 4022 4021 4023
f 4024 4025 4026
f 4025 4027 4026
f 4026 4027 4028
f 4001 3999 4023
f 3999 3998 4023
f 4023 3998 3982
f 4029 2795 4030
f 2795 2797 4030
f 4030 2797 3992
f 4004 4003 4031
f 4003 4011 4031
f 4031 4011 4032
f 4001 4023 4011
f 4023 4021 4011
f 4011 4021 4032
f 4021 4020 4032
f 4032 4020 4033
f 4034 2665 4035
f 2665 2801 4035
f 4035 2801 4029
f 2801 2799 4029
f 4029 2799 2795
f 3992 4004 4030
f 4004 4031 4030
f 4030 4031 4029
f 4031 4032 4029
f 4029 4032 4035
f 4032 4033 4035
f 4035 4033 4034
f 4033 4036 4034
f 4022 4028 4020
f 4028 4027 4020
f 4020 4027 4033
f 4027 4025 4033
f 4033 4025 4037
f 4025 4024 4037
f 4037 4024 4038
f 4039 4040 4038
f 4040 4041 4038
f 4038 4041 4037
f 4041 4042 4037
f 4037 4042 4033
f 4042 4043 4033
f 4033 4043 4036
f 4012 4039 4013
f 4039 4038 4013
f 4013 4038 4014
f 4038 4024 4014
f 4014 4024 4015
f 4024 4026 4015
f 4015 4026 4016
f 4026 4028 4016
f 4016 4028 4017
f 4028 4022 4017
f 4017 4022 4019
f 4022 4023 4019
f 4019 4023 4018
f 4023 3982 4018
f 4018 3982 3981
f 2745 2679 4012
f 2679 4044 4012
f 4036 4043 4045
f 4043 4042 4045
f 4045 4042 4046
f 4042 4041 4046
f 4046 4041 4047
f 4041 4040 4047
f 4047 4040 4044
f 4040 4039 4044
f 4044 4039 4012
f 4036 4045 4034
f 4045 2649 4034
f 4034 2649 2665
f 4048 1986 4049
f 1986 1988 4049
f 4049 1988 4050
f 1988 1944 4050
f 4050 1944 4051
f 1944 1904 4051
f 4051 1904 4052
f 1904 1903 4052
f 4052 1903 4053
f 1903 1883 4053
f 4053 1883 4054
f 1883 1885 4054
f 4054 1885 4055
f 1885 1882 4055
f 1882 2116 4055
f 4055 2116 4056
f 2116 2117 4056
f 4056 2117 4057
f 2117 2133 4057
f 4057 2133 4058
f 2133 2063 4058
f 4058 2063 4059
f 2063 2065 4059
f 4059 2065 4060
f 2065 2068 4060
f 4060 2068 4061
f 2068 2135 4061
f 4061 2135 4062
f 2135 2134 4062
f 4062 2134 4063
f 2134 1878 4063
f 4063 1878 4064
f 1878 1877 4064
f 4064 1877 4065
f 1877 2213 4065
f 4065 2213 4066
f 2213 2231 4066
f 4066 2231 4067
f 2231 2090 4067
f 4067 2090 4068
f 2090 2088 4068
f 4068 2088 4069
f 2088 2094 4069
f 4069 2094 4070
f 2094 2107 4070
f 4070 2107 4071
f 2107 2109 4071
f 4071 2109 4072
f 2109 2112 4072
f 4072 2112 4073
f 2112 2111 4073
f 4073 2111 4074
f 2111 2110 4074
f 4074 2110 4075
f 2110 1894 4075
f 4075 1894 4076
f 1894 2113 4076
f 4076 2113 4048
f 2113 2114 4048
f 4048 2114 1986
f 4077 4049 4078
f 4049 4050 4078
f 4078 4050 4079
f 4050 4051 4079
f 4079 4051 4080
f 4051 4052 4080
f 4080 4052 4081
f 4052 4053 4081
f 4081 4053 4082
f 4053 4054 4082
f 4082 4054 4083
f 4054 4055 4083
f 4083 4055 4084
f 4055 4056 4084
f 4084 4056 4085
f 4056 4057 4085
f 4085 4057 4086
f 4057 4058 4086
f 4086 4058 4087
f 4058 4059 4087
f 4087 4059 4088
f 4059 4060 4088
f 4088 4060 4089
f 4060 4061 4089
f 4089 4061 4090
f 4061 4062 4090
f 4090 4062 4091
f 4062 4063 4091
f 4091 4063 4092
f 4063 4064 4092
f 4092 4064 4093
f 4064 4065 4093
f 4093 4065 4094
f 4065 4066 4094
f 4094 4066 4095
f 4066 4067 4095
f 4095 4067 4096
f 4067 4068 4096
f 4096 4068 4097
f 4068 4069 4097
f 4097 4069 4098
f 4069 4070 4098
f 4098 4070 4099
f 4070 4071 4099
f 4099 4071 4100
f 4071 4072 4100
f 4100 4072 4101
f 4072 4073 4101
f 4101 4073 4102
f 4073 4074 4102
f 4102 4074 4103
f 4074 4075 4103
f 4103 4075 4104
f 4075 4076 4104
f 4104 4076 4105
f 4076 4048 4105
f 4105 4048 4077
f 4048 4049 4077
f 4106 4107 4108
f 4109 4110 4111
f 4112 4113 4114
f 4115 4116 4117
f 4116 4118 4117
f 4117 4118 4114
f 4118 4119 4114
f 4114 4119 4112
f 4120 4121 4115
f 4121 4122 4115
f 4115 4122 4116
f 4110 4123 4111
f 4123 4124 4111
f 4111 4124 4125
f 4126 4127 4128
f 4129 4130 4131
f 4130 4132 4131
f 4131 4132 4133
f 4134 4135 4136
f 4137 4138 4139
f 4139 4140 4137
f 4140 4135 4137
f 4137 4135 4141
f 4135 4134 4141
f 4141 4134 4142
f 4134 4143 4142
f 4144 4145 4143
f 4145 4146 4143
f 4143 4146 4142
f 4147 4148 4149
f 4148 4150 4149
f 4149 4150 4144
f 4150 4151 4144
f 4144 4151 4145
f 4108 4107 4152
f 4107 4153 4152
f 4153 4154 4152
f 4152 4154 4147
f 4154 4155 4147
f 4147 4155 4148
f 4156 4157 4106
f 4156 4106 4158
f 4159 4160 4108
f 4160 4161 4108
f 4108 4161 4106
f 4161 4162 4106
f 4106 4162 4158
f 4163 4164 4165
f 4164 4166 4165
f 4167 4168 4165
f 4168 4169 4165
f 4165 4169 4163
f 4170 4171 4172
f 4171 4173 4172
f 4172 4173 4174
f 4175 4176 4177
f 4176 4178 4177
f 4125 4179 4111
f 4179 4120 4111
f 4111 4120 4180
f 4120 4115 4180
f 4180 4115 4181
f 4115 4117 4181
f 4181 4117 4182
f 4117 4114 4182
f 4182 4114 4177
f 4114 4113 4177
f 4177 4113 4175
f 4178 4170 4177
f 4170 4172 4177
f 4177 4172 4182
f 4172 4183 4182
f 4182 4183 4181
f 4183 4184 4181
f 4181 4184 4180
f 4184 4185 4180
f 4180 4185 4111
f 4185 4126 4111
f 4111 4126 4109
f 4126 4128 4109
f 4174 4168 4172
f 4168 4167 4172
f 4172 4167 4183
f 4167 4186 4183
f 4183 4186 4184
f 4186 4187 4184
f 4184 4187 4185
f 4187 4188 4185
f 4185 4188 4126
f 4188 4189 4126
f 4126 4189 4127
f 4189 4131 4127
f 4127 4131 4190
f 4131 4133 4190
f 4166 4159 4165
f 4159 4108 4165
f 4165 4108 4167
f 4108 4152 4167
f 4167 4152 4186
f 4152 4147 4186
f 4186 4147 4187
f 4147 4149 4187
f 4187 4149 4188
f 4149 4144 4188
f 4188 4144 4189
f 4144 4143 4189
f 4189 4143 4131
f 4143 4134 4131
f 4131 4134 4129
f 4134 4136 4129
f 4191 4192 4193
f 4139 4138 4194
f 4195 4196 4197
f 1921 1916 4198
f 1916 1915 4198
f 1915 1925 4198
f 4198 1925 4199
f 1908 1921 4200
f 1921 4201 4200
f 4200 4201 4202
f 2078 1908 4203
f 1908 4200 4203
f 4203 4200 4204
f 4200 4202 4204
f 4204 4202 4205
f 4202 4201 4205
f 4205 4201 4206
f 4201 4207 4206
f 4195 4197 4208
f 4197 4209 4208
f 4208 4209 4210
f 4211 4212 4213
f 4209 4211 4210
f 4211 4213 4210
f 4210 4213 4214
f 4213 4215 4214
f 4214 4215 4216
f 4139 4194 4140
f 4194 4216 4140
f 4140 4216 4135
f 4216 4215 4135
f 4135 4215 4136
f 4215 4213 4136
f 4136 4213 4129
f 4213 4212 4129
f 4129 4212 4217
f 4109 4128 4218
f 4128 4191 4218
f 4218 4191 4219
f 4128 4127 4191
f 4127 4190 4191
f 4191 4190 4192
f 4133 4132 4217
f 4132 4130 4217
f 4217 4130 4129
f 1921 4198 4201
f 4198 4199 4201
f 4201 4199 4207
f 4199 4220 4207
f 4207 4220 4221
f 4220 4222 4221
f 4221 4222 4223
f 4222 4224 4223
f 4223 4224 4193
f 4224 4225 4193
f 4193 4225 4191
f 4225 4226 4191
f 4191 4226 4219
f 4196 4206 4197
f 4206 4207 4197
f 4197 4207 4209
f 4207 4221 4209
f 4209 4221 4211
f 4221 4223 4211
f 4211 4223 4212
f 4223 4193 4212
f 4212 4193 4217
f 4193 4192 4217
f 4217 4192 4133
f 4192 4190 4133
f 4123 4110 4227
f 4120 4179 4228
f 4229 4230 4228
f 4125 4124 4231
f 4232 1929 1935
f 4110 4109 4227
f 4109 4218 4227
f 4227 4218 4233
f 4234 4235 4236
f 4235 4237 4236
f 4236 4237 4238
f 4237 4228 4238
f 4238 4228 4231
f 4228 4179 4231
f 4231 4179 4125
f 4234 4239 4235
f 4239 4240 4235
f 4235 4240 4237
f 4240 4241 4237
f 4237 4241 4228
f 4241 4242 4228
f 4228 4242 4229
f 1935 4243 4232
f 4243 4244 4232
f 4232 4244 4245
f 4218 4219 4233
f 4219 4226 4233
f 4233 4226 4246
f 4226 4225 4246
f 4246 4225 4247
f 4225 4224 4247
f 4247 4224 4248
f 4224 4222 4248
f 4248 4222 4249
f 4222 4220 4249
f 4249 4220 4250
f 4220 4199 4250
f 4250 4199 1927
f 4199 1925 1927
f 4230 4122 4228
f 4122 4121 4228
f 4228 4121 4120
f 4244 4251 4245
f 4251 4252 4245
f 4245 4252 4253
f 4252 4254 4253
f 4253 4254 4234
f 4254 4255 4234
f 4234 4255 4239
f 4124 4123 4231
f 4123 4227 4231
f 4231 4227 4238
f 4227 4233 4238
f 4238 4233 4236
f 4233 4246 4236
f 4236 4246 4234
f 4246 4247 4234
f 4234 4247 4253
f 4247 4248 4253
f 4253 4248 4245
f 4248 4249 4245
f 4245 4249 4232
f 4249 4250 4232
f 4232 4250 1929
f 4250 1927 1929
f 4256 4257 4258
f 4256 4258 4259
f 4258 4260 4259
f 4259 4260 4261
f 4260 1858 4261
f 4261 1858 4262
f 3228 3227 1850
f 3047 1862 3048
f 1862 4263 3048
f 3138 3137 1834
f 3137 3136 1834
f 3047 3046 1862
f 3046 4264 1862
f 1862 4264 1860
f 4264 4265 1860
f 1860 4265 1859
f 4265 4266 1859
f 1859 4266 1858
f 4266 4262 1858
f 3227 3226 1850
f 3226 4267 1850
f 1850 4267 1848
f 4267 4268 1848
f 1848 4268 1844
f 4268 4269 1844
f 1844 4269 1842
f 4269 4270 1842
f 1842 4270 1868
f 4270 4271 1868
f 1868 4271 1866
f 4271 4272 1866
f 1866 4272 1864
f 4272 4273 1864
f 1864 4273 1862
f 4273 4274 1862
f 1862 4274 4263
f 3136 4275 1834
f 4275 4276 1834
f 1834 4276 1832
f 4276 4277 1832
f 1832 4277 1830
f 4277 4278 1830
f 1830 4278 1826
f 4278 4279 1826
f 1826 4279 1824
f 4279 4280 1824
f 1824 4280 1839
f 4280 4281 1839
f 1839 4281 1852
f 4281 4282 1852
f 1852 4282 1850
f 4282 4283 1850
f 1850 4283 3228
f 1803 4284 1804
f 4284 4285 1804
f 1804 4285 1823
f 4285 4286 1823
f 1823 4286 1834
f 4286 4287 1834
f 1834 4287 3138
f 4284 1803 4288
f 4284 4288 4289
f 4288 4290 4289
f 4289 4290 4291
f 4290 4292 4291
f 4291 4292 4293
f 4294 2868 2867
f 2867 2866 4295
f 3615 4294 621
f 4294 2867 621
f 621 2867 620
f 2867 4296 620
f 4296 2867 4292
f 2867 4295 4292
f 4292 4295 4293
f 4297 4298 4299
f 4298 4300 4299
f 4300 4301 4299
f 4299 4301 4302
f 4301 4303 4302
f 4302 4303 4304
f 4297 4299 4305
f 4299 4306 4305
f 4305 4306 4307
f 4307 4306 4308
f 4306 4309 4308
f 4308 4309 4310
f 4311 4312 4313
f 4312 4314 4313
f 4313 4314 4309
f 4314 4315 4309
f 4309 4315 4310
f 4316 4317 4318
f 4317 4319 4318
f 4318 4319 4313
f 4319 4320 4313
f 4313 4320 4311
f 4321 4322 4323
f 4321 4323 4318
f 4323 4324 4318
f 4318 4324 4316
f 4325 4302 4326
f 4302 4304 4326
f 4321 4327 4322
f 4327 4328 4322
f 4325 4327 4302
f 4327 4321 4302
f 4321 4318 4313
f 4299 4302 4306
f 4302 4321 4306
f 4306 4321 4309
f 4321 4313 4309
f 2620 2759 2629
f 2759 4329 2629
f 4329 4330 4331
f 4329 4332 4333
f 2629 4329 4333
f 4331 4332 4329
f 4334 4330 4335
f 4330 4329 4335
f 4335 4336 4337
f 4334 4335 4337
f 4338 2640 4339
f 4338 4339 4340
f 4339 4336 4340
f 4340 4336 4335
f 2640 4338 2639
f 4338 4341 2639
f 2639 4341 2638
f 4341 4342 2638
f 2638 4342 2637
f 4342 4343 2637
f 2637 4343 2636
f 4343 4344 2636
f 2636 4344 2635
f 4344 4345 2635
f 2635 4345 2634
f 4345 4346 2634
f 2634 4346 2633
f 4346 4347 2633
f 2633 4347 2632
f 4347 4348 2632
f 2632 4348 2631
f 4348 4349 2631
f 2631 4349 2630
f 4349 4350 2630
f 4351 4352 4353
f 4353 4354 4351
f 4354 2630 4351
f 4351 2630 4350
f 4352 4355 4356
f 4353 4352 4356
f 4357 4355 4358
f 4355 4352 4358
f 4358 2628 4359
f 4358 4360 4361
f 4357 4358 4361
f 4359 4360 4358
f 2628 4358 2621
f 4358 2786 2621
f 1404 2488 1406
f 2488 2486 1406
f 4362 2675 4363
f 2675 2674 4363
f 4363 2674 4364
f 2674 2667 4364
f 4364 2667 4365
f 2667 2666 4365
f 4365 2666 4366
f 2666 2664 4366
f 4366 2664 4367
f 2664 2663 4367
f 4367 2663 4368
f 2663 2673 4368
f 4368 2673 4369
f 2673 2672 4369
f 2654 4370 2647
f 4370 4371 2647
f 4372 2676 4362
f 2676 2675 4362
f 4370 2654 4373
f 2654 2653 4373
f 4373 2653 4374
f 2653 2652 4374
f 4374 2652 4375
f 2652 2643 4375
f 4375 2643 4376
f 2643 2642 4376
f 4376 2642 4377
f 2642 2646 4377
f 4377 2646 4378
f 2646 2645 4378
f 4378 2645 4379
f 2645 2644 4379
f 2662 4380 2644
f 4380 4379 2644
f 4380 2662 4381
f 2662 2661 4381
f 4381 2661 4382
f 2661 2659 4382
f 4382 2659 4383
f 2659 2658 4383
f 4383 2658 4384
f 2658 2670 4384
f 4384 2670 4385
f 2670 2669 4385
f 4385 2669 4386
f 2669 2668 4386
f 4386 2668 4372
f 2668 2676 4372
f 4387 2671 4388
f 2671 2657 4388
f 4388 2657 4389
f 2657 2656 4389
f 4389 2656 4390
f 2656 2655 4390
f 4390 2655 4391
f 2655 2651 4391
f 4391 2651 4392
f 2651 2650 4392
f 4392 2650 4393
f 2650 2648 4393
f 4393 2648 4371
f 2648 2647 4371
f 2671 4387 2672
f 4387 4369 2672
f 4369 4394 4395
f 4369 4395 4368
f 4395 4396 4368
f 4368 4396 4367
f 4396 4397 4367
f 4367 4397 4366
f 4397 4398 4366
f 4366 4398 4365
f 4398 4399 4365
f 4399 4400 4365
f 4365 4400 4364
f 4400 4401 4364
f 4364 4401 4363
f 4401 4402 4363
f 4363 4402 4362
f 4372 4403 4404
f 4372 4404 4386
f 4404 4405 4386
f 4386 4405 4385
f 4405 4406 4385
f 4385 4406 4384
f 4406 4407 4384
f 4384 4407 4383
f 4407 4408 4383
f 4408 4409 4383
f 4383 4409 4382
f 4409 4410 4382
f 4382 4410 4381
f 4410 4411 4381
f 4381 4411 4380
f 4379 4412 4413
f 4379 4413 4378
f 4413 4414 4378
f 4378 4414 4377
f 4414 4415 4377
f 4377 4415 4376
f 4415 4416 4376
f 4416 4417 4376
f 4376 4417 4375
f 4417 4418 4375
f 4375 4418 4374
f 4418 4419 4374
f 4374 4419 4373
f 4419 4420 4373
f 4373 4420 4370
f 4371 4421 4422
f 4371 4422 4393
f 4422 4423 4393
f 4393 4423 4392
f 4423 4424 4392
f 4392 4424 4391
f 4424 4425 4391
f 4391 4425 4390
f 4425 4426 4390
f 4426 4427 4390
f 4390 4427 4389
f 4427 4428 4389
f 4389 4428 4388
f 4428 4429 4388
f 4388 4429 4387
f 4370 4420 4371
f 4420 4421 4371
f 4380 4411 4379
f 4411 4412 4379
f 4362 4402 4372
f 4402 4403 4372
f 4387 4429 4369
f 4429 4394 4369
f 593 592 4430
f 2957 4430 4257
f 2957 2956 4431
f 2958 2957 4432
f 2957 4257 4432
f 4432 4257 4256
f 4430 2957 593
f 2957 4431 593
f 593 4431 3582
f 4433 1358 4434
f 1358 1338 4434
f 4434 1338 4435
f 1338 1341 4435
f 4435 1341 4436
f 1341 1344 4436
f 1344 1360 4436
f 4436 1360 4437
f 1360 1361 4437
f 4437 1361 4438
f 1361 1363 4438
f 4438 1363 4439
f 1363 1368 4439
f 4439 1368 4440
f 1368 1367 4440
f 4440 1367 4441
f 1367 1371 4441
f 4441 1371 4442
f 1371 1372 4442
f 4442 1372 4443
f 1372 1376 4443
f 4443 1376 4444
f 1376 1375 4444
f 4444 1375 4445
f 1375 1374 4445
f 4445 1374 4446
f 1374 1377 4446
f 4446 1377 4447
f 1377 1379 4447
f 4447 1379 4448
f 1379 1382 4448
f 4448 1382 4449
f 1382 1384 4449
f 4449 1384 4450
f 1384 1389 4450
f 4450 1389 4451
f 1389 1395 4451
f 4451 1395 4452
f 1395 1396 4452
f 4452 1396 4453
f 1396 1326 4453
f 4453 1326 4454
f 1326 1325 4454
f 4454 1325 4455
f 1325 1415 4455
f 4455 1415 4456
f 1415 1328 4456
f 4456 1328 4457
f 1328 1322 4457
f 4457 1322 4458
f 1322 1321 4458
f 4458 1321 4459
f 1321 1337 4459
f 4459 1337 4460
f 1337 1335 4460
f 4460 1335 4461
f 1335 1333 4461
f 4461 1333 4433
f 1333 1332 4433
f 4433 1332 1358
f 4462 4463 4464
f 4463 4465 4464
f 4464 4465 4466
f 4465 4467 4466
f 4466 4467 4468
f 4467 4469 4468
f 4468 4469 4470
f 4469 4471 4470
f 4470 4471 4472
f 4471 4473 4472
f 4472 4473 4474
f 4473 4475 4474
f 4474 4475 4476
f 4475 4477 4476
f 4476 4477 4478
f 4477 4479 4478
f 4478 4479 4480
f 4479 4481 4480
f 4480 4481 4482
f 4481 4483 4482
f 4482 4483 4484
f 4483 4485 4484
f 4484 4485 4486
f 4485 4487 4486
f 4486 4487 4488
f 4487 4489 4488
f 4488 4489 4490
f 4489 4491 4490
f 4490 4491 4492
f 4491 4493 4492
f 4492 4493 4494
f 4493 4495 4494
f 4494 4495 4496
f 4495 4497 4496
f 4496 4497 4498
f 4497 4499 4498
f 4498 4499 4500
f 4499 4501 4500
f 4500 4501 4502
f 4501 4503 4502
f 4502 4503 4504
f 4503 4505 4504
f 4504 4505 4506
f 4505 4507 4506
f 4506 4507 4508
f 4507 4509 4508
f 4508 4509 4510
f 4509 4511 4510
f 4510 4511 4512
f 4511 4513 4512
f 4512 4513 4514
f 4513 4515 4514
f 4514 4515 4516
f 4515 4517 4516
f 4516 4517 4518
f 4517 4519 4518
f 4518 4519 4520
f 4519 4521 4520
f 4520 4521 4462
f 4521 4463 4462
f 2490 2629 2482
f 2629 4333 2482
f 4330 2483 4331
f 2483 2482 4331
f 4331 2482 4332
f 2482 4333 4332
f 2628 2535 4359
f 2535 2487 4359
f 4359 2487 4360
f 2487 2489 4360
f 4360 2489 4361
f 2489 4357 4361
f 1434 4353 1400
f 4353 4356 1400
f 1400 4356 1402
f 4356 4355 1402
f 4336 1419 4337
f 1419 1441 4337
f 4337 1441 4334
f 2506 1474 1476
f 2506 1476 2507
f 1476 1483 2507
f 2507 1483 2509
f 1483 1482 2509
f 2509 1482 2511
f 1482 1498 2511
f 2511 1498 2512
f 2512 1498 2514
f 1498 1497 2514
f 2514 1497 2538
f 1497 1495 2538
f 2538 1495 2539
f 1495 1493 2539
f 2539 1493 2540
f 1493 1491 2540
f 2540 1491 2502
f 1491 1489 2502
f 2502 1489 2503
f 1489 1487 2503
f 2503 1487 2523
f 1487 1485 2523
f 2523 1485 2500
f 1485 1466 2500
f 2500 1466 2501
f 1466 1502 2501
f 2501 1502 2541
f 1502 1501 2541
f 2541 1501 1500
f 2541 1500 2542
f 1500 1499 2542
f 2542 1499 2543
f 1499 1508 2543
f 2543 1508 2571
f 1508 1507 2571
f 2571 1507 2572
f 1507 1506 2572
f 1506 1504 2572
f 2572 1504 2573
f 1504 1503 2573
f 1503 1509 2573
f 2573 1509 2574
f 1509 1510 2574
f 2574 1510 2575
f 1510 1516 2575
f 2575 1516 1515
f 2575 1515 2576
f 1515 1514 2576
f 2576 1514 2590
f 1514 1513 2590
f 2590 1513 2591
f 1513 1512 2591
f 2591 1512 2524
f 2524 1512 2517
f 1512 1712 2517
f 2517 1712 2518
f 1712 1714 2518
f 2518 1714 2546
f 1714 1716 2546
f 2546 1716 2545
f 1716 1718 2545
f 2545 1718 2544
f 1718 1720 2544
f 2544 1720 2547
f 1720 1722 2547
f 2547 1722 2548
f 1722 1724 2548
f 2548 1724 2549
f 1724 1726 2549
f 2549 1726 2598
f 1726 1728 2598
f 2598 1728 2599
f 1728 1520 2599
f 2599 1520 1518
f 2599 1518 2600
f 1518 1517 2600
f 2600 1517 2605
f 1517 1525 2605
f 2605 1525 2606
f 1525 1524 2606
f 2606 1524 2592
f 2592 1524 2593
f 1524 1532 2593
f 2593 1532 2580
f 1532 1535 2580
f 2580 1535 2581
f 1535 1320 2581
f 2581 1320 1319
f 1319 1542 2581
f 1542 1543 2581
f 2581 1543 2582
f 1543 1552 2582
f 1552 1550 2582
f 2582 1550 2583
f 1550 1549 2583
f 2583 1549 2584
f 1549 1547 2584
f 2584 1547 1545
f 2584 1545 2585
f 1545 1544 2585
f 2585 1544 2586
f 1544 1555 2586
f 2586 1555 2594
f 1555 1554 2594
f 2594 1554 2595
f 2595 1554 2525
f 1554 1767 2525
f 2525 1767 2526
f 1767 1765 2526
f 2526 1765 2527
f 1765 1763 2527
f 2527 1763 2528
f 1763 1761 2528
f 2528 1761 2491
f 1761 1759 2491
f 2491 1759 2492
f 1759 1758 2492
f 2492 1758 2504
f 1758 1565 2504
f 2504 1565 2505
f 1565 1563 2505
f 2505 1563 2607
f 1563 1561 2607
f 2607 1561 2608
f 1561 1557 2608
f 2608 1557 1556
f 2608 1556 2609
f 1556 1569 2609
f 2609 1569 2612
f 1569 1568 2612
f 2612 1568 2613
f 1568 1576 2613
f 2613 1576 2601
f 2601 1576 2602
f 1576 1575 2602
f 2602 1575 1574
f 2602 1574 2603
f 1574 1573 2603
f 2603 1573 2604
f 1573 1603 2604
f 2604 1603 2610
f 1603 1602 2610
f 2610 1602 2611
f 2611 1602 2563
f 1602 1600 2563
f 2563 1600 2564
f 1600 1598 2564
f 2564 1598 2529
f 1598 1596 2529
f 2529 1596 2530
f 1596 1594 2530
f 2530 1594 2531
f 1594 1592 2531
f 2531 1592 2532
f 1592 1590 2532
f 2532 1590 2565
f 1590 1588 2565
f 2565 1588 2566
f 1588 1586 2566
f 2566 1586 2567
f 1586 1584 2567
f 2567 1584 2568
f 1584 1582 2568
f 2568 1582 1580
f 2568 1580 2596
f 1580 1578 2596
f 2596 1578 2597
f 1578 1577 2597
f 2597 1577 2550
f 1577 1608 2550
f 2550 1608 2551
f 1608 1609 2551
f 1609 1610 2551
f 2551 1610 2552
f 1610 1611 2552
f 1611 1621 2552
f 2552 1621 2553
f 1621 1620 2553
f 2553 1620 2554
f 1620 1619 2554
f 2554 1619 1617
f 2554 1617 2533
f 1617 1616 2533
f 2533 1616 2534
f 1616 1639 2534
f 2534 1639 2555
f 1639 1642 2555
f 2555 1642 2556
f 2556 1642 2495
f 1642 1644 2495
f 2495 1644 2494
f 1644 1646 2494
f 2494 1646 2493
f 1646 1648 2493
f 2493 1648 2496
f 1648 1650 2496
f 2496 1650 2497
f 1650 1652 2497
f 2497 1652 2498
f 1652 1654 2498
f 2498 1654 2499
f 1654 1656 2499
f 2499 1656 2587
f 1656 1658 2587
f 2587 1658 2588
f 1658 1660 2588
f 2588 1660 2589
f 1660 1662 2589
f 2589 1662 1630
f 2589 1630 2577
f 1630 1665 2577
f 2577 1665 2578
f 1665 1679 2578
f 2578 1679 2579
f 1679 1667 2579
f 2579 1667 2519
f 2519 1667 2520
f 1667 1674 2520
f 2520 1674 2557
f 1674 1685 2557
f 1685 1684 2557
f 2557 1684 2558
f 1684 1682 2558
f 1682 1681 2558
f 1681 1680 2558
f 2558 1680 2559
f 1680 1686 2559
f 2559 1686 2485
f 1686 1408 2485
f 2485 1408 2486
f 1408 1406 2486
f 4330 4334 2483
f 4334 1441 2483
f 2483 1441 2484
f 1441 1477 2484
f 2484 1477 2506
f 1477 1474 2506
f 2488 1404 2489
f 1404 1402 2489
f 2489 1402 4357
f 1402 4355 4357
f 4515 4522 4517
f 4522 4523 4517
f 4517 4523 4519
f 4524 4525 4475
f 4481 4526 4483
f 4526 4527 4483
f 4483 4527 4485
f 4519 4523 4521
f 4523 4528 4521
f 4521 4528 4463
f 4528 4529 4463
f 4463 4529 4465
f 4475 4525 4477
f 4525 4530 4477
f 4477 4530 4479
f 4530 4531 4479
f 4479 4531 4481
f 4531 4532 4481
f 4481 4532 4526
f 4469 4533 4471
f 4533 4524 4471
f 4471 4524 4473
f 4524 4475 4473
f 4465 4529 4467
f 4529 4534 4467
f 4467 4534 4469
f 4534 4535 4469
f 4469 4535 4533
f 4485 4527 4487
f 4527 4536 4487
f 4487 4536 4489
f 4536 4537 4489
f 4489 4537 4491
f 4537 4538 4491
f 4491 4538 4493
f 4538 4539 4493
f 4493 4539 4495
f 4539 4540 4495
f 4495 4540 4497
f 4540 4541 4497
f 4497 4541 4499
f 4541 4542 4499
f 4499 4542 4501
f 4542 4543 4501
f 4501 4543 4503
f 4543 4544 4503
f 4503 4544 4505
f 4544 4545 4505
f 4505 4545 4507
f 4545 4546 4507
f 4507 4546 4509
f 4546 4547 4509
f 4509 4547 4511
f 4547 4548 4511
f 4511 4548 4513
f 4548 4549 4513
f 4513 4549 4515
f 4549 4550 4515
f 4515 4550 4522
f 4528 4453 4529
f 4453 4454 4529
f 4529 4454 4534
f 4454 4455 4534
f 4534 4455 4535
f 4455 4456 4535
f 4535 4456 4533
f 4456 4457 4533
f 4533 4457 4524
f 4457 4458 4524
f 4524 4458 4525
f 4458 4459 4525
f 4525 4459 4530
f 4459 4460 4530
f 4530 4460 4531
f 4460 4461 4531
f 4531 4461 4532
f 4461 4433 4532
f 4532 4433 4526
f 4433 4434 4526
f 4526 4434 4527
f 4434 4435 4527
f 4527 4435 4536
f 4435 4436 4536
f 4536 4436 4537
f 4436 4437 4537
f 4537 4437 4538
f 4437 4438 4538
f 4538 4438 4539
f 4438 4439 4539
f 4539 4439 4540
f 4439 4440 4540
f 4540 4440 4541
f 4440 4441 4541
f 4541 4441 4542
f 4441 4442 4542
f 4542 4442 4543
f 4442 4443 4543
f 4543 4443 4544
f 4443 4444 4544
f 4544 4444 4545
f 4444 4445 4545
f 4545 4445 4546
f 4445 4446 4546
f 4546 4446 4547
f 4446 4447 4547
f 4547 4447 4548
f 4447 4448 4548
f 4548 4448 4549
f 4448 4449 4549
f 4549 4449 4550
f 4449 4450 4550
f 4550 4450 4522
f 4450 4451 4522
f 4522 4451 4523
f 4451 4452 4523
f 4523 4452 4528
f 4452 4453 4528
f 4551 4292 4552
f 4292 4290 4552
f 4552 4290 4553
f 4553 4290 4554
f 4290 4288 4554
f 4554 4288 4555
f 4288 1803 4555
f 4555 1803 1802
f 4556 4557 4558
f 4559 4560 4561
f 4562 4563 4564
f 4565 4551 4552
f 2082 4566 2081
f 2078 4203 4567
f 2086 2085 4568
f 2085 2084 4568
f 4566 2082 4568
f 2082 2087 4568
f 4568 2087 2086
f 4569 4570 2074
f 4570 4571 2074
f 2074 4571 2075
f 4572 1811 1810
f 4573 1808 1806
f 4555 1802 1809
f 4574 4575 4562
f 4576 4577 4578
f 4577 4579 4578
f 4578 4579 4580
f 4581 4582 4583
f 4582 4576 4583
f 4583 4576 4584
f 4576 4578 4584
f 4567 4203 4585
f 4203 4204 4585
f 4585 4204 4205
f 4205 4206 4585
f 4206 4196 4585
f 4585 4196 4195
f 4563 4565 4564
f 4565 4552 4564
f 4564 4552 4586
f 4552 4553 4586
f 4587 4561 4588
f 4561 4560 4588
f 4588 4560 4589
f 4590 4588 4580
f 4588 4589 4580
f 4580 4589 4578
f 4589 4560 4578
f 4578 4560 4584
f 4560 4559 4584
f 4584 4559 4583
f 4558 4591 4567
f 4591 2079 4567
f 4567 2079 2078
f 4557 4556 4592
f 4556 4593 4592
f 4592 4593 4569
f 4593 4594 4569
f 4569 4594 4570
f 4594 4595 4570
f 4570 4595 4571
f 2074 2081 4569
f 2081 4566 4569
f 4569 4566 4592
f 4566 4568 4592
f 4592 4568 4557
f 4568 2084 4557
f 4557 2084 4558
f 2084 2083 4558
f 4558 2083 4591
f 2083 2080 4591
f 4591 2080 2079
f 4553 4554 4586
f 4554 4555 4586
f 4586 4555 4573
f 4555 1809 4573
f 4573 1809 1808
f 4562 4564 4574
f 4564 4586 4574
f 4574 4586 4596
f 4586 4573 4596
f 4596 4573 4597
f 4573 1806 4597
f 4597 1806 4598
f 1806 1812 4598
f 4598 1812 1811
f 1811 4572 4598
f 4572 4599 4598
f 4598 4599 4597
f 4599 4587 4597
f 4597 4587 4596
f 4587 4588 4596
f 4596 4588 4574
f 4588 4590 4574
f 4574 4590 4575
f 4585 4581 4567
f 4581 4583 4567
f 4567 4583 4558
f 4583 4559 4558
f 4558 4559 4556
f 4559 4561 4556
f 4556 4561 4593
f 4561 4587 4593
f 4593 4587 4594
f 4587 4599 4594
f 4594 4599 4595
f 4599 4572 4595
f 4595 4572 4571
f 4572 1810 4571
f 4571 1810 2075
f 1858 4260 1817
f 4260 4600 1817
f 4600 4260 4601
f 4260 4258 4601
f 4601 4258 4602
f 4602 4258 4603
f 4258 4257 4603
f 4603 4257 4604
f 4602 4603 4605
f 1813 4606 2002
f 4607 4608 4609
f 4608 1899 4609
f 4610 4611 4612
f 4611 4613 4612
f 4610 4614 4611
f 4614 4615 4611
f 4611 4615 4608
f 4615 4616 4608
f 4608 4616 1899
f 4617 4618 4619
f 4618 4620 4619
f 4621 4622 4623
f 4624 4625 4626
f 4625 4605 4626
f 4626 4605 4627
f 4603 4604 4605
f 4604 4628 4605
f 4605 4628 4627
f 4629 1818 4630
f 1818 1817 4630
f 4630 1817 4600
f 1815 1816 4631
f 1816 1821 4631
f 4631 1821 4632
f 4633 2004 4634
f 2004 2003 4634
f 4634 2003 2002
f 2000 1999 4635
f 1999 1998 4635
f 4635 1998 4636
f 1998 1997 4636
f 4600 4601 4630
f 4601 4637 4630
f 4630 4637 4629
f 4637 4638 4629
f 4629 4638 4639
f 4638 4640 4639
f 1813 1815 4606
f 1815 4631 4606
f 4606 4631 4641
f 4631 4632 4641
f 4641 4632 4639
f 4632 1821 4639
f 4639 1821 4629
f 1821 1820 4629
f 4629 1820 1818
f 2001 2000 4642
f 2000 4635 4642
f 4642 4635 4643
f 4635 4636 4643
f 4643 4636 4633
f 4636 1997 4633
f 4633 1997 2004
f 4644 4645 4646
f 4645 4647 4646
f 4646 4647 4607
f 4647 4648 4607
f 4607 4648 4608
f 1899 1898 4609
f 1898 2001 4609
f 4609 2001 4607
f 2001 4642 4607
f 4607 4642 4646
f 4642 4643 4646
f 4646 4643 4644
f 4643 4633 4644
f 4644 4633 4649
f 4633 4634 4649
f 4623 4650 4621
f 4650 4651 4621
f 4621 4651 4622
f 4651 4625 4622
f 4622 4625 4652
f 4625 4624 4652
f 4601 4602 4637
f 4602 4605 4637
f 4637 4605 4638
f 4605 4625 4638
f 4638 4625 4640
f 4625 4651 4640
f 4640 4651 4653
f 4651 4650 4653
f 4653 4650 4619
f 4650 4623 4619
f 4619 4623 4617
f 2002 4606 4634
f 4606 4641 4634
f 4634 4641 4649
f 4641 4639 4649
f 4649 4639 4644
f 4639 4640 4644
f 4644 4640 4645
f 4640 4653 4645
f 4645 4653 4647
f 4653 4619 4647
f 4647 4619 4648
f 4619 4620 4648
f 4648 4620 4608
f 4620 4654 4608
f 4608 4654 4611
f 4655 603 4656
f 603 612 4656
f 612 614 4656
f 614 616 4656
f 4656 616 4296
f 616 617 4296
f 4296 617 618
f 618 608 4296
f 608 619 4296
f 4296 619 620
f 377 4657 4658
f 4657 368 4658
f 4658 368 4659
f 368 366 4659
f 4659 366 4660
f 366 358 4660
f 4660 358 4661
f 358 361 4661
f 4661 361 4662
f 361 350 4662
f 4662 350 4663
f 350 223 4663
f 4663 223 4664
f 223 222 4664
f 4664 222 4665
f 222 221 4665
f 4665 221 4656
f 221 607 4656
f 4656 607 4655
f 377 4658 375
f 4658 4666 375
f 375 4666 370
f 4666 4667 370
f 370 4667 371
f 4667 4668 371
f 371 4668 397
f 4668 4669 397
f 397 4669 394
f 4669 4670 394
f 394 4670 598
f 4670 4671 598
f 598 4671 599
f 4671 4672 599
f 599 4672 602
f 4672 4673 602
f 602 4673 4674
f 4430 592 591
f 464 596 4673
f 591 590 4430
f 590 587 4430
f 4430 587 4673
f 587 459 4673
f 4673 459 464
f 596 595 4673
f 595 594 4673
f 4673 594 4674
f 4616 4615 4675
f 4615 4614 4675
f 4675 4614 4610
f 4610 4612 4676
f 4612 4613 4676
f 4677 1995 4678
f 1995 1994 4678
f 4678 1994 1899
f 1996 4679 1991
f 4679 4680 1991
f 1991 4680 1992
f 4681 4680 4682
f 4680 4679 4682
f 4682 4679 4677
f 4679 1996 4677
f 4677 1996 1995
f 4683 4157 4156
f 4684 4685 4686
f 4685 4683 4686
f 4686 4683 4687
f 4613 4688 4676
f 4688 4689 4676
f 4676 4689 4690
f 4691 4169 4168
f 4168 4174 4691
f 4174 4692 4691
f 4691 4692 4693
f 4693 4694 4691
f 4694 4695 4691
f 4691 4695 4696
f 4697 4698 4699
f 4698 4700 4699
f 4699 4700 4695
f 4700 4701 4695
f 4695 4701 4696
f 1899 4616 4678
f 4616 4675 4678
f 4678 4675 4677
f 4675 4610 4677
f 4677 4610 4682
f 4610 4676 4682
f 4682 4676 4702
f 4676 4690 4702
f 4702 4690 4703
f 4690 4684 4703
f 4703 4684 4704
f 4684 4686 4704
f 4704 4686 4705
f 4686 4687 4705
f 4156 4158 4683
f 4158 4162 4683
f 4683 4162 4687
f 4162 4161 4687
f 4687 4161 4705
f 4161 4160 4705
f 4159 4166 4696
f 4166 4164 4696
f 4696 4164 4691
f 4164 4163 4691
f 4691 4163 4169
f 4160 4159 4705
f 4159 4696 4705
f 4705 4696 4704
f 4696 4701 4704
f 4704 4701 4703
f 4701 4700 4703
f 4703 4700 4702
f 4700 4698 4702
f 4702 4698 4682
f 4698 4697 4682
f 4682 4697 4681
f 4173 4171 4706
f 4707 4708 4709
f 1979 1993 4710
f 1975 1977 4711
f 1977 4712 4711
f 4713 4714 4715
f 4714 4716 4715
f 4715 4716 4717
f 4716 4718 4717
f 4717 4718 4712
f 4718 4719 4712
f 4712 4719 4711
f 4170 4178 4720
f 4178 4176 4720
f 4176 4175 4721
f 4175 4113 4721
f 4176 4721 4720
f 4721 4722 4720
f 4720 4722 4723
f 4722 4709 4723
f 4723 4709 4724
f 4707 4709 4725
f 4709 4722 4725
f 4725 4722 4726
f 4722 4721 4726
f 4726 4721 4727
f 4721 4113 4727
f 4727 4113 4112
f 4174 4173 4692
f 4173 4706 4692
f 4692 4706 4693
f 4706 4728 4693
f 1993 1992 4710
f 1992 4680 4710
f 4710 4680 4729
f 4680 4681 4729
f 4729 4681 4730
f 4681 4697 4730
f 4730 4697 4731
f 4697 4699 4731
f 4731 4699 4732
f 4699 4695 4732
f 4732 4695 4728
f 4695 4694 4728
f 4728 4694 4693
f 4713 4724 4714
f 4724 4709 4714
f 4714 4709 4733
f 4709 4708 4733
f 1977 1979 4712
f 1979 4710 4712
f 4712 4710 4717
f 4710 4729 4717
f 4717 4729 4715
f 4729 4730 4715
f 4715 4730 4713
f 4730 4731 4713
f 4713 4731 4724
f 4731 4732 4724
f 4724 4732 4723
f 4732 4728 4723
f 4723 4728 4720
f 4728 4706 4720
f 4720 4706 4170
f 4706 4171 4170
f 4119 4118 4734
f 4726 4727 4735
f 4727 4112 4735
f 4736 4241 4240
f 4244 4243 4737
f 4719 4718 4738
f 1961 2347 1939
f 2347 4243 1939
f 1939 4243 1937
f 4243 1935 1937
f 2347 2346 4243
f 2346 2340 4243
f 4243 2340 4737
f 2340 2338 4737
f 2338 2336 4737
f 4737 2336 2334
f 4711 2345 2344
f 2344 1965 1949
f 2344 1949 4711
f 1949 1973 4711
f 4711 1973 1975
f 4719 4737 4711
f 4737 2334 4711
f 4711 2334 2345
f 4738 4718 4739
f 4718 4716 4739
f 4739 4716 4740
f 4719 4738 4737
f 4738 4251 4737
f 4737 4251 4244
f 4740 4255 4739
f 4255 4254 4739
f 4739 4254 4738
f 4254 4252 4738
f 4738 4252 4251
f 4734 4741 4736
f 4734 4118 4741
f 4118 4116 4741
f 4741 4116 4122
f 4122 4230 4741
f 4230 4229 4741
f 4741 4229 4736
f 4229 4242 4736
f 4736 4242 4241
f 4725 4726 4742
f 4726 4735 4742
f 4735 4743 4742
f 4742 4743 4744
f 4112 4119 4735
f 4119 4734 4735
f 4735 4734 4743
f 4734 4736 4743
f 4743 4736 4744
f 4736 4240 4744
f 4744 4240 4740
f 4240 4239 4740
f 4740 4239 4255
f 4716 4714 4740
f 4714 4733 4740
f 4740 4733 4744
f 4733 4708 4744
f 4744 4708 4742
f 4708 4707 4742
f 4742 4707 4725
f 4669 4683 4685
f 4684 4690 4654
f 4690 4689 4654
f 4689 4688 4654
f 4654 4688 4611
f 4688 4613 4611
f 4667 4107 4668
f 4107 4106 4668
f 4668 4106 4669
f 4106 4157 4669
f 4669 4157 4683
f 4666 4154 4667
f 4154 4153 4667
f 4667 4153 4107
f 4658 4148 4666
f 4148 4155 4666
f 4666 4155 4154
f 4659 4151 4658
f 4151 4150 4658
f 4658 4150 4148
f 4660 4146 4659
f 4146 4145 4659
f 4659 4145 4151
f 4661 4141 4660
f 4141 4142 4660
f 4660 4142 4146
f 4585 4195 4208
f 4210 4214 4662
f 4214 4216 4662
f 4216 4194 4662
f 4194 4138 4662
f 4662 4138 4661
f 4138 4137 4661
f 4661 4137 4141
f 4208 4210 4585
f 4210 4662 4585
f 4585 4662 4581
f 4662 4663 4581
f 4581 4663 4582
f 4580 4579 4664
f 4579 4577 4664
f 4664 4577 4663
f 4577 4576 4663
f 4663 4576 4582
f 4563 4562 4665
f 4562 4575 4665
f 4665 4575 4664
f 4575 4590 4664
f 4664 4590 4580
f 4563 4665 4565
f 4665 4656 4565
f 4565 4656 4551
f 4672 4628 4673
f 4628 4604 4673
f 4671 4622 4672
f 4622 4652 4672
f 4672 4652 4624
f 4624 4626 4672
f 4626 4627 4672
f 4672 4627 4628
f 4685 4684 4669
f 4684 4654 4669
f 4669 4654 4670
f 4654 4620 4670
f 4620 4618 4670
f 4618 4617 4670
f 4670 4617 4671
f 4617 4623 4671
f 4671 4623 4622
f 4292 4551 4296
f 4551 4656 4296
f 4408 4407 4604
f 4407 4406 4604
f 4429 4428 4430
f 4398 4397 4673
f 4428 4427 4430
f 4427 4426 4430
f 4430 4426 4425
f 4402 4401 4673
f 4401 4400 4673
f 4400 4399 4673
f 4673 4399 4398
f 4406 4405 4604
f 4405 4404 4604
f 4604 4404 4673
f 4404 4403 4673
f 4673 4403 4402
f 4397 4396 4673
f 4396 4395 4673
f 4673 4395 4430
f 4395 4394 4430
f 4430 4394 4429
f 4425 4424 4430
f 4424 4423 4430
f 4430 4423 4422
f 4418 4417 4257
f 4417 4416 4257
f 4257 4416 4415
f 4415 4414 4257
f 4414 4413 4257
f 4257 4413 4412
f 4412 4411 4257
f 4411 4410 4257
f 4257 4410 4604
f 4410 4409 4604
f 4604 4409 4408
f 4422 4421 4430
f 4421 4420 4430
f 4430 4420 4257
f 4420 4419 4257
f 4257 4419 4418
f 3269 3270 3418
f 3424 3415 3942
f 3941 3420 3942
f 3420 3422 3942
f 3942 3422 3424
f 3418 3420 3269
f 3420 3941 3269
f 3269 3941 3267
f 3941 3975 3267
f 3267 3975 3265
f 3975 3263 3265
f 3570 3569 2748
f 3569 3568 2748
f 2748 3568 2749
f 3570 2748 3571
f 2748 3871 3571
f 3571 3871 3572
f 3871 3902 3572
f 3572 3902 3573
f 3450 3452 3901
f 3452 3453 3901
f 3453 3455 3901
f 3455 3575 3901
f 3901 3575 3902
f 3575 3574 3902
f 3902 3574 3573
f 4518 4520 4078
f 4520 4462 4078
f 4078 4462 4077
f 4462 4464 4077
f 4077 4464 4105
f 4464 4466 4105
f 4105 4466 4104
f 4466 4468 4104
f 4104 4468 4103
f 4468 4470 4103
f 4103 4470 4102
f 4470 4472 4102
f 4102 4472 4101
f 4472 4474 4101
f 4101 4474 4100
f 4474 4476 4100
f 4100 4476 4099
f 4476 4478 4099
f 4099 4478 4098
f 4478 4480 4098
f 4098 4480 4097
f 4480 4482 4097
f 4097 4482 4096
f 4482 4484 4096
f 4096 4484 4095
f 4484 4486 4095
f 4095 4486 4094
f 4486 4488 4094
f 4094 4488 4093
f 4488 4490 4093
f 4093 4490 4092
f 4490 4492 4092
f 4092 4492 4091
f 4492 4494 4091
f 4091 4494 4090
f 4494 4496 4090
f 4090 4496 4089
f 4496 4498 4089
f 4089 4498 4088
f 4498 4500 4088
f 4088 4500 4087
f 4500 4502 4087
f 4087 4502 4086
f 4502 4504 4086
f 4086 4504 4085
f 4504 4506 4085
f 4085 4506 4084
f 4506 4508 4084
f 4084 4508 4083
f 4508 4510 4083
f 4083 4510 4082
f 4510 4512 4082
f 4082 4512 4081
f 4512 4514 4081
f 4081 4514 4080
f 4514 4516 4080
f 4080 4516 4079
f 4516 4518 4079
f 4079 4518 4078
f 2640 1437 1436
f 2640 1436 4339
f 1436 1419 4339
f 4339 1419 4336
f 1462 2630 4354
f 1462 4354 1463
f 4354 4353 1463
f 1463 4353 1434
f 2772 4327 2773
f 4327 4325 2773
f 2773 4325 2774
f 3468 3467 2759
f 2752 2785 3472
f 4350 4349 2786
f 4349 4348 2786
f 2786 4348 4347
f 4346 4345 3467
f 2755 2754 3469
f 2754 2753 3469
f 3469 2753 3470
f 2753 2752 3470
f 3470 2752 3471
f 2752 3472 3471
f 3541 2784 3542
f 2784 3543 3542
f 4325 4326 2774
f 4326 4745 2774
f 2774 4745 2775
f 4745 4746 2775
f 2775 4746 2776
f 4746 4747 2776
f 2776 4747 2777
f 4747 4748 2777
f 2777 4748 2778
f 4748 4749 2778
f 2778 4749 2779
f 4749 4750 2779
f 2779 4750 2780
f 4750 4751 2780
f 2780 4751 2781
f 4751 4752 2781
f 2781 4752 2782
f 4752 4753 2782
f 2782 4753 2783
f 4753 3533 2783
f 2783 3533 3534
f 3541 3540 2784
f 3540 3539 2784
f 2784 3539 2785
f 3539 3538 2785
f 2785 3538 3472
f 3361 2761 3378
f 2761 2760 3378
f 3378 2760 3358
f 4345 4344 3467
f 4344 4343 3467
f 3467 4343 2759
f 4343 4342 2759
f 2759 4342 4341
f 2759 2758 3468
f 2758 2757 3468
f 3468 2757 3469
f 2757 2756 3469
f 3469 2756 2755
f 3534 3535 2783
f 3535 3536 2783
f 2783 3536 2784
f 3536 3537 2784
f 2784 3537 3543
f 2762 3363 3362
f 2790 2789 3354
f 2789 2788 3354
f 3354 2788 3352
f 2788 2787 3352
f 3352 2787 3270
f 2787 2786 3270
f 3270 2786 3467
f 2786 4347 3467
f 3467 4347 4346
f 4358 4352 2786
f 4352 4351 2786
f 2786 4351 4350
f 4328 4327 4754
f 4327 2772 4754
f 4754 2772 4755
f 2772 2771 4755
f 4755 2771 4756
f 2771 2770 4756
f 4756 2770 4757
f 2770 2769 4757
f 4757 2769 4758
f 2769 2768 4758
f 4758 2768 4759
f 2768 2767 4759
f 4759 2767 4760
f 2767 2766 4760
f 4760 2766 4761
f 2766 2765 4761
f 4761 2765 4762
f 2765 2764 4762
f 4762 2764 3329
f 2764 2763 3329
f 2763 3320 3334
f 3358 2760 3356
f 2760 2792 3356
f 3356 2792 3354
f 2792 2791 3354
f 3354 2791 2790
f 4335 4329 4340
f 4329 2759 4340
f 4340 2759 4338
f 2759 4341 4338
f 3334 3333 2763
f 3333 3331 2763
f 2763 3331 3329
f 3362 3326 2762
f 3326 3324 2762
f 2762 3324 2763
f 3324 3322 2763
f 2763 3322 3320
f 3361 3368 2761
f 3368 3367 2761
f 2761 3367 2762
f 3367 3365 2762
f 2762 3365 3363
f 4326 4304 4745
f 4304 4303 4745
f 4745 4303 4301
f 4300 4298 4763
f 4298 4297 4763
f 4763 4297 4305
f 4305 4307 4763
f 4307 4308 4763
f 4763 4308 4764
f 4765 3410 3409
f 3409 3563 4753
f 3563 3565 4753
f 4753 3565 3550
f 3550 3548 4753
f 3548 3547 4753
f 4753 3547 3533
f 3329 3403 4762
f 3403 3402 4762
f 4762 3402 3404
f 3404 3389 4762
f 3389 3387 4762
f 4762 3387 3385
f 4308 4310 4764
f 4310 4315 4764
f 4764 4315 4766
f 4315 4314 4766
f 4766 4314 4312
f 4312 4311 4766
f 4311 4320 4766
f 4766 4320 4319
f 4319 4317 4754
f 4317 4316 4754
f 4754 4316 4324
f 4324 4323 4754
f 4323 4322 4754
f 4754 4322 4328
f 4319 4754 4766
f 4754 4755 4766
f 4766 4755 4767
f 4755 4756 4767
f 4767 4756 4768
f 4756 4757 4768
f 4768 4757 4769
f 4757 4758 4769
f 4769 4758 4770
f 4758 4759 4770
f 4770 4759 4771
f 4759 4760 4771
f 4771 4760 4772
f 4760 4761 4772
f 4772 4761 4773
f 4761 4762 4773
f 4773 4762 4774
f 4762 3385 4774
f 4774 3385 3408
f 3409 4753 4765
f 4753 4752 4765
f 4765 4752 4775
f 4752 4751 4775
f 4775 4751 4776
f 4751 4750 4776
f 4776 4750 4777
f 4750 4749 4777
f 4777 4749 4778
f 4749 4748 4778
f 4778 4748 4779
f 4748 4747 4779
f 4779 4747 4780
f 4747 4746 4780
f 4780 4746 4781
f 4746 4745 4781
f 4781 4745 4763
f 4745 4301 4763
f 4763 4301 4300
f 2956 2986 4431
f 2986 2985 4431
f 4431 2985 4782
f 2985 2984 4782
f 4782 2984 4783
f 2984 2983 4783
f 4783 2983 4784
f 2983 2982 4784
f 4784 2982 4785
f 2982 2981 4785
f 4785 2981 4786
f 2981 2980 4786
f 4786 2980 4787
f 2980 2979 4787
f 4787 2979 4788
f 2979 2978 4788
f 4788 2978 4789
f 2978 2977 4789
f 4789 2977 4790
f 2977 2976 4790
f 4790 2976 4791
f 2976 2975 4791
f 4791 2975 4792
f 2975 2974 4792
f 4792 2974 4793
f 2974 2973 4793
f 4793 2973 4794
f 2973 2972 4794
f 4794 2972 4795
f 2972 2971 4795
f 4795 2971 4796
f 2971 2970 4796
f 4796 2970 4797
f 2970 2969 4797
f 4797 2969 4798
f 2969 2968 4798
f 4798 2968 4799
f 2968 2967 4799
f 4799 2967 4800
f 2967 2966 4800
f 4800 2966 4801
f 2966 2965 4801
f 4801 2965 4802
f 2965 2964 4802
f 4802 2964 4803
f 2964 2963 4803
f 4803 2963 4804
f 2963 2962 4804
f 4804 2962 4805
f 2962 2961 4805
f 4805 2961 4806
f 2961 2960 4806
f 4806 2960 4432
f 2960 2959 4432
f 4432 2959 2958
f 2869 2868 4294
f 2866 2896 4295
f 2896 2895 4295
f 4295 2895 4807
f 2895 2894 4807
f 4807 2894 4808
f 2894 2893 4808
f 4808 2893 4809
f 2893 2892 4809
f 4809 2892 4810
f 2892 2891 4810
f 4810 2891 4811
f 2891 2890 4811
f 4811 2890 4812
f 2890 2889 4812
f 4812 2889 4813
f 2889 2888 4813
f 4813 2888 4814
f 2888 2887 4814
f 4814 2887 4815
f 2887 2886 4815
f 4815 2886 4816
f 2886 2885 4816
f 4816 2885 4817
f 2885 2884 4817
f 4817 2884 4818
f 2884 2883 4818
f 4818 2883 4819
f 2883 2882 4819
f 4819 2882 4820
f 2882 2881 4820
f 4820 2881 4821
f 2881 2880 4821
f 4821 2880 4822
f 2880 2879 4822
f 4822 2879 4823
f 2879 2878 4823
f 4823 2878 4824
f 2878 2877 4824
f 4824 2877 4825
f 2877 2876 4825
f 4825 2876 4826
f 2876 2875 4826
f 4826 2875 4827
f 2875 2874 4827
f 4827 2874 4828
f 2874 2873 4828
f 4828 2873 4829
f 2873 2872 4829
f 4829 2872 4830
f 2872 2871 4830
f 4830 2871 4294
f 2871 2870 4294
f 4294 2870 2869
f 3229 3228 4283
f 3229 4283 3230
f 4283 4831 3230
f 3230 4831 3231
f 4831 4832 3231
f 3231 4832 3232
f 4832 4833 3232
f 3232 4833 3233
f 4833 4834 3233
f 3233 4834 3234
f 4834 4835 3234
f 3234 4835 3235
f 4835 4836 3235
f 3235 4836 3236
f 4836 4837 3236
f 3236 4837 3237
f 4837 4838 3237
f 3237 4838 3238
f 4838 4839 3238
f 3238 4839 3239
f 4839 4840 3239
f 3239 4840 3240
f 4840 4841 3240
f 3240 4841 3241
f 4841 4842 3241
f 3241 4842 3242
f 4842 4843 3242
f 3242 4843 3243
f 4843 4844 3243
f 3243 4844 3244
f 4844 4845 3244
f 3244 4845 3245
f 4845 4846 3245
f 3245 4846 3246
f 4846 4847 3246
f 3246 4847 3247
f 4847 4848 3247
f 3247 4848 3248
f 4848 4849 3248
f 3248 4849 3249
f 4849 4850 3249
f 3249 4850 3250
f 4850 4851 3250
f 3250 4851 3251
f 4851 4852 3251
f 3251 4852 3252
f 4852 4853 3252
f 3252 4853 3253
f 4853 4854 3253
f 3253 4854 3254
f 4854 4855 3254
f 3254 4855 3255
f 4855 4267 3255
f 3255 4267 3226
f 3046 3076 4264
f 3076 3075 4264
f 4264 3075 4856
f 3075 3074 4856
f 4856 3074 4857
f 3074 3073 4857
f 4857 3073 4858
f 3073 3072 4858
f 4858 3072 4859
f 3072 3071 4859
f 4859 3071 4860
f 3071 3070 4860
f 4860 3070 4861
f 3070 3069 4861
f 4861 3069 4862
f 3069 3068 4862
f 4862 3068 4863
f 3068 3067 4863
f 4863 3067 4864
f 3067 3066 4864
f 4864 3066 4865
f 3066 3065 4865
f 4865 3065 4866
f 3065 3064 4866
f 4866 3064 4867
f 3064 3063 4867
f 4867 3063 4868
f 3063 3062 4868
f 4868 3062 4869
f 3062 3061 4869
f 4869 3061 4870
f 3061 3060 4870
f 4870 3060 4871
f 3060 3059 4871
f 4871 3059 4872
f 3059 3058 4872
f 4872 3058 4873
f 3058 3057 4873
f 4873 3057 4874
f 3057 3056 4874
f 4874 3056 4875
f 3056 3055 4875
f 4875 3055 4876
f 3055 3054 4876
f 4876 3054 4877
f 3054 3053 4877
f 4877 3053 4878
f 3053 3052 4878
f 4878 3052 4879
f 3052 3051 4879
f 4879 3051 4880
f 3051 3050 4880
f 4880 3050 4263
f 3050 3049 4263
f 4263 3049 3048
f 3139 3138 4287
f 3136 3166 4275
f 3166 3165 4275
f 4275 3165 4881
f 3165 3164 4881
f 4881 3164 4882
f 3164 3163 4882
f 4882 3163 4883
f 3163 3162 4883
f 4883 3162 4884
f 3162 3161 4884
f 4884 3161 4885
f 3161 3160 4885
f 4885 3160 4886
f 3160 3159 4886
f 4886 3159 4887
f 3159 3158 4887
f 4887 3158 4888
f 3158 3157 4888
f 4888 3157 4889
f 3157 3156 4889
f 4889 3156 4890
f 3156 3155 4890
f 4890 3155 4891
f 3155 3154 4891
f 4891 3154 4892
f 3154 3153 4892
f 4892 3153 4893
f 3153 3152 4893
f 4893 3152 4894
f 3152 3151 4894
f 4894 3151 4895
f 3151 3150 4895
f 4895 3150 4896
f 3150 3149 4896
f 4896 3149 4897
f 3149 3148 4897
f 4897 3148 4898
f 3148 3147 4898
f 4898 3147 4899
f 3147 3146 4899
f 4899 3146 4900
f 3146 3145 4900
f 4900 3145 4901
f 3145 3144 4901
f 4901 3144 4902
f 3144 3143 4902
f 4902 3143 4903
f 3143 3142 4903
f 4903 3142 4904
f 3142 3141 4904
f 4904 3141 4287
f 3141 3140 4287
f 4287 3140 3139
f 2679 2678 4044
f 2678 3576 4044
f 4044 3576 4047
f 3867 3865 3581
f 2681 2680 3581
f 2680 3868 3581
f 3581 3868 3867
f 4905 4906 4907
f 4906 4908 4907
f 4906 4905 4909
f 4906 4909 4910
f 4909 4911 4910
f 4910 4911 4912
f 4911 4913 4912
f 4912 4913 4914
f 4913 4915 4914
f 4914 4915 4916
f 4915 4917 4916
f 4916 4917 4918
f 4917 4919 4918
f 4918 4919 4920
f 4919 4921 4920
f 4920 4921 4922
f 4921 4923 4922
f 4922 4923 4924
f 4925 4926 4927
f 4925 4927 4928
f 4927 4929 4928
f 4928 4929 4930
f 4929 4931 4930
f 4930 4931 4932
f 4931 4933 4932
f 4932 4933 4934
f 4933 4935 4934
f 4934 4935 4936
f 4935 4937 4936
f 4936 4937 4938
f 4937 4939 4938
f 4938 4939 4940
f 4939 4907 4940
f 4940 4907 4908
f 4924 4923 4941
f 4923 4942 4941
f 4926 4925 4943
f 4925 4944 4943
f 4941 4942 4945
f 4941 4945 4946
f 4945 4947 4946
f 4946 4947 4948
f 4947 4949 4948
f 4948 4949 4950
f 4949 4951 4950
f 4950 4951 4952
f 4951 4953 4952
f 4952 4953 4954
f 4953 4955 4954
f 4954 4955 4956
f 4955 4957 4956
f 4956 4957 4958
f 4957 4959 4958
f 4958 4959 4960
f 4961 4962 4963
f 4961 4963 4964
f 4963 4965 4964
f 4964 4965 4966
f 4965 4967 4966
f 4966 4967 4968
f 4967 4969 4968
f 4968 4969 4970
f 4969 4971 4970
f 4970 4971 4972
f 4971 4973 4972
f 4972 4973 4974
f 4973 4975 4974
f 4974 4975 4976
f 4975 4943 4976
f 4976 4943 4944
f 4962 4961 4047
f 4047 3576 4962
f 3576 3581 4962
f 4962 3581 4959
f 3581 3865 4959
f 4959 3865 4960
f 4977 4978 4979
f 4980 4981 4982
f 4982 4983 4980
f 4983 4984 4980
f 4980 4984 4979
f 4984 4985 4979
f 4979 4985 4977
f 4986 4987 4988
f 4986 4988 4989
f 4988 4990 4989
f 4989 4990 4991
f 4990 4992 4991
f 4991 4992 4993
f 4992 4994 4993
f 4993 4994 4995
f 4994 4996 4995
f 4995 4996 4997
f 4996 4998 4997
f 4997 4998 4999
f 4998 5000 4999
f 4999 5000 5001
f 5000 4979 5001
f 5001 4979 4978
f 4981 4980 5002
f 4981 5002 5003
f 5002 5004 5003
f 5003 5004 5005
f 5004 5006 5005
f 5005 5006 5007
f 5006 5008 5007
f 5007 5008 5009
f 5008 5010 5009
f 5009 5010 5011
f 5010 5012 5011
f 5011 5012 5013
f 5012 5014 5013
f 5013 5014 5015
f 5014 5016 5015
f 5015 5016 5017
f 5018 5019 5020
f 4986 5021 4987
f 5021 5022 4987
f 4987 5022 5020
f 5022 5023 5020
f 5020 5023 5018
f 5024 5025 5026
f 5026 5027 5024
f 5027 5028 5024
f 5024 5028 5016
f 5028 5029 5016
f 5016 5029 5017
f 5030 5031 5032
f 5030 5032 5033
f 5032 5034 5033
f 5033 5034 5035
f 5034 5036 5035
f 5035 5036 5037
f 5036 5038 5037
f 5037 5038 5039
f 5038 5040 5039
f 5039 5040 5041
f 5040 5042 5041
f 5041 5042 5043
f 5042 5044 5043
f 5043 5044 5045
f 5044 5020 5045
f 5045 5020 5019
f 5025 5024 5046
f 5025 5046 5047
f 5046 5048 5047
f 5047 5048 5049
f 5048 5050 5049
f 5049 5050 5051
f 5050 5052 5051
f 5051 5052 5053
f 5052 5054 5053
f 5053 5054 5055
f 5054 5056 5055
f 5055 5056 5057
f 5056 5058 5057
f 5057 5058 5059
f 5058 5060 5059
f 5059 5060 5061
f 5062 5060 5063
f 5060 5031 5063
f 5063 5031 5064
f 5031 5030 5064
f 5062 5065 5060
f 5065 5066 5060
f 5060 5066 5061
f 5067 5068 5069
f 5068 5070 5069
f 5069 5070 5071
f 5070 5072 5071
f 5071 5072 5073
f 5072 5074 5073
f 5073 5074 5075
f 5074 5076 5075
f 5075 5076 5077
f 5076 5078 5077
f 5077 5078 5079
f 5078 5080 5079
f 5079 5080 5081
f 5080 5082 5081
f 5081 5082 5083
f 5082 5084 5083
f 5083 5084 5085
f 5084 5086 5085
f 5085 5086 5087
f 5086 5088 5087
f 5087 5088 5089
f 5088 5090 5089
f 5089 5090 5091
f 5090 5092 5091
f 5091 5092 5093
f 5092 5094 5093
f 5093 5094 5095
f 5094 5096 5095
f 5095 5096 5097
f 5096 5098 5097
f 5097 5098 5099
f 5098 5100 5099
f 5099 5100 5101
f 5100 5102 5101
f 5101 5102 5103
f 5102 5104 5103
f 5103 5104 5105
f 5104 5106 5105
f 5105 5106 5107
f 5106 5108 5107
f 5107 5108 5109
f 5108 5110 5109
f 5109 5110 5111
f 5110 5112 5111
f 5111 5112 5113
f 5112 5114 5113
f 5113 5114 5115
f 5114 5116 5115
f 5115 5116 5117
f 5116 5118 5117
f 5117 5118 5119
f 5118 5120 5119
f 5119 5120 5121
f 5120 5122 5121
f 5121 5122 5123
f 5122 5124 5123
f 5123 5124 5067
f 5124 5068 5067
f 5119 4275 5117
f 4275 4881 5117
f 5117 4881 5115
f 4881 4882 5115
f 5115 4882 5113
f 4882 4883 5113
f 5113 4883 5111
f 4883 4884 5111
f 5111 4884 5109
f 4884 4885 5109
f 5109 4885 5107
f 4885 4886 5107
f 5107 4886 5105
f 4886 4887 5105
f 5105 4887 5103
f 4887 4888 5103
f 5103 4888 5101
f 4888 4889 5101
f 5101 4889 5099
f 4889 4890 5099
f 5099 4890 5097
f 4890 4891 5097
f 5097 4891 5095
f 4891 4892 5095
f 5095 4892 5093
f 4892 4893 5093
f 5093 4893 5091
f 4893 4894 5091
f 5091 4894 5089
f 4894 4895 5089
f 5089 4895 5087
f 4895 4896 5087
f 5087 4896 5085
f 4896 4897 5085
f 5085 4897 5083
f 4897 4898 5083
f 5083 4898 5081
f 4898 4899 5081
f 5081 4899 5079
f 4899 4900 5079
f 5079 4900 5077
f 4900 4901 5077
f 5077 4901 5075
f 4901 4902 5075
f 5075 4902 5073
f 4902 4903 5073
f 5073 4903 5071
f 4903 4904 5071
f 4904 4287 5071
f 5071 4287 5069
f 4287 5125 5069
f 5069 5125 5067
f 5125 5126 5067
f 5067 5126 5123
f 5126 5127 5123
f 5123 5127 5121
f 5127 5128 5121
f 5121 5128 5119
f 5128 5129 5119
f 5119 5129 4275
f 5130 5131 5132
f 5131 5133 5132
f 5132 5133 5134
f 5133 5135 5134
f 5134 5135 5136
f 5135 5137 5136
f 5136 5137 5138
f 5137 5139 5138
f 5138 5139 5140
f 5139 5141 5140
f 5140 5141 5142
f 5141 5143 5142
f 5142 5143 5144
f 5143 5145 5144
f 5144 5145 5146
f 5145 5147 5146
f 5146 5147 5148
f 5147 5149 5148
f 5148 5149 5150
f 5149 5151 5150
f 5150 5151 5152
f 5151 5153 5152
f 5152 5153 5154
f 5153 5155 5154
f 5154 5155 5156
f 5155 5157 5156
f 5156 5157 5158
f 5157 5159 5158
f 5158 5159 5160
f 5159 5161 5160
f 5160 5161 5162
f 5161 5163 5162
f 5162 5163 5164
f 5163 5165 5164
f 5164 5165 5166
f 5165 5167 5166
f 5166 5167 5168
f 5167 5169 5168
f 5168 5169 5170
f 5169 5171 5170
f 5170 5171 5172
f 5171 5173 5172
f 5172 5173 5174
f 5173 5175 5174
f 5174 5175 5176
f 5175 5177 5176
f 5176 5177 5178
f 5177 5179 5178
f 5178 5179 5180
f 5179 5181 5180
f 5180 5181 5182
f 5181 5183 5182
f 5182 5183 5184
f 5183 5185 5184
f 5184 5185 5186
f 5185 5187 5186
f 5186 5187 5130
f 5187 5131 5130
f 5162 4263 5160
f 4263 5188 5160
f 5160 5188 5158
f 5188 5189 5158
f 5158 5189 5156
f 5189 5190 5156
f 5156 5190 5154
f 5190 5191 5154
f 5191 4264 5154
f 5154 4264 5152
f 4264 4856 5152
f 5152 4856 5150
f 4856 4857 5150
f 5150 4857 5148
f 4857 4858 5148
f 5148 4858 5146
f 4858 4859 5146
f 5146 4859 5144
f 4859 4860 5144
f 5144 4860 5142
f 4860 4861 5142
f 5142 4861 5140
f 4861 4862 5140
f 5140 4862 5138
f 4862 4863 5138
f 5138 4863 5136
f 4863 4864 5136
f 5136 4864 5134
f 4864 4865 5134
f 5134 4865 5132
f 4865 4866 5132
f 5132 4866 5130
f 4866 4867 5130
f 5130 4867 5186
f 4867 4868 5186
f 5186 4868 5184
f 4868 4869 5184
f 5184 4869 5182
f 4869 4870 5182
f 5182 4870 5180
f 4870 4871 5180
f 5180 4871 5178
f 4871 4872 5178
f 5178 4872 5176
f 4872 4873 5176
f 5176 4873 5174
f 4873 4874 5174
f 5174 4874 5172
f 4874 4875 5172
f 5172 4875 5170
f 4875 4876 5170
f 5170 4876 5168
f 4876 4877 5168
f 5168 4877 5166
f 4877 4878 5166
f 5166 4878 5164
f 4878 4879 5164
f 5164 4879 5162
f 4879 4880 5162
f 5162 4880 4263
f 5192 5193 5194
f 5193 5195 5194
f 5194 5195 5196
f 5195 5197 5196
f 5196 5197 5198
f 5197 5199 5198
f 5198 5199 5200
f 5199 5201 5200
f 5200 5201 5202
f 5201 5203 5202
f 5202 5203 5204
f 5203 5205 5204
f 5204 5205 5206
f 5205 5207 5206
f 5206 5207 5208
f 5207 5209 5208
f 5208 5209 5210
f 5209 5211 5210
f 5210 5211 5212
f 5211 5213 5212
f 5212 5213 5214
f 5213 5215 5214
f 5214 5215 5216
f 5215 5217 5216
f 5216 5217 5218
f 5217 5219 5218
f 5218 5219 5220
f 5219 5221 5220
f 5220 5221 5222
f 5221 5223 5222
f 5222 5223 5224
f 5223 5225 5224
f 5224 5225 5226
f 5225 5227 5226
f 5226 5227 5228
f 5227 5229 5228
f 5228 5229 5230
f 5229 5231 5230
f 5230 5231 5232
f 5231 5233 5232
f 5232 5233 5234
f 5233 5235 5234
f 5234 5235 5236
f 5235 5237 5236
f 5236 5237 5238
f 5237 5239 5238
f 5238 5239 5240
f 5239 5241 5240
f 5240 5241 5242
f 5241 5243 5242
f 5242 5243 5244
f 5243 5245 5244
f 5244 5245 5246
f 5245 5247 5246
f 5246 5247 5248
f 5247 5249 5248
f 5248 5249 5192
f 5249 5193 5192
f 5210 4283 5208
f 4283 5250 5208
f 5208 5250 5206
f 5250 5251 5206
f 5206 5251 5204
f 5251 5252 5204
f 5204 5252 5202
f 5252 5253 5202
f 5253 4267 5202
f 5202 4267 5200
f 4267 4855 5200
f 5200 4855 5198
f 4855 4854 5198
f 5198 4854 5196
f 4854 4853 5196
f 5196 4853 5194
f 4853 4852 5194
f 5194 4852 5192
f 4852 4851 5192
f 5192 4851 5248
f 4851 4850 5248
f 5248 4850 5246
f 4850 4849 5246
f 5246 4849 5244
f 4849 4848 5244
f 5244 4848 5242
f 4848 4847 5242
f 5242 4847 5240
f 4847 4846 5240
f 5240 4846 5238
f 4846 4845 5238
f 5238 4845 5236
f 4845 4844 5236
f 5236 4844 5234
f 4844 4843 5234
f 5234 4843 5232
f 4843 4842 5232
f 5232 4842 5230
f 4842 4841 5230
f 5230 4841 5228
f 4841 4840 5228
f 5228 4840 5226
f 4840 4839 5226
f 5226 4839 5224
f 4839 4838 5224
f 5224 4838 5222
f 4838 4837 5222
f 5222 4837 5220
f 4837 4836 5220
f 5220 4836 5218
f 4836 4835 5218
f 5218 4835 5216
f 4835 4834 5216
f 5216 4834 5214
f 4834 4833 5214
f 5214 4833 5212
f 4833 4832 5212
f 5212 4832 5210
f 4832 4831 5210
f 5210 4831 4283
f 5254 5255 5256
f 5255 5257 5256
f 5256 5257 5258
f 5257 5259 5258
f 5258 5259 5260
f 5259 5261 5260
f 5260 5261 5262
f 5261 5263 5262
f 5262 5263 5264
f 5263 5265 5264
f 5264 5265 5266
f 5265 5267 5266
f 5266 5267 5268
f 5267 5269 5268
f 5268 5269 5270
f 5269 5271 5270
f 5270 5271 5272
f 5271 5273 5272
f 5272 5273 5274
f 5273 5275 5274
f 5274 5275 5276
f 5275 5277 5276
f 5276 5277 5278
f 5277 5279 5278
f 5278 5279 5280
f 5279 5281 5280
f 5280 5281 5282
f 5281 5283 5282
f 5282 5283 5284
f 5283 5285 5284
f 5284 5285 5286
f 5285 5287 5286
f 5286 5287 5288
f 5287 5289 5288
f 5288 5289 5290
f 5289 5291 5290
f 5290 5291 5292
f 5291 5293 5292
f 5292 5293 5294
f 5293 5295 5294
f 5294 5295 5296
f 5295 5297 5296
f 5296 5297 5298
f 5297 5299 5298
f 5298 5299 5300
f 5299 5301 5300
f 5300 5301 5302
f 5301 5303 5302
f 5302 5303 5304
f 5303 5305 5304
f 5304 5305 5306
f 5305 5307 5306
f 5306 5307 5308
f 5307 5309 5308
f 5308 5309 5310
f 5309 5311 5310
f 5310 5311 5254
f 5311 5255 5254
f 5306 4295 5304
f 4295 4807 5304
f 5304 4807 5302
f 4807 4808 5302
f 5302 4808 5300
f 4808 4809 5300
f 5300 4809 5298
f 4809 4810 5298
f 5298 4810 5296
f 4810 4811 5296
f 5296 4811 5294
f 4811 4812 5294
f 5294 4812 5292
f 4812 4813 5292
f 5292 4813 5290
f 4813 4814 5290
f 5290 4814 5288
f 4814 4815 5288
f 5288 4815 5286
f 4815 4816 5286
f 5286 4816 5284
f 4816 4817 5284
f 5284 4817 5282
f 4817 4818 5282
f 5282 4818 5280
f 4818 4819 5280
f 5280 4819 5278
f 4819 4820 5278
f 5278 4820 5276
f 4820 4821 5276
f 5276 4821 5274
f 4821 4822 5274
f 5274 4822 5272
f 4822 4823 5272
f 5272 4823 5270
f 4823 4824 5270
f 5270 4824 5268
f 4824 4825 5268
f 5268 4825 5266
f 4825 4826 5266
f 5266 4826 5264
f 4826 4827 5264
f 5264 4827 5262
f 4827 4828 5262
f 5262 4828 5260
f 4828 4829 5260
f 5260 4829 5258
f 4829 4830 5258
f 4830 4294 5258
f 5258 4294 5256
f 4294 5312 5256
f 5256 5312 5254
f 5312 5313 5254
f 5254 5313 5310
f 5313 5314 5310
f 5310 5314 5308
f 5314 5315 5308
f 5308 5315 5306
f 5315 5316 5306
f 5306 5316 4295
f 5317 5318 5319
f 5318 5320 5319
f 5319 5320 5321
f 5320 5322 5321
f 5321 5322 5323
f 5322 5324 5323
f 5323 5324 5325
f 5324 5326 5325
f 5325 5326 5327
f 5326 5328 5327
f 5327 5328 5329
f 5328 5330 5329
f 5329 5330 5331
f 5330 5332 5331
f 5331 5332 5333
f 5332 5334 5333
f 5333 5334 5335
f 5334 5336 5335
f 5335 5336 5337
f 5336 5338 5337
f 5337 5338 5339
f 5338 5340 5339
f 5339 5340 5341
f 5340 5342 5341
f 5341 5342 5343
f 5342 5344 5343
f 5343 5344 5345
f 5344 5346 5345
f 5345 5346 5347
f 5346 5348 5347
f 5347 5348 5349
f 5348 5350 5349
f 5349 5350 5351
f 5350 5352 5351
f 5351 5352 5353
f 5352 5354 5353
f 5353 5354 5355
f 5354 5356 5355
f 5355 5356 5357
f 5356 5358 5357
f 5357 5358 5359
f 5358 5360 5359
f 5359 5360 5361
f 5360 5362 5361
f 5361 5362 5363
f 5362 5364 5363
f 5363 5364 5365
f 5364 5366 5365
f 5365 5366 5367
f 5366 5368 5367
f 5367 5368 5369
f 5368 5370 5369
f 5369 5370 5371
f 5370 5372 5371
f 5371 5372 5373
f 5372 5374 5373
f 5373 5374 5317
f 5374 5318 5317
f 5349 4432 5347
f 4432 5375 5347
f 5347 5375 5345
f 5375 5376 5345
f 5345 5376 5343
f 5376 5377 5343
f 5343 5377 5341
f 5377 5378 5341
f 5378 4431 5341
f 5341 4431 5339
f 4431 4782 5339
f 5339 4782 5337
f 4782 4783 5337
f 5337 4783 5335
f 4783 4784 5335
f 5335 4784 5333
f 4784 4785 5333
f 5333 4785 5331
f 4785 4786 5331
f 5331 4786 5329
f 4786 4787 5329
f 5329 4787 5327
f 4787 4788 5327
f 5327 4788 5325
f 4788 4789 5325
f 5325 4789 5323
f 4789 4790 5323
f 5323 4790 5321
f 4790 4791 5321
f 5321 4791 5319
f 4791 4792 5319
f 5319 4792 5317
f 4792 4793 5317
f 5317 4793 5373
f 4793 4794 5373
f 5373 4794 5371
f 4794 4795 5371
f 5371 4795 5369
f 4795 4796 5369
f 5369 4796 5367
f 4796 4797 5367
f 5367 4797 5365
f 4797 4798 5365
f 5365 4798 5363
f 4798 4799 5363
f 5363 4799 5361
f 4799 4800 5361
f 5361 4800 5359
f 4800 4801 5359
f 5359 4801 5357
f 4801 4802 5357
f 5357 4802 5355
f 4802 4803 5355
f 5355 4803 5353
f 4803 4804 5353
f 5353 4804 5351
f 4804 4805 5351
f 5351 4805 5349
f 4805 4806 5349
f 5349 4806 4432
f 4926 5016 5014
f 4926 5014 4927
f 5014 5012 4927
f 4927 5012 4929
f 5012 5010 4929
f 4929 5010 4931
f 5010 5008 4931
f 4931 5008 4933
f 5008 5006 4933
f 4933 5006 4935
f 5006 5004 4935
f 4935 5004 4937
f 5004 5002 4937
f 4937 5002 4939
f 5002 4980 4939
f 4939 4980 4907
f 4942 5020 5044
f 4942 5044 4945
f 5044 5042 4945
f 4945 5042 4947
f 5042 5040 4947
f 4947 5040 4949
f 5040 5038 4949
f 4949 5038 4951
f 5038 5036 4951
f 4951 5036 4953
f 5036 5034 4953
f 4953 5034 4955
f 5034 5032 4955
f 4955 5032 4957
f 5032 5031 4957
f 4957 5031 4959
f 4962 5060 5058
f 4962 5058 4963
f 5058 5056 4963
f 4963 5056 4965
f 5056 5054 4965
f 4965 5054 4967
f 5054 5052 4967
f 4967 5052 4969
f 5052 5050 4969
f 4969 5050 4971
f 5050 5048 4971
f 4971 5048 4973
f 5048 5046 4973
f 4973 5046 4975
f 5046 5024 4975
f 4975 5024 4943
f 4905 4979 5000
f 4905 5000 4909
f 5000 4998 4909
f 4909 4998 4911
f 4998 4996 4911
f 4911 4996 4913
f 4996 4994 4913
f 4913 4994 4915
f 4994 4992 4915
f 4915 4992 4917
f 4992 4990 4917
f 4917 4990 4919
f 4990 4988 4919
f 4919 4988 4921
f 4988 4987 4921
f 4921 4987 4923
f 5379 5380 5381
f 5380 5382 5381
f 5381 5382 5383
f 5382 5384 5383
f 5383 5384 5385
f 5384 5386 5385
f 5385 5386 5387
f 5386 5388 5387
f 5387 5388 5389
f 5388 5390 5389
f 5389 5390 5391
f 5390 5392 5391
f 5391 5392 5393
f 5392 5394 5393
f 5393 5394 5395
f 5394 5396 5395
f 5395 5396 5397
f 5396 5398 5397
f 5397 5398 5399
f 5398 5400 5399
f 5399 5400 5401
f 5400 5402 5401
f 5401 5402 5403
f 5402 5404 5403
f 5403 5404 5405
f 5404 5406 5405
f 5405 5406 5407
f 5406 5408 5407
f 5407 5408 5409
f 5408 5410 5409
f 5409 5410 5411
f 5410 5412 5411
f 5411 5412 5413
f 5412 5414 5413
f 5413 5414 5415
f 5414 5416 5415
f 5415 5416 5417
f 5416 5418 5417
f 5417 5418 5419
f 5418 5420 5419
f 5419 5420 5421
f 5420 5422 5421
f 5421 5422 5423
f 5422 5424 5423
f 5423 5424 5425
f 5424 5426 5425
f 5425 5426 5427
f 5426 5428 5427
f 5427 5428 5429
f 5428 5430 5429
f 5429 5430 5431
f 5430 5432 5431
f 5431 5432 5433
f 5432 5434 5433
f 5433 5434 5435
f 5434 5436 5435
f 5435 5436 5437
f 5436 5438 5437
f 5437 5438 5379
f 5438 5380 5379
f 5439 5440 5441
f 5440 5442 5441
f 5441 5442 5443
f 5442 5444 5443
f 5443 5444 5445
f 5444 5446 5445
f 5445 5446 5447
f 5446 5448 5447
f 5447 5448 5449
f 5448 5450 5449
f 5449 5450 5451
f 5450 5452 5451
f 5451 5452 5453
f 5452 5454 5453
f 5453 5454 5455
f 5454 5456 5455
f 5455 5456 5457
f 5456 5458 5457
f 5457 5458 5459
f 5458 5460 5459
f 5459 5460 5461
f 5460 5462 5461
f 5461 5462 5463
f 5462 5464 5463
f 5463 5464 5465
f 5464 5466 5465
f 5465 5466 5467
f 5466 5468 5467
f 5467 5468 5469
f 5468 5470 5469
f 5469 5470 5471
f 5470 5472 5471
f 5471 5472 5473
f 5472 5474 5473
f 5473 5474 5475
f 5474 5476 5475
f 5475 5476 5477
f 5476 5478 5477
f 5477 5478 5479
f 5478 5480 5479
f 5479 5480 5481
f 5480 5482 5481
f 5481 5482 5483
f 5482 5484 5483
f 5483 5484 5485
f 5484 5486 5485
f 5485 5486 5487
f 5486 5488 5487
f 5487 5488 5489
f 5488 5490 5489
f 5489 5490 5491
f 5490 5492 5491
f 5491 5492 5493
f 5492 5494 5493
f 5493 5494 5495
f 5494 5496 5495
f 5495 5496 5497
f 5496 5498 5497
f 5497 5498 5439
f 5498 5440 5439
f 5499 5500 5501
f 5500 5502 5501
f 5501 5502 5503
f 5502 5504 5503
f 5503 5504 5505
f 5504 5506 5505
f 5505 5506 5507
f 5506 5508 5507
f 5507 5508 5509
f 5508 5510 5509
f 5509 5510 5511
f 5510 5512 5511
f 5511 5512 5513
f 5512 5514 5513
f 5513 5514 5515
f 5514 5516 5515
f 5515 5516 5517
f 5516 5518 5517
f 5517 5518 5519
f 5518 5520 5519
f 5519 5520 5521
f 5520 5522 5521
f 5521 5522 5523
f 5522 5524 5523
f 5523 5524 5525
f 5524 5526 5525
f 5525 5526 5527
f 5526 5528 5527
f 5527 5528 5529
f 5528 5530 5529
f 5529 5530 5531
f 5530 5532 5531
f 5531 5532 5533
f 5532 5534 5533
f 5533 5534 5535
f 5534 5536 5535
f 5535 5536 5537
f 5536 5538 5537
f 5537 5538 5539
f 5538 5540 5539
f 5539 5540 5541
f 5540 5542 5541
f 5541 5542 5543
f 5542 5544 5543
f 5543 5544 5545
f 5544 5546 5545
f 5545 5546 5547
f 5546 5548 5547
f 5547 5548 5549
f 5548 5550 5549
f 5549 5550 5551
f 5550 5552 5551
f 5551 5552 5553
f 5552 5554 5553
f 5553 5554 5555
f 5554 5556 5555
f 5555 5556 5557
f 5556 5558 5557
f 5557 5558 5499
f 5558 5500 5499
f 5559 5560 5561
f 5560 5562 5561
f 5561 5562 5563
f 5562 5564 5563
f 5563 5564 5565
f 5564 5566 5565
f 5565 5566 5567
f 5566 5568 5567
f 5567 5568 5569
f 5568 5570 5569
f 5569 5570 5571
f 5570 5572 5571
f 5571 5572 5573
f 5572 5574 5573
f 5573 5574 5575
f 5574 5576 5575
f 5575 5576 5577
f 5576 5578 5577
f 5577 5578 5579
f 5578 5580 5579
f 5579 5580 5581
f 5580 5582 5581
f 5581 5582 5583
f 5582 5584 5583
f 5583 5584 5585
f 5584 5586 5585
f 5585 5586 5587
f 5586 5588 5587
f 5587 5588 5589
f 5588 5590 5589
f 5589 5590 5591
f 5590 5592 5591
f 5591 5592 5593
f 5592 5594 5593
f 5593 5594 5595
f 5594 5596 5595
f 5595 5596 5597
f 5596 5598 5597
f 5597 5598 5599
f 5598 5600 5599
f 5599 5600 5601
f 5600 5602 5601
f 5601 5602 5603
f 5602 5604 5603
f 5603 5604 5605
f 5604 5606 5605
f 5605 5606 5607
f 5606 5608 5607
f 5607 5608 5609
f 5608 5610 5609
f 5609 5610 5611
f 5610 5612 5611
f 5611 5612 5613
f 5612 5614 5613
f 5613 5614 5615
f 5614 5616 5615
f 5615 5616 5617
f 5616 5618 5617
f 5617 5618 5559
f 5618 5560 5559
f 4979 4905 4980
f 4905 4907 4980
f 5016 4926 5024
f 4926 4943 5024
f 5060 4962 5031
f 4962 4959 5031
f 5020 4942 4987
f 4942 4923 4987
f 5358 5356 5619
f 5488 5486 5015
f 5061 5066 5620
f 5019 5018 5621
f 5039 5041 5043
f 5622 5064 5030
f 5043 5045 5039
f 5045 5019 5039
f 5039 5019 5037
f 5019 5621 5037
f 5037 5621 5035
f 5621 5622 5035
f 5035 5622 5033
f 5622 5030 5033
f 5061 5620 5059
f 5026 5025 5620
f 5025 5047 5620
f 5047 5049 5620
f 5049 5051 5620
f 5620 5051 5053
f 5053 5055 5620
f 5055 5057 5620
f 5620 5057 5059
f 5482 5480 5623
f 5015 5486 5623
f 5486 5484 5623
f 5623 5484 5482
f 5029 5452 5450
f 5480 5478 5623
f 5478 5476 5623
f 5623 5476 5474
f 5466 5464 5624
f 5464 5462 5624
f 5624 5462 5460
f 5450 5448 5029
f 5448 5446 5029
f 5029 5446 5444
f 5496 5494 5017
f 5494 5492 5017
f 5017 5492 5015
f 5492 5490 5015
f 5015 5490 5488
f 5444 5442 5029
f 5442 5440 5029
f 5029 5440 5017
f 5440 5498 5017
f 5017 5498 5496
f 5460 5458 5624
f 5458 5456 5624
f 5624 5456 5029
f 5456 5454 5029
f 5029 5454 5452
f 5474 5472 5623
f 5472 5470 5623
f 5623 5470 5624
f 5470 5468 5624
f 5624 5468 5466
f 4982 4981 5623
f 4981 5003 5623
f 5003 5005 5623
f 5005 5007 5623
f 5623 5007 5009
f 5009 5011 5623
f 5011 5013 5623
f 5623 5013 5015
f 4977 5625 4978
f 5625 5626 4978
f 4978 5626 5001
f 5626 4999 5001
f 4993 5626 4991
f 5626 4989 4991
f 4993 4995 5626
f 4995 4997 5626
f 5626 4997 4999
f 4989 5626 4986
f 5626 5534 4986
f 4986 5534 5532
f 5532 5530 4986
f 5530 5528 4986
f 4986 5528 5021
f 5627 5074 5072
f 5122 5120 5628
f 5120 5118 5628
f 5628 5118 5116
f 5072 5070 5627
f 5070 5068 5627
f 5627 5068 5628
f 5068 5124 5628
f 5628 5124 5122
f 5082 5080 5629
f 5080 5078 5629
f 5629 5078 5627
f 5078 5076 5627
f 5627 5076 5074
f 5114 5112 5630
f 5112 5110 5630
f 5630 5110 5631
f 5110 5108 5631
f 5108 5106 5631
f 5631 5106 5104
f 5104 5102 5631
f 5102 5100 5631
f 5631 5100 5098
f 5098 5096 5631
f 5096 5094 5631
f 5631 5094 5632
f 5094 5092 5632
f 5632 5092 5090
f 5090 5088 5632
f 5088 5086 5632
f 5632 5086 5084
f 5143 5141 5028
f 5141 5139 5028
f 5139 5137 5028
f 5137 5135 5028
f 5028 5135 5133
f 5133 5131 5028
f 5131 5187 5028
f 5028 5187 5029
f 5187 5185 5029
f 5185 5183 5029
f 5183 5181 5029
f 5029 5181 5179
f 5179 5177 5029
f 5177 5175 5029
f 5029 5175 5624
f 5175 5173 5624
f 5624 5173 5171
f 5169 5167 5633
f 5167 5165 5633
f 5165 5163 5633
f 5633 5163 5161
f 5161 5159 5633
f 5159 5157 5633
f 5633 5157 5619
f 5157 5155 5619
f 5619 5155 5153
f 5153 5151 5619
f 5151 5149 5619
f 5619 5149 5634
f 5149 5147 5634
f 5634 5147 5145
f 5223 5221 5635
f 5221 5219 5635
f 5219 5217 5635
f 5635 5217 5628
f 5217 5215 5628
f 5215 5213 5628
f 5213 5211 5628
f 5628 5211 5209
f 5207 5205 5636
f 5205 5203 5636
f 5203 5201 5636
f 5636 5201 5199
f 5199 5197 5636
f 5197 5195 5636
f 5636 5195 5637
f 5195 5193 5637
f 5637 5193 5249
f 4984 5241 5239
f 5249 5247 5637
f 5247 5245 5637
f 5637 5245 4984
f 5245 5243 4984
f 4984 5243 5241
f 5239 5237 4984
f 5237 5235 4984
f 4984 5235 4985
f 5235 5233 4985
f 4985 5233 5231
f 5231 5229 4985
f 5229 5227 4985
f 4985 5227 5635
f 5227 5225 5635
f 5635 5225 5223
f 5638 5259 5257
f 5257 5255 5638
f 5255 5311 5638
f 5638 5311 5639
f 5311 5309 5639
f 5639 5309 5307
f 5269 5267 5064
f 5064 5267 5063
f 5267 5265 5063
f 5265 5263 5063
f 5063 5263 5638
f 5263 5261 5638
f 5638 5261 5259
f 5287 5285 5640
f 5277 5275 5622
f 5275 5273 5622
f 5622 5273 5064
f 5273 5271 5064
f 5064 5271 5269
f 5287 5640 5289
f 5285 5283 5640
f 5283 5281 5640
f 5640 5281 5622
f 5281 5279 5622
f 5622 5279 5277
f 5307 5305 5639
f 5305 5303 5639
f 5639 5303 5627
f 5297 5629 5299
f 5629 5627 5299
f 5299 5627 5301
f 5627 5303 5301
f 5297 5295 5629
f 5295 5293 5629
f 5629 5293 5640
f 5293 5291 5640
f 5640 5291 5289
f 5620 5322 5320
f 5320 5318 5620
f 5318 5374 5620
f 5620 5374 5641
f 5374 5372 5641
f 5641 5372 5370
f 5066 5326 5620
f 5326 5324 5620
f 5620 5324 5322
f 5334 5332 5065
f 5332 5330 5065
f 5065 5330 5066
f 5330 5328 5066
f 5066 5328 5326
f 5334 5065 5336
f 5065 5062 5336
f 5336 5062 5642
f 5342 5340 5642
f 5340 5338 5642
f 5642 5338 5336
f 5643 5354 5644
f 5354 5352 5644
f 5644 5352 5350
f 5350 5348 5644
f 5348 5346 5644
f 5644 5346 5642
f 5346 5344 5642
f 5642 5344 5342
f 5370 5368 5641
f 5368 5366 5641
f 5641 5366 5634
f 5366 5364 5634
f 5364 5362 5634
f 5634 5362 5619
f 5362 5360 5619
f 5619 5360 5358
f 5594 5592 5023
f 5592 5590 5023
f 5023 5590 5018
f 5590 5588 5018
f 5588 5586 5018
f 5018 5586 5621
f 5586 5584 5621
f 5584 5582 5621
f 5582 5580 5621
f 5621 5580 5578
f 5570 5568 5622
f 5568 5566 5622
f 5622 5566 5564
f 5616 5614 5640
f 5578 5576 5621
f 5576 5574 5621
f 5621 5574 5622
f 5574 5572 5622
f 5622 5572 5570
f 5606 5604 5645
f 5604 5602 5645
f 5614 5612 5640
f 5612 5610 5640
f 5640 5610 5608
f 5602 5600 5645
f 5600 5598 5645
f 5645 5598 5596
f 5564 5562 5622
f 5562 5560 5622
f 5622 5560 5640
f 5560 5618 5640
f 5640 5618 5616
f 5542 5540 5626
f 5630 5512 5510
f 5526 5524 5631
f 5524 5522 5631
f 5631 5522 5520
f 5510 5508 5630
f 5508 5506 5630
f 5630 5506 5504
f 5556 5554 5625
f 5554 5552 5625
f 5625 5552 5550
f 5540 5538 5626
f 5538 5536 5626
f 5626 5536 5534
f 5504 5502 5630
f 5502 5500 5630
f 5630 5500 5625
f 5500 5558 5625
f 5625 5558 5556
f 5550 5548 5625
f 5548 5546 5625
f 5625 5546 5626
f 5546 5544 5626
f 5626 5544 5542
f 5520 5518 5631
f 5518 5516 5631
f 5631 5516 5630
f 5516 5514 5630
f 5630 5514 5512
f 5406 5404 5620
f 5436 5434 5027
f 5426 5424 5641
f 5424 5422 5641
f 5641 5422 5420
f 5420 5418 5641
f 5418 5416 5641
f 5641 5416 5414
f 5404 5402 5620
f 5402 5400 5620
f 5620 5400 5398
f 5390 5388 5026
f 5388 5386 5026
f 5026 5386 5384
f 5434 5432 5027
f 5432 5430 5027
f 5027 5430 5428
f 5398 5396 5620
f 5396 5394 5620
f 5620 5394 5026
f 5394 5392 5026
f 5026 5392 5390
f 5384 5382 5026
f 5382 5380 5026
f 5026 5380 5027
f 5380 5438 5027
f 5027 5438 5436
f 5414 5412 5641
f 5412 5410 5641
f 5641 5410 5620
f 5410 5408 5620
f 5620 5408 5406
f 5428 5426 5027
f 5426 5641 5027
f 5027 5641 5028
f 5641 5634 5028
f 5028 5634 5143
f 5634 5145 5143
f 5608 5606 5640
f 5606 5645 5640
f 5640 5645 5629
f 5645 5632 5629
f 5629 5632 5082
f 5632 5084 5082
f 5062 5063 5642
f 5063 5638 5642
f 5642 5638 5644
f 5638 5639 5644
f 5644 5639 5643
f 5639 5627 5643
f 5643 5627 5636
f 5627 5628 5636
f 5636 5628 5207
f 5628 5209 5207
f 5596 5594 5645
f 5594 5023 5645
f 5645 5023 5632
f 5023 5022 5632
f 5632 5022 5631
f 5022 5021 5631
f 5631 5021 5526
f 5021 5528 5526
f 5171 5169 5624
f 5169 5633 5624
f 5624 5633 5623
f 5633 5646 5623
f 5623 5646 4982
f 5646 4983 4982
f 5356 5354 5619
f 5354 5643 5619
f 5619 5643 5633
f 5643 5636 5633
f 5633 5636 5646
f 5636 5637 5646
f 5646 5637 4983
f 5637 4984 4983
f 5116 5114 5628
f 5114 5630 5628
f 5628 5630 5635
f 5630 5625 5635
f 5635 5625 4985
f 5625 4977 4985
f 5571 5573 4960
f 5387 5389 4964
f 5595 5597 4924
f 5565 5567 4960
f 5567 5569 4960
f 4960 5569 5571
f 4968 4970 5385
f 5401 5403 2649
f 5403 5405 2649
f 4045 5397 2649
f 5397 5399 2649
f 2649 5399 5401
f 5389 5391 4964
f 5391 5393 4964
f 4964 5393 4961
f 5393 5395 4961
f 4961 5395 4047
f 5395 5397 4047
f 4047 5397 4046
f 5397 4045 4046
f 4941 5579 5581
f 4960 3865 3863
f 5387 4964 5385
f 4964 4966 5385
f 5385 4966 4968
f 4970 4972 5385
f 4972 4974 5385
f 5385 4974 5383
f 4974 4976 5383
f 5383 4976 5381
f 5575 4956 5573
f 4956 4958 5573
f 5573 4958 4960
f 4950 4952 5575
f 4952 4954 5575
f 5575 4954 4956
f 4774 3408 5417
f 3408 3407 5417
f 5417 3407 5415
f 3407 2641 5415
f 5415 2641 5413
f 4944 5453 4976
f 5453 5379 4976
f 4976 5379 5381
f 4779 5505 5507
f 5579 4941 5577
f 4941 4946 5577
f 5577 4946 5575
f 4946 4948 5575
f 5575 4948 4950
f 5581 5583 4941
f 5583 5585 4941
f 4941 5585 5587
f 5611 5613 2751
f 5613 5615 2751
f 4944 5445 5447
f 4779 5507 4778
f 5563 5565 2750
f 5565 4960 2750
f 2750 4960 3861
f 4960 3863 3861
f 5405 5407 2649
f 5407 5409 2649
f 2649 5409 2641
f 5409 5411 2641
f 2641 5411 5413
f 5615 5617 2751
f 5617 5559 2751
f 2751 5559 2750
f 5559 5561 2750
f 2750 5561 5563
f 4925 5441 4944
f 5441 5443 4944
f 4944 5443 5445
f 5447 5449 4944
f 5449 5451 4944
f 4944 5451 5453
f 5507 5509 4778
f 5509 5511 4778
f 4778 5511 4777
f 5511 5513 4777
f 4777 5513 4776
f 4924 5535 5537
f 5587 5589 4941
f 5589 5591 4941
f 4941 5591 4924
f 5591 5593 4924
f 4924 5593 5595
f 5521 5597 5519
f 5597 5599 5519
f 4924 5537 4922
f 5537 5539 4922
f 4922 5539 4920
f 4920 5539 4918
f 5539 5541 4918
f 4918 5541 4916
f 4916 5541 4914
f 5541 5543 4914
f 4914 5543 4912
f 4912 5543 4910
f 5543 5545 4910
f 4910 5545 4906
f 4774 5417 4773
f 5417 5419 4773
f 4773 5419 5421
f 5421 5423 4773
f 5423 5425 4773
f 4773 5425 4772
f 5513 5515 4776
f 5515 5517 4776
f 4776 5517 5519
f 5529 5531 4924
f 5531 5533 4924
f 4924 5533 5535
f 5425 5427 4772
f 5427 5429 4772
f 4772 5429 5431
f 5491 5493 4925
f 5493 5495 4925
f 5605 5607 2751
f 5607 5609 2751
f 2751 5609 5611
f 5521 5523 5597
f 5523 5525 5597
f 5597 5525 4924
f 5525 5527 4924
f 4924 5527 5529
f 5479 5481 4908
f 5481 5483 4908
f 4908 5483 4940
f 5483 5485 4940
f 4940 5485 4938
f 5485 5487 4938
f 4930 4932 5489
f 4932 4934 5489
f 5489 4934 5487
f 4934 4936 5487
f 5487 4936 4938
f 5495 5497 4925
f 5497 5439 4925
f 4925 5439 5441
f 2751 3412 5605
f 3412 3410 5605
f 5605 3410 5603
f 3410 4765 5603
f 5603 4765 4775
f 5599 5601 5519
f 5601 5603 5519
f 5519 5603 4776
f 5603 4775 4776
f 5455 5457 4770
f 5457 5459 4770
f 4770 5459 4769
f 5553 5555 4763
f 5555 5557 4763
f 4763 5557 4781
f 5557 5499 4781
f 4781 5499 4780
f 5499 5501 4780
f 4780 5501 4779
f 5501 5503 4779
f 4779 5503 5505
f 5491 4925 5489
f 4925 4928 5489
f 5489 4928 4930
f 5455 4770 5453
f 4770 4771 5453
f 5453 4771 4772
f 5431 5433 4772
f 5433 5435 4772
f 4772 5435 5453
f 5435 5437 5453
f 5453 5437 5379
f 5459 5461 4769
f 5461 5463 4769
f 4769 5463 4768
f 5463 5465 4768
f 4767 5473 4766
f 5473 5475 4766
f 4766 5475 5477
f 5545 5547 4906
f 5547 5549 4906
f 4906 5549 5551
f 5477 5479 4766
f 5479 4908 4766
f 4766 4908 4764
f 4908 4906 4764
f 4764 4906 4763
f 4906 5551 4763
f 4763 5551 5553
f 5465 5467 4768
f 5467 5469 4768
f 4768 5469 4767
f 5469 5471 4767
f 4767 5471 5473
f 5312 4294 3615
f 3579 3581 3615
f 3581 3576 3615
f 3576 3578 3582
f 5252 5251 3615
f 3576 3582 3615
f 3582 4431 3615
f 3615 4431 5378
f 5129 5128 5250
f 5128 5251 5250
f 4276 4275 5129
f 5316 5315 5251
f 5315 5314 5251
f 5251 5314 3615
f 5314 5313 3615
f 3615 5313 5312
f 4277 4276 4282
f 4265 4264 5191
f 4268 4267 5253
f 5128 5127 5251
f 5127 5126 5251
f 5251 5126 4289
f 5126 5125 4289
f 4286 4285 4284
f 5191 5190 5252
f 5190 5189 5252
f 5252 5189 5253
f 5189 5188 5253
f 5129 5250 4276
f 5250 4283 4276
f 4276 4283 4282
f 4280 4279 4278
f 4287 4286 5125
f 4286 4284 5125
f 5125 4284 4289
f 4295 5316 4293
f 5316 5251 4293
f 4293 5251 4291
f 5251 4289 4291
f 5378 5377 3615
f 5377 5376 3615
f 3615 5376 5252
f 5376 5375 5252
f 5252 5375 4256
f 5375 4432 4256
f 4266 4265 4262
f 4265 5191 4262
f 4262 5191 4261
f 5191 5252 4261
f 4261 5252 4259
f 5252 4256 4259
f 4277 4282 4278
f 4282 4281 4278
f 4278 4281 4280
f 5188 4263 5253
f 4263 4274 5253
f 5253 4274 4268
f 4274 4273 4268
f 4268 4273 4272
f 4272 4271 4268
f 4271 4270 4268
f 4268 4270 4269
f 4655 3811 3810
f 3811 4655 3796
f 4655 607 3796
f 3796 607 3797
f 607 1279 3797
f 3797 1279 3798
f 1279 1282 3798
f 3798 1282 3799
f 1282 1285 3799
f 3799 1285 3800
f 1285 1288 3800
f 3800 1288 3801
f 1288 1290 3801
f 3801 1290 3802
f 1290 1293 3802
f 3802 1293 3803
f 1293 1296 3803
f 3803 1296 3804
f 1296 1299 3804
f 3804 1299 3805
f 1299 1302 3805
f 3805 1302 3806
f 1302 1304 3806
f 3806 1304 3807
f 1304 1307 3807
f 3807 1307 3808
f 1307 1310 3808
f 3808 1310 3809
f 1310 1313 3809
f 3809 1313 3810
f 1313 603 3810
f 3810 603 4655
f 3748 3747 618
f 3747 3762 618
f 618 3762 608
f 3762 3761 608
f 608 3761 1270
f 3761 3760 1270
f 1270 3760 1267
f 3760 3759 1267
f 1267 3759 1264
f 3759 3758 1264
f 1264 3758 1261
f 3758 3757 1261
f 1261 3757 1259
f 3757 3756 1259
f 1259 3756 1256
f 3756 3755 1256
f 1256 3755 1253
f 3755 3754 1253
f 1253 3754 1250
f 3754 3753 1250
f 1250 3753 1247
f 3753 3752 1247
f 1247 3752 1245
f 3752 3751 1245
f 1245 3751 1242
f 3751 3750 1242
f 1242 3750 1239
f 3750 3749 1239
f 1239 3749 1236
f 3749 3748 1236
f 1236 3748 618
f 1203 602 3655
f 602 4674 3655
f 3655 4674 3656
f 4674 594 3656
f 3656 594 3657
f 594 1211 3657
f 3657 1211 3658
f 1211 1213 3658
f 3658 1213 3659
f 1213 1215 3659
f 3659 1215 3660
f 1215 1218 3660
f 3660 1218 3661
f 1218 1221 3661
f 3661 1221 3662
f 1221 1224 3662
f 3662 1224 3663
f 1224 1227 3663
f 3663 1227 3664
f 1227 1188 3664
f 3664 1188 3649
f 1188 1187 3649
f 3649 1187 3650
f 1187 1192 3650
f 3650 1192 3651
f 1192 1195 3651
f 3651 1195 3652
f 1195 1198 3652
f 3652 1198 3653
f 1198 1201 3653
f 3653 1201 3654
f 1201 1203 3654
f 3654 1203 3655
f 3703 1159 3704
f 1159 587 3704
f 3704 587 3705
f 587 590 3705
f 3705 590 3706
f 590 1167 3706
f 3706 1167 3707
f 1167 1169 3707
f 3707 1169 3708
f 1169 1171 3708
f 3708 1171 3709
f 1171 1174 3709
f 3709 1174 3710
f 1174 1177 3710
f 3710 1177 3711
f 1177 1180 3711
f 3711 1180 3712
f 1180 1183 3712
f 3712 1183 3713
f 1183 1144 3713
f 3713 1144 3698
f 1144 1143 3698
f 3698 1143 3699
f 1143 1148 3699
f 3699 1148 3700
f 1148 1151 3700
f 3700 1151 3701
f 1151 1154 3701
f 3701 1154 3702
f 1154 1157 3702
f 3702 1157 3703
f 1157 1159 3703
f 368 4657 3856
f 4657 377 3856
f 3856 377 3857
f 377 1134 3857
f 3857 1134 3858
f 1134 1136 3858
f 3858 1136 3859
f 1136 1139 3859
f 3859 1139 3860
f 1139 1100 3860
f 3860 1100 3845
f 1100 1099 3845
f 3845 1099 3846
f 1099 1104 3846
f 3846 1104 3847
f 1104 1107 3847
f 3847 1107 3848
f 1107 1110 3848
f 3848 1110 3849
f 1110 1113 3849
f 3849 1113 3850
f 1113 1115 3850
f 3850 1115 3851
f 1115 1118 3851
f 3851 1118 3852
f 1118 1121 3852
f 3852 1121 3853
f 1121 1124 3853
f 3853 1124 3854
f 1124 1127 3854
f 3854 1127 3855
f 1127 368 3855
f 3855 368 3856
f 5647 5648 5649
f 5648 5650 5649
f 5649 5650 5651
f 5652 5653 5649
f 5653 5654 5649
f 5649 5654 5647
f 5651 5655 5649
f 5655 5656 5649
f 5649 5656 5652
f 5657 5658 5648
f 5657 5648 5659
f 5648 5647 5659
f 5659 5647 5660
f 5647 5654 5660
f 5660 5654 5661
f 5654 5653 5661
f 5661 5653 5662
f 5653 5652 5662
f 5662 5652 5663
f 5652 5656 5663
f 5663 5656 5664
f 5656 5655 5664
f 5664 5655 5665
f 5655 5651 5665
f 5665 5651 5658
f 5651 5650 5658
f 5658 5650 5648
f 5666 5667 5668
f 5667 5669 5668
f 5668 5669 5670
f 5671 5672 5668
f 5672 5673 5668
f 5668 5673 5666
f 5670 5674 5668
f 5674 5675 5668
f 5668 5675 5671
f 5676 5677 5667
f 5676 5667 5678
f 5667 5666 5678
f 5678 5666 5679
f 5666 5673 5679
f 5679 5673 5680
f 5673 5672 5680
f 5680 5672 5681
f 5672 5671 5681
f 5681 5671 5682
f 5671 5675 5682
f 5682 5675 5683
f 5675 5674 5683
f 5683 5674 5684
f 5674 5670 5684
f 5684 5670 5677
f 5670 5669 5677
f 5677 5669 5667
f 5685 5686 5687
f 5686 5688 5687
f 5687 5688 5689
f 5690 5691 5687
f 5691 5692 5687
f 5687 5692 5685
f 5689 5693 5687
f 5693 5694 5687
f 5687 5694 5690
f 5695 5696 5686
f 5695 5686 5697
f 5686 5685 5697
f 5697 5685 5698
f 5685 5692 5698
f 5698 5692 5699
f 5692 5691 5699
f 5699 5691 5700
f 5691 5690 5700
f 5700 5690 5701
f 5690 5694 5701
f 5701 5694 5702
f 5694 5693 5702
f 5702 5693 5703
f 5693 5689 5703
f 5703 5689 5696
f 5689 5688 5696
f 5696 5688 5686
f 5704 5705 5706
f 5705 5707 5706
f 5706 5707 5708
f 5709 5710 5706
f 5710 5711 5706
f 5706 5711 5704
f 5708 5712 5706
f 5712 5713 5706
f 5706 5713 5709
f 5714 5715 5705
f 5714 5705 5716
f 5705 5704 5716
f 5716 5704 5717
f 5704 5711 5717
f 5717 5711 5718
f 5711 5710 5718
f 5718 5710 5719
f 5710 5709 5719
f 5719 5709 5720
f 5709 5713 5720
f 5720 5713 5721
f 5713 5712 5721
f 5721 5712 5722
f 5712 5708 5722
f 5722 5708 5715
f 5708 5707 5715
f 5715 5707 5705
f 5699 5723 5724
f 5725 5702 5726
f 5702 5727 5726
f 5728 5714 5729
f 5714 5716 5729
f 5723 5699 5730
f 5699 5700 5730
f 5730 5700 5731
f 5700 5701 5731
f 5731 5701 5732
f 5661 5714 5660
f 5714 5728 5660
f 5660 5728 5659
f 5728 5733 5659
f 5659 5733 5657
f 5721 5722 5661
f 5722 5715 5661
f 5661 5715 5714
f 5724 5734 5699
f 5734 5735 5699
f 5699 5735 5698
f 5735 5736 5698
f 5698 5736 5697
f 5736 5737 5697
f 5697 5737 5695
f 5725 5738 5702
f 5738 5739 5702
f 5702 5739 5701
f 5739 5740 5701
f 5701 5740 5732
f 5733 5741 5657
f 5741 5742 5657
f 5657 5742 5658
f 5742 5743 5658
f 5658 5743 5665
f 5743 5744 5665
f 5665 5744 5664
f 5744 5745 5664
f 5676 5662 5677
f 5662 5663 5677
f 5677 5663 5684
f 5663 5683 5684
f 5702 5703 5720
f 5703 5696 5720
f 5720 5696 5719
f 5696 5695 5719
f 5719 5695 5718
f 5695 5737 5718
f 5718 5737 5717
f 5737 5746 5717
f 5717 5746 5716
f 5746 5747 5716
f 5716 5747 5729
f 5745 5748 5664
f 5748 5749 5664
f 5664 5749 5663
f 5749 5750 5663
f 5663 5750 5683
f 5750 5751 5683
f 5683 5751 5682
f 5751 5727 5682
f 5682 5727 5681
f 5727 5702 5681
f 5681 5702 5680
f 5680 5702 5679
f 5702 5720 5679
f 5679 5720 5678
f 5720 5721 5678
f 5678 5721 5676
f 5721 5661 5676
f 5676 5661 5662
f 5733 5752 5741
f 5752 5753 5741
f 5741 5753 5742
f 5753 5754 5742
f 5742 5754 5743
f 5754 5755 5743
f 5743 5755 5744
f 5755 5756 5744
f 5744 5756 5745
f 5756 5757 5745
f 5745 5757 5748
f 5757 5758 5748
f 5748 5758 5749
f 5758 5759 5749
f 5749 5759 5750
f 5759 5760 5750
f 5750 5760 5751
f 5760 5761 5751
f 5751 5761 5727
f 5761 5762 5727
f 5727 5762 5726
f 5762 5763 5726
f 5726 5763 5725
f 5763 5764 5725
f 5725 5764 5738
f 5764 5765 5738
f 5738 5765 5739
f 5765 5766 5739
f 5739 5766 5740
f 5766 5767 5740
f 5740 5767 5732
f 5767 5768 5732
f 5732 5768 5731
f 5768 5769 5731
f 5731 5769 5730
f 5769 5770 5730
f 5730 5770 5723
f 5770 5771 5723
f 5723 5771 5724
f 5771 5772 5724
f 5724 5772 5734
f 5772 5773 5734
f 5734 5773 5735
f 5773 5774 5735
f 5735 5774 5736
f 5774 5775 5736
f 5736 5775 5737
f 5775 5776 5737
f 5737 5776 5746
f 5776 5777 5746
f 5746 5777 5747
f 5777 5778 5747
f 5747 5778 5729
f 5778 5779 5729
f 5729 5779 5728
f 5779 5780 5728
f 5728 5780 5733
f 5780 5752 5733
f 5781 5782 5783
f 5782 5784 5783
f 5783 5784 5785
f 5784 5786 5785
f 5785 5786 5787
f 5786 5788 5787
f 5787 5788 5789
f 5788 5790 5789
f 5789 5790 5791
f 5790 5792 5791
f 5791 5792 5793
f 5792 5794 5793
f 5793 5794 5795
f 5794 5796 5795
f 5795 5796 5797
f 5796 5798 5797
f 5797 5798 5799
f 5798 5800 5799
f 5799 5800 5801
f 5800 5802 5801
f 5801 5802 5803
f 5802 5804 5803
f 5803 5804 5805
f 5804 5806 5805
f 5805 5806 5807
f 5806 5808 5807
f 5807 5808 5809
f 5808 5810 5809
f 5809 5810 5811
f 5810 5812 5811
f 5811 5812 5813
f 5812 5814 5813
f 5813 5814 5815
f 5814 5816 5815
f 5815 5816 5817
f 5816 5818 5817
f 5817 5818 5819
f 5818 5820 5819
f 5819 5820 5821
f 5820 5822 5821
f 5821 5822 5823
f 5822 5824 5823
f 5823 5824 5825
f 5824 5826 5825
f 5825 5826 5827
f 5826 5828 5827
f 5827 5828 5829
f 5828 5830 5829
f 5829 5830 5831
f 5830 5832 5831
f 5831 5832 5833
f 5832 5834 5833
f 5833 5834 5835
f 5834 5836 5835
f 5835 5836 5837
f 5836 5838 5837
f 5837 5838 5839
f 5838 5840 5839
f 5839 5840 5781
f 5840 5782 5781
f 5784 5782 5766
f 5782 5840 5766
f 5766 5840 5767
f 5840 5838 5767
f 5767 5838 5768
f 5838 5836 5768
f 5768 5836 5769
f 5836 5834 5769
f 5769 5834 5770
f 5834 5832 5770
f 5770 5832 5771
f 5832 5830 5771
f 5771 5830 5772
f 5830 5828 5772
f 5772 5828 5773
f 5828 5826 5773
f 5773 5826 5774
f 5826 5824 5774
f 5774 5824 5775
f 5824 5822 5775
f 5775 5822 5776
f 5822 5820 5776
f 5776 5820 5777
f 5820 5818 5777
f 5777 5818 5778
f 5818 5816 5778
f 5778 5816 5779
f 5816 5814 5779
f 5779 5814 5780
f 5814 5812 5780
f 5780 5812 5752
f 5812 5810 5752
f 5752 5810 5753
f 5810 5808 5753
f 5753 5808 5754
f 5808 5806 5754
f 5754 5806 5755
f 5806 5804 5755
f 5755 5804 5756
f 5804 5802 5756
f 5756 5802 5757
f 5802 5800 5757
f 5757 5800 5758
f 5800 5798 5758
f 5758 5798 5759
f 5798 5796 5759
f 5759 5796 5760
f 5796 5794 5760
f 5760 5794 5761
f 5794 5792 5761
f 5761 5792 5762
f 5792 5790 5762
f 5762 5790 5763
f 5790 5788 5763
f 5763 5788 5764
f 5788 5786 5764
f 5764 5786 5765
f 5786 5784 5765
f 5765 5784 5766
f 5839 5781 959
f 959 5781 960
f 959 910 5839
f 910 909 5839
f 5839 909 5837
f 909 817 5837
f 5837 817 5835
f 817 942 5835
f 5835 942 5833
f 942 920 5833
f 5833 920 5831
f 920 919 5831
f 5831 919 5829
f 919 861 5829
f 5829 861 5827
f 861 860 5827
f 5827 860 5825
f 860 859 5825
f 5825 859 5823
f 859 841 5823
f 5823 841 5821
f 841 839 5821
f 5821 839 5819
f 839 838 5819
f 5819 838 5817
f 838 867 5817
f 5817 867 5815
f 867 866 5815
f 5815 866 5813
f 866 809 5813
f 5813 809 5811
f 809 814 5811
f 5811 814 5809
f 814 812 5809
f 5809 812 5807
f 812 811 5807
f 5807 811 5805
f 811 804 5805
f 5805 804 5803
f 804 803 5803
f 5803 803 5801
f 803 913 5801
f 5801 913 5799
f 913 992 5799
f 5799 992 5797
f 992 937 5797
f 5797 937 5795
f 937 936 5795
f 5795 936 5793
f 936 931 5793
f 5793 931 5791
f 931 963 5791
f 5791 963 5789
f 963 962 5789
f 5789 962 5787
f 962 961 5787
f 5787 961 5785
f 961 960 5785
f 5785 960 5783
f 960 5781 5783
f 5841 5842 646
f 5842 629 646
f 5843 5841 654
f 5841 646 654
f 5844 5843 641
f 5843 654 641
f 5845 5844 626
f 5844 641 626
f 5846 5845 627
f 5845 626 627
f 5842 5846 629
f 5846 627 629
f 5847 5848 5842
f 5849 5850 5841
f 5845 5851 5852
f 5853 5854 5844
f 5843 5855 5856
f 5848 5857 5842
f 5857 5858 5842
f 5842 5858 5846
f 5858 5859 5846
f 5859 5860 5846
f 5846 5860 5861
f 5852 5862 5845
f 5862 5863 5845
f 5845 5863 5844
f 5863 5864 5844
f 5844 5864 5853
f 5856 5865 5843
f 5865 5866 5843
f 5843 5866 5841
f 5866 5867 5841
f 5841 5867 5849
f 5861 5868 5846
f 5868 5869 5846
f 5846 5869 5845
f 5869 5870 5845
f 5845 5870 5851
f 5850 5871 5841
f 5871 5872 5841
f 5841 5872 5842
f 5872 5873 5842
f 5842 5873 5847
f 5854 5874 5844
f 5874 5875 5844
f 5844 5875 5843
f 5875 5876 5843
f 5843 5876 5855
f 5877 5878 5879
f 5877 5879 5880
f 5881 5882 5879
f 5882 5883 5879
f 5879 5883 5880
f 5878 5884 5879
f 5884 5885 5879
f 5879 5885 5881
f 5886 5887 5888
f 5886 5888 5889
f 5890 5891 5888
f 5891 5892 5888
f 5888 5892 5889
f 5887 5893 5888
f 5893 5894 5888
f 5888 5894 5890
f 5895 5896 5897
f 5895 5897 5898
f 5899 5900 5897
f 5900 5901 5897
f 5897 5901 5898
f 5896 5902 5897
f 5902 5903 5897
f 5897 5903 5899
f 5904 5905 5906
f 5904 5906 5907
f 5908 5909 5906
f 5909 5910 5906
f 5906 5910 5907
f 5905 5911 5906
f 5911 5912 5906
f 5906 5912 5908
f 5877 5913 5878
f 5913 5914 5878
f 5878 5914 5884
f 5914 5915 5884
f 5884 5915 5885
f 5915 5916 5885
f 5885 5916 5881
f 5916 5917 5881
f 5881 5917 5882
f 5917 5918 5882
f 5882 5918 5883
f 5918 5919 5883
f 5883 5919 5880
f 5919 5920 5880
f 5880 5920 5877
f 5920 5913 5877
f 5886 5921 5887
f 5921 5922 5887
f 5887 5922 5893
f 5922 5923 5893
f 5893 5923 5894
f 5923 5924 5894
f 5894 5924 5890
f 5924 5925 5890
f 5890 5925 5891
f 5925 5926 5891
f 5891 5926 5892
f 5926 5927 5892
f 5892 5927 5889
f 5927 5928 5889
f 5889 5928 5886
f 5928 5921 5886
f 5895 5929 5896
f 5929 5930 5896
f 5896 5930 5902
f 5930 5931 5902
f 5902 5931 5903
f 5931 5932 5903
f 5903 5932 5899
f 5932 5933 5899
f 5899 5933 5900
f 5933 5934 5900
f 5900 5934 5901
f 5934 5935 5901
f 5901 5935 5898
f 5935 5936 5898
f 5898 5936 5895
f 5936 5929 5895
f 5904 5937 5905
f 5937 5938 5905
f 5905 5938 5911
f 5938 5939 5911
f 5911 5939 5912
f 5939 5940 5912
f 5912 5940 5908
f 5940 5941 5908
f 5908 5941 5909
f 5941 5942 5909
f 5909 5942 5910
f 5942 5943 5910
f 5910 5943 5907
f 5943 5944 5907
f 5907 5944 5904
f 5944 5937 5904
f 5936 5945 5929
f 5945 5946 5929
f 5944 5947 5927
f 5948 5949 5920
f 5949 5950 5920
f 5950 5951 5920
f 5951 5952 5920
f 5920 5952 5913
f 5946 5947 5929
f 5947 5944 5929
f 5929 5944 5930
f 5944 5931 5930
f 5937 5920 5919
f 5953 5954 5943
f 5927 5926 5944
f 5926 5925 5944
f 5944 5925 5937
f 5925 5924 5937
f 5937 5924 5920
f 5953 5943 5955
f 5947 5956 5927
f 5956 5957 5927
f 5927 5957 5928
f 5957 5958 5928
f 5928 5958 5921
f 5958 5948 5921
f 5921 5948 5922
f 5948 5920 5922
f 5922 5920 5923
f 5920 5924 5923
f 5931 5944 5932
f 5944 5943 5932
f 5932 5943 5933
f 5943 5954 5933
f 5933 5954 5934
f 5954 5959 5934
f 5934 5959 5935
f 5959 5960 5935
f 5935 5960 5936
f 5960 5961 5936
f 5936 5961 5945
f 5918 5939 5919
f 5939 5938 5919
f 5919 5938 5937
f 5952 5962 5913
f 5962 5963 5913
f 5913 5963 5914
f 5963 5964 5914
f 5914 5964 5915
f 5964 5965 5915
f 5915 5965 5916
f 5965 5966 5916
f 5916 5966 5967
f 5968 5917 5969
f 5917 5916 5969
f 5969 5916 5970
f 5916 5967 5970
f 5918 5917 5939
f 5917 5968 5939
f 5939 5968 5940
f 5968 5971 5940
f 5940 5971 5941
f 5971 5972 5941
f 5941 5972 5942
f 5972 5973 5942
f 5942 5973 5943
f 5973 5974 5943
f 5943 5974 5955
f 5956 5947 5975
f 5975 5947 5976
f 5947 5946 5976
f 5946 5945 5976
f 5976 5945 5977
f 5945 5961 5977
f 5977 5961 5978
f 5961 5960 5978
f 5978 5960 5979
f 5960 5959 5979
f 5979 5959 5980
f 5959 5954 5980
f 5980 5954 5981
f 5954 5953 5981
f 5981 5953 5982
f 5953 5955 5982
f 5982 5955 5983
f 5955 5974 5983
f 5983 5974 5984
f 5974 5973 5984
f 5984 5973 5985
f 5973 5972 5985
f 5985 5972 5986
f 5972 5971 5986
f 5986 5971 5987
f 5971 5968 5987
f 5987 5968 5988
f 5968 5969 5988
f 5988 5969 5989
f 5969 5970 5989
f 5989 5970 5990
f 5970 5967 5990
f 5990 5967 5991
f 5967 5966 5991
f 5991 5966 5992
f 5966 5965 5992
f 5992 5965 5993
f 5965 5964 5993
f 5993 5964 5994
f 5964 5963 5994
f 5994 5963 5995
f 5963 5962 5995
f 5995 5962 5996
f 5962 5952 5996
f 5996 5952 5997
f 5952 5951 5997
f 5997 5951 5998
f 5951 5950 5998
f 5998 5950 5999
f 5950 5949 5999
f 5999 5949 6000
f 5949 5948 6000
f 6000 5948 6001
f 5948 5958 6001
f 6001 5958 6002
f 5958 5957 6002
f 6002 5957 6003
f 5957 5956 6003
f 6003 5956 6004
f 5956 5975 6004
f 5987 6005 5986
f 6005 6006 5986
f 5986 6006 5985
f 6006 6007 5985
f 5985 6007 5984
f 6007 6008 5984
f 5984 6008 5983
f 6008 6009 5983
f 5983 6009 5982
f 6009 6010 5982
f 5982 6010 5981
f 6010 6011 5981
f 5981 6011 5980
f 6011 6012 5980
f 5980 6012 5979
f 6012 6013 5979
f 5979 6013 5978
f 6013 6014 5978
f 5978 6014 5977
f 6014 6015 5977
f 5977 6015 5976
f 6015 6016 5976
f 5976 6016 5975
f 6016 6017 5975
f 5975 6017 6004
f 6017 6018 6004
f 6004 6018 6003
f 6018 6019 6003
f 6003 6019 6002
f 6019 6020 6002
f 6002 6020 6001
f 6020 6021 6001
f 6001 6021 6000
f 6021 6022 6000
f 6000 6022 5999
f 6022 6023 5999
f 5999 6023 5998
f 6023 6024 5998
f 5998 6024 5997
f 6024 6025 5997
f 5997 6025 5996
f 6025 6026 5996
f 5996 6026 5995
f 6026 6027 5995
f 5995 6027 5994
f 6027 6028 5994
f 5994 6028 5993
f 6028 6029 5993
f 5993 6029 5992
f 6029 6030 5992
f 5992 6030 5991
f 6030 6031 5991
f 5991 6031 5990
f 6031 6032 5990
f 5990 6032 5989
f 6032 6033 5989
f 5989 6033 5988
f 6033 6034 5988
f 5988 6034 5987
f 6034 6005 5987
f 6018 6017 5872
f 5872 6017 5873
f 6017 6016 5873
f 6016 6015 5873
f 5873 6015 5847
f 6015 6014 5847
f 5847 6014 5848
f 6014 6013 5848
f 5848 6013 5857
f 6013 6012 5857
f 5857 6012 5858
f 6012 6011 5858
f 5858 6011 5859
f 6011 6010 5859
f 5859 6010 5860
f 6010 6009 5860
f 5860 6009 5861
f 6009 6008 5861
f 5861 6008 5868
f 6008 6007 5868
f 5868 6007 5869
f 6007 6006 5869
f 5869 6006 5870
f 6006 6005 5870
f 5870 6005 5851
f 6005 6034 5851
f 5851 6034 5852
f 6034 6033 5852
f 5852 6033 5862
f 6033 6032 5862
f 5862 6032 5863
f 6032 6031 5863
f 5863 6031 5864
f 6031 6030 5864
f 5864 6030 5853
f 6030 6029 5853
f 5853 6029 5854
f 6029 6028 5854
f 5854 6028 5874
f 6028 6027 5874
f 5874 6027 5875
f 6027 6026 5875
f 5875 6026 5876
f 6026 6025 5876
f 5876 6025 5855
f 6025 6024 5855
f 5855 6024 5856
f 6024 6023 5856
f 5856 6023 5865
f 6023 6022 5865
f 5865 6022 5866
f 6022 6021 5866
f 5866 6021 5867
f 6021 6020 5867
f 5867 6020 5849
f 6020 6019 5849
f 5849 6019 5850
f 6019 6018 5850
f 5850 6018 5871
f 6018 5872 5871
f 844 6035 1275
f 6035 6036 1275
f 1275 6036 737
f 844 843 6035
f 843 888 6035
f 6035 888 6037
f 888 849 6037
f 6037 849 6038
f 849 864 6038
f 6038 864 6039
f 864 6040 6039
f 6039 6040 6041
f 737 6036 738
f 6036 6042 738
f 738 6042 746
f 882 6043 1142
f 6043 6044 1142
f 6041 6045 6039
f 6045 800 6039
f 6039 800 6046
f 882 880 6043
f 880 885 6043
f 6043 885 6047
f 885 895 6047
f 6047 895 6048
f 895 930 6048
f 6048 930 6049
f 930 929 6049
f 6049 929 6050
f 929 927 6050
f 6050 927 6051
f 927 794 6051
f 6051 794 6052
f 794 799 6052
f 6052 799 6053
f 799 1230 6053
f 6053 1230 1231
f 800 786 6046
f 786 788 6046
f 6046 788 6054
f 788 822 6054
f 6054 822 6055
f 822 824 6055
f 6055 824 6056
f 824 896 6056
f 6056 896 6057
f 896 898 6057
f 6057 898 6058
f 898 853 6058
f 6058 853 6044
f 853 852 6044
f 6044 852 1142
f 6059 1186 6060
f 1186 739 6060
f 1231 1232 6053
f 1232 835 6053
f 6053 835 6061
f 739 741 6060
f 741 743 6060
f 6060 743 6062
f 835 826 6061
f 826 769 6061
f 6061 769 6063
f 769 750 6063
f 6063 750 6059
f 750 758 6059
f 6059 758 1186
f 6064 3613 6065
f 3613 3614 6065
f 3613 6064 6066
f 3613 6066 3611
f 6066 6067 3611
f 3611 6067 3609
f 6067 6068 3609
f 3609 6068 3607
f 6068 6069 3607
f 3607 6069 3605
f 6069 6070 3605
f 3605 6070 3603
f 6070 6071 3603
f 3603 6071 3601
f 6071 6072 3601
f 3601 6072 3599
f 6072 6073 3599
f 3599 6073 3597
f 6073 6074 3597
f 3597 6074 3595
f 6074 6075 3595
f 3595 6075 3593
f 6075 6076 3593
f 3593 6076 3591
f 6076 6077 3591
f 3591 6077 3589
f 6077 6078 3589
f 3589 6078 3587
f 6078 6079 3587
f 3587 6079 3585
f 6079 6080 3585
f 3585 6080 3584
f 3584 6080 3583
f 6080 6081 3583
f 6038 6039 6064
f 6042 6036 6065
f 6036 6035 6065
f 6065 6035 6064
f 6035 6037 6064
f 6064 6037 6038
f 6081 6062 743
f 6065 3614 6042
f 3614 621 6042
f 6042 621 746
f 621 544 746
f 746 544 549
f 576 743 623
f 743 746 623
f 623 746 622
f 746 549 622
f 3583 6081 593
f 6081 743 593
f 593 743 579
f 743 576 579
f 6060 6062 6081
f 6053 6061 6080
f 6061 6063 6080
f 6080 6063 6081
f 6063 6059 6081
f 6081 6059 6060
f 6064 6039 6046
f 6064 6046 6066
f 6046 6054 6066
f 6066 6054 6067
f 6054 6055 6067
f 6067 6055 6068
f 6055 6056 6068
f 6068 6056 6069
f 6056 6057 6069
f 6069 6057 6070
f 6057 6058 6070
f 6070 6058 6071
f 6058 6044 6071
f 6071 6044 6072
f 6044 6043 6072
f 6072 6043 6073
f 6043 6047 6073
f 6073 6047 6074
f 6047 6048 6074
f 6074 6048 6075
f 6048 6049 6075
f 6075 6049 6076
f 6049 6050 6076
f 6076 6050 6077
f 6050 6051 6077
f 6077 6051 6078
f 6051 6052 6078
f 6078 6052 6079
f 6052 6053 6079
f 6079 6053 6080
f 634 244 254
f 634 254 673
f 254 230 673
f 673 230 674
f 642 235 237
f 642 237 643
f 237 242 643
f 643 242 624
f 675 259 676
f 259 258 676
f 676 258 677
f 258 268 677
f 677 268 671
f 268 267 671
f 671 267 672
f 267 257 672
f 720 280 722
f 280 294 722
f 722 294 728
f 294 293 728
f 728 293 729
f 293 291 729
f 729 291 730
f 291 290 730
f 730 290 733
f 290 287 733
f 734 307 735
f 307 306 735
f 735 306 732
f 306 299 732
f 732 299 731
f 299 311 731
f 731 311 727
f 311 310 727
f 727 310 725
f 310 309 725
f 678 321 697
f 321 320 697
f 697 320 698
f 320 319 698
f 698 319 639
f 319 318 639
f 639 318 640
f 318 317 640
f 235 642 233
f 642 640 233
f 233 640 317
f 307 734 308
f 734 733 308
f 308 733 287
f 259 675 260
f 675 674 260
f 260 674 230
f 624 242 241
f 624 241 625
f 241 239 625
f 625 239 635
f 239 238 635
f 635 238 636
f 238 250 636
f 636 250 637
f 250 249 637
f 637 249 638
f 249 248 638
f 638 248 628
f 248 247 628
f 628 247 630
f 247 252 630
f 630 252 631
f 252 251 631
f 631 251 632
f 251 245 632
f 632 245 633
f 245 244 633
f 633 244 634
f 6082 347 6083
f 347 346 6083
f 6083 346 1003
f 346 345 1003
f 1051 384 6084
f 384 383 6084
f 6084 383 6085
f 383 382 6085
f 6086 400 6087
f 400 408 6087
f 6087 408 6088
f 408 407 6088
f 6088 407 6089
f 407 406 6089
f 6089 406 1053
f 406 405 1053
f 6090 376 374
f 6090 374 6091
f 374 373 6091
f 6091 373 6092
f 373 372 6092
f 6092 372 6093
f 372 399 6093
f 6093 399 6094
f 399 398 6094
f 6094 398 6095
f 398 403 6095
f 6095 403 6096
f 403 402 6096
f 6096 402 6097
f 402 401 6097
f 6097 401 6098
f 6099 353 352
f 6099 352 6100
f 352 351 6100
f 6100 351 6101
f 351 364 6101
f 6101 364 6102
f 364 363 6102
f 6102 363 6103
f 363 362 6103
f 6103 362 6104
f 362 360 6104
f 6104 360 6105
f 360 359 6105
f 6105 359 6106
f 359 365 6106
f 6106 365 6107
f 1038 339 6108
f 339 357 6108
f 6108 357 6109
f 357 356 6109
f 6109 356 6110
f 356 355 6110
f 6110 355 6111
f 355 354 6111
f 6112 6113 6114
f 6113 6115 6114
f 6114 6115 6116
f 6115 6117 6116
f 6116 6117 6118
f 6117 6119 6118
f 6118 6119 6120
f 6119 6121 6120
f 6120 6121 6122
f 6121 6123 6122
f 6122 6123 6124
f 6123 6125 6124
f 6124 6125 6126
f 6125 6127 6126
f 6126 6127 6128
f 6127 6129 6128
f 6128 6129 6130
f 6129 6131 6130
f 6130 6131 6132
f 6131 6133 6132
f 6132 6133 6134
f 6133 6135 6134
f 6134 6135 6136
f 6135 6137 6136
f 6136 6137 6138
f 6137 6139 6138
f 6138 6139 6140
f 6139 6141 6140
f 6140 6141 6142
f 6141 6143 6142
f 6142 6143 6144
f 6143 6145 6144
f 6144 6145 6146
f 6145 6147 6146
f 6146 6147 6148
f 6147 6149 6148
f 6148 6149 6150
f 6149 6112 6150
f 6150 6112 6114
f 6125 6151 6152
f 6125 6123 6151
f 6123 6121 6151
f 6151 6121 6153
f 6121 6119 6153
f 6119 6117 6153
f 6153 6117 6154
f 6117 6115 6154
f 6154 6115 6155
f 6115 6113 6155
f 6155 6113 6156
f 6113 6112 6156
f 6112 6149 6156
f 6156 6149 6157
f 6149 6147 6157
f 6147 6145 6157
f 6157 6145 6158
f 6145 6143 6158
f 6158 6143 6159
f 6143 6141 6159
f 6159 6141 6160
f 6141 6139 6160
f 6139 6137 6160
f 6160 6137 6161
f 6137 6135 6161
f 6135 6133 6161
f 6161 6133 6162
f 6133 6131 6162
f 6131 6129 6162
f 6162 6129 6152
f 6129 6127 6152
f 6152 6127 6125
f 6163 6153 6154
f 6151 6153 6163
f 6152 6151 6163
f 6163 6157 6158
f 6156 6157 6163
f 6155 6156 6163
f 6163 6161 6162
f 6160 6161 6163
f 6159 6160 6163
f 6162 6152 6163
f 6158 6159 6163
f 6154 6155 6163
f 6164 6165 6166
f 6165 6167 6166
f 6166 6167 6168
f 6167 6169 6168
f 6168 6169 6170
f 6169 6171 6170
f 6170 6171 6172
f 6171 6173 6172
f 6172 6173 6174
f 6173 6175 6174
f 6174 6175 6176
f 6175 6177 6176
f 6176 6177 6178
f 6177 6179 6178
f 6178 6179 6180
f 6179 6181 6180
f 6180 6181 6182
f 6181 6183 6182
f 6182 6183 6184
f 6183 6185 6184
f 6184 6185 6186
f 6185 6187 6186
f 6186 6187 6188
f 6187 6189 6188
f 6188 6189 6190
f 6189 6191 6190
f 6190 6191 6192
f 6191 6193 6192
f 6192 6193 6194
f 6193 6195 6194
f 6194 6195 6196
f 6195 6197 6196
f 6196 6197 6198
f 6197 6199 6198
f 6198 6199 6200
f 6199 6201 6200
f 6200 6201 6202
f 6201 6164 6202
f 6202 6164 6166
f 6177 6203 6204
f 6177 6175 6203
f 6175 6173 6203
f 6203 6173 6205
f 6173 6171 6205
f 6171 6169 6205
f 6205 6169 6206
f 6169 6167 6206
f 6206 6167 6207
f 6167 6165 6207
f 6207 6165 6208
f 6165 6164 6208
f 6164 6201 6208
f 6208 6201 6209
f 6201 6199 6209
f 6199 6197 6209
f 6209 6197 6210
f 6197 6195 6210
f 6210 6195 6211
f 6195 6193 6211
f 6211 6193 6212
f 6193 6191 6212
f 6191 6189 6212
f 6212 6189 6213
f 6189 6187 6213
f 6187 6185 6213
f 6213 6185 6214
f 6185 6183 6214
f 6183 6181 6214
f 6214 6181 6204
f 6181 6179 6204
f 6204 6179 6177
f 6215 6205 6206
f 6203 6205 6215
f 6204 6203 6215
f 6215 6209 6210
f 6208 6209 6215
f 6207 6208 6215
f 6215 6213 6214
f 6212 6213 6215
f 6211 6212 6215
f 6214 6204 6215
f 6210 6211 6215
f 6206 6207 6215
f 6216 6217 688
f 6217 6218 688
f 688 6218 658
f 6218 6219 658
f 658 6219 657
f 6219 6220 657
f 657 6220 708
f 6220 6221 708
f 708 6221 724
f 6221 6222 724
f 724 6222 726
f 6222 6223 726
f 726 6223 653
f 6223 6224 653
f 653 6224 696
f 6224 6225 696
f 696 6225 695
f 6225 6226 695
f 695 6226 694
f 6226 6227 694
f 694 6227 701
f 6227 6228 701
f 701 6228 700
f 6228 6229 700
f 700 6229 699
f 6229 6230 699
f 699 6230 679
f 6230 6231 679
f 679 6231 680
f 6231 6232 680
f 680 6232 704
f 6232 6233 704
f 704 6233 685
f 6233 6234 685
f 685 6234 683
f 6234 6235 683
f 683 6235 681
f 6235 6216 681
f 681 6216 688
f 6223 6236 6237
f 6223 6222 6236
f 6222 6221 6236
f 6236 6221 6238
f 6221 6220 6238
f 6220 6219 6238
f 6238 6219 6239
f 6219 6218 6239
f 6239 6218 6240
f 6218 6217 6240
f 6240 6217 6241
f 6217 6216 6241
f 6216 6235 6241
f 6241 6235 6242
f 6235 6234 6242
f 6234 6233 6242
f 6242 6233 6243
f 6233 6232 6243
f 6243 6232 6244
f 6232 6231 6244
f 6244 6231 6245
f 6231 6230 6245
f 6230 6229 6245
f 6245 6229 6246
f 6229 6228 6246
f 6228 6227 6246
f 6246 6227 6247
f 6227 6226 6247
f 6226 6225 6247
f 6247 6225 6237
f 6225 6224 6237
f 6237 6224 6223
f 6248 6238 6239
f 6236 6238 6248
f 6237 6236 6248
f 6248 6242 6243
f 6241 6242 6248
f 6240 6241 6248
f 6248 6246 6247
f 6245 6246 6248
f 6244 6245 6248
f 6247 6237 6248
f 6243 6244 6248
f 6239 6240 6248
f 6249 6250 715
f 6250 6251 715
f 715 6251 660
f 6251 6252 660
f 660 6252 662
f 6252 6253 662
f 662 6253 664
f 6253 6254 664
f 664 6254 669
f 6254 6255 669
f 669 6255 667
f 6255 6256 667
f 667 6256 651
f 6256 6257 651
f 651 6257 649
f 6257 6258 649
f 649 6258 647
f 6258 6259 647
f 647 6259 670
f 6259 6260 670
f 670 6260 644
f 6260 6261 644
f 644 6261 645
f 6261 6262 645
f 645 6262 652
f 6262 6263 652
f 652 6263 710
f 6263 6264 710
f 710 6264 711
f 6264 6265 711
f 711 6265 712
f 6265 6266 712
f 712 6266 721
f 6266 6267 721
f 721 6267 719
f 6267 6268 719
f 719 6268 717
f 6268 6249 717
f 717 6249 715
f 6256 6269 6270
f 6256 6255 6269
f 6255 6254 6269
f 6269 6254 6271
f 6254 6253 6271
f 6253 6252 6271
f 6271 6252 6272
f 6252 6251 6272
f 6272 6251 6273
f 6251 6250 6273
f 6273 6250 6274
f 6250 6249 6274
f 6249 6268 6274
f 6274 6268 6275
f 6268 6267 6275
f 6267 6266 6275
f 6275 6266 6276
f 6266 6265 6276
f 6276 6265 6277
f 6265 6264 6277
f 6277 6264 6278
f 6264 6263 6278
f 6263 6262 6278
f 6278 6262 6279
f 6262 6261 6279
f 6261 6260 6279
f 6279 6260 6280
f 6260 6259 6280
f 6259 6258 6280
f 6280 6258 6270
f 6258 6257 6270
f 6270 6257 6256
f 6281 6271 6272
f 6269 6271 6281
f 6270 6269 6281
f 6281 6275 6276
f 6274 6275 6281
f 6273 6274 6281
f 6281 6279 6280
f 6278 6279 6281
f 6277 6278 6281
f 6280 6270 6281
f 6276 6277 6281
f 6272 6273 6281
f 6282 6283 6284
f 6283 6285 6284
f 6284 6285 6286
f 6285 6287 6286
f 6286 6287 6288
f 6287 6289 6288
f 6288 6289 6290
f 6289 6291 6290
f 6290 6291 6292
f 6291 6293 6292
f 6292 6293 6294
f 6293 6295 6294
f 6294 6295 6296
f 6295 6297 6296
f 6296 6297 6298
f 6297 6299 6298
f 6298 6299 6300
f 6299 6301 6300
f 6300 6301 6302
f 6301 6303 6302
f 6302 6303 6304
f 6303 6305 6304
f 6304 6305 6306
f 6305 6307 6306
f 6306 6307 6308
f 6307 6309 6308
f 6308 6309 6310
f 6309 6311 6310
f 6310 6311 6312
f 6311 6313 6312
f 6312 6313 6314
f 6313 6315 6314
f 6314 6315 6316
f 6315 6317 6316
f 6316 6317 6318
f 6317 6319 6318
f 6318 6319 6320
f 6319 6282 6320
f 6320 6282 6284
f 6321 6322 6295
f 6295 6293 6321
f 6293 6291 6321
f 6321 6291 6323
f 6291 6289 6323
f 6289 6287 6323
f 6323 6287 6324
f 6287 6285 6324
f 6324 6285 6325
f 6285 6283 6325
f 6325 6283 6326
f 6283 6282 6326
f 6282 6319 6326
f 6326 6319 6327
f 6319 6317 6327
f 6317 6315 6327
f 6327 6315 6328
f 6315 6313 6328
f 6328 6313 6329
f 6313 6311 6329
f 6329 6311 6330
f 6311 6309 6330
f 6309 6307 6330
f 6330 6307 6331
f 6307 6305 6331
f 6305 6303 6331
f 6331 6303 6332
f 6303 6301 6332
f 6301 6299 6332
f 6332 6299 6322
f 6299 6297 6322
f 6322 6297 6295
f 6333 6323 6324
f 6321 6323 6333
f 6322 6321 6333
f 6333 6327 6328
f 6326 6327 6333
f 6325 6326 6333
f 6333 6331 6332
f 6330 6331 6333
f 6329 6330 6333
f 6332 6322 6333
f 6328 6329 6333
f 6324 6325 6333
f 6334 6335 6336
f 6335 6337 6336
f 6336 6337 6338
f 6337 6339 6338
f 6338 6339 6340
f 6339 6341 6340
f 6340 6341 6342
f 6341 6343 6342
f 6342 6343 6344
f 6343 6345 6344
f 6344 6345 6346
f 6345 6347 6346
f 6346 6347 6348
f 6347 6349 6348
f 6348 6349 6350
f 6349 6351 6350
f 6350 6351 6352
f 6351 6353 6352
f 6352 6353 6354
f 6353 6355 6354
f 6354 6355 6356
f 6355 6357 6356
f 6356 6357 6358
f 6357 6359 6358
f 6358 6359 6360
f 6359 6361 6360
f 6360 6361 6362
f 6361 6363 6362
f 6362 6363 6364
f 6363 6365 6364
f 6364 6365 6366
f 6365 6367 6366
f 6366 6367 6368
f 6367 6369 6368
f 6368 6369 6370
f 6369 6371 6370
f 6370 6371 6372
f 6371 6334 6372
f 6372 6334 6336
f 6373 6374 6347
f 6347 6345 6373
f 6345 6343 6373
f 6373 6343 6375
f 6343 6341 6375
f 6341 6339 6375
f 6375 6339 6376
f 6339 6337 6376
f 6376 6337 6377
f 6337 6335 6377
f 6377 6335 6378
f 6335 6334 6378
f 6334 6371 6378
f 6378 6371 6379
f 6371 6369 6379
f 6369 6367 6379
f 6379 6367 6380
f 6367 6365 6380
f 6380 6365 6381
f 6365 6363 6381
f 6381 6363 6382
f 6363 6361 6382
f 6361 6359 6382
f 6382 6359 6383
f 6359 6357 6383
f 6357 6355 6383
f 6383 6355 6384
f 6355 6353 6384
f 6353 6351 6384
f 6384 6351 6374
f 6351 6349 6374
f 6374 6349 6347
f 6385 6375 6376
f 6373 6375 6385
f 6374 6373 6385
f 6385 6379 6380
f 6378 6379 6385
f 6377 6378 6385
f 6385 6383 6384
f 6382 6383 6385
f 6381 6382 6385
f 6384 6374 6385
f 6380 6381 6385
f 6376 6377 6385
f 6386 6387 6388
f 6387 6389 6388
f 6388 6389 6390
f 6389 6391 6390
f 6390 6391 6392
f 6391 6393 6392
f 6392 6393 6394
f 6393 6395 6394
f 6394 6395 6396
f 6395 6397 6396
f 6396 6397 6398
f 6397 6399 6398
f 6398 6399 6400
f 6399 6401 6400
f 6400 6401 6402
f 6401 6403 6402
f 6402 6403 6404
f 6403 6405 6404
f 6404 6405 6406
f 6405 6407 6406
f 6406 6407 6408
f 6407 6409 6408
f 6408 6409 6410
f 6409 6411 6410
f 6410 6411 6412
f 6411 6413 6412
f 6412 6413 6414
f 6413 6415 6414
f 6414 6415 6416
f 6415 6417 6416
f 6416 6417 6418
f 6417 6419 6418
f 6418 6419 6420
f 6419 6421 6420
f 6420 6421 6422
f 6421 6423 6422
f 6422 6423 6424
f 6423 6386 6424
f 6424 6386 6388
f 6399 6425 6426
f 6399 6397 6425
f 6397 6395 6425
f 6425 6395 6427
f 6395 6393 6427
f 6393 6391 6427
f 6427 6391 6428
f 6391 6389 6428
f 6428 6389 6429
f 6389 6387 6429
f 6429 6387 6430
f 6387 6386 6430
f 6386 6423 6430
f 6430 6423 6431
f 6423 6421 6431
f 6421 6419 6431
f 6431 6419 6432
f 6419 6417 6432
f 6432 6417 6433
f 6417 6415 6433
f 6433 6415 6434
f 6415 6413 6434
f 6413 6411 6434
f 6434 6411 6435
f 6411 6409 6435
f 6409 6407 6435
f 6435 6407 6436
f 6407 6405 6436
f 6405 6403 6436
f 6436 6403 6426
f 6403 6401 6426
f 6426 6401 6399
f 6437 6427 6428
f 6425 6427 6437
f 6426 6425 6437
f 6437 6431 6432
f 6430 6431 6437
f 6429 6430 6437
f 6437 6435 6436
f 6434 6435 6437
f 6433 6434 6437
f 6436 6426 6437
f 6432 6433 6437
f 6428 6429 6437
f 6438 6439 6440
f 6439 6441 6440
f 6440 6441 6442
f 6441 6443 6442
f 6442 6443 6444
f 6443 6445 6444
f 6444 6445 6446
f 6445 6447 6446
f 6446 6447 6448
f 6447 6449 6448
f 6448 6449 6450
f 6449 6451 6450
f 6450 6451 6452
f 6451 6453 6452
f 6452 6453 6454
f 6453 6455 6454
f 6454 6455 6456
f 6455 6457 6456
f 6456 6457 6458
f 6457 6459 6458
f 6458 6459 6460
f 6459 6461 6460
f 6460 6461 6462
f 6461 6463 6462
f 6462 6463 6464
f 6463 6465 6464
f 6464 6465 6466
f 6465 6467 6466
f 6466 6467 6468
f 6467 6469 6468
f 6468 6469 6470
f 6469 6471 6470
f 6470 6471 6472
f 6471 6473 6472
f 6472 6473 6474
f 6473 6475 6474
f 6474 6475 6476
f 6475 6438 6476
f 6476 6438 6440
f 6451 6477 6478
f 6451 6449 6477
f 6449 6447 6477
f 6477 6447 6479
f 6447 6445 6479
f 6445 6443 6479
f 6479 6443 6480
f 6443 6441 6480
f 6480 6441 6481
f 6441 6439 6481
f 6481 6439 6482
f 6439 6438 6482
f 6438 6475 6482
f 6482 6475 6483
f 6475 6473 6483
f 6473 6471 6483
f 6483 6471 6484
f 6471 6469 6484
f 6484 6469 6485
f 6469 6467 6485
f 6485 6467 6486
f 6467 6465 6486
f 6465 6463 6486
f 6486 6463 6487
f 6463 6461 6487
f 6461 6459 6487
f 6487 6459 6488
f 6459 6457 6488
f 6457 6455 6488
f 6488 6455 6478
f 6455 6453 6478
f 6478 6453 6451
f 6489 6479 6480
f 6477 6479 6489
f 6478 6477 6489
f 6489 6483 6484
f 6482 6483 6489
f 6481 6482 6489
f 6489 6487 6488
f 6486 6487 6489
f 6485 6486 6489
f 6488 6478 6489
f 6484 6485 6489
f 6480 6481 6489
f 6089 1053 1052
f 6086 6087 6095
f 6108 1031 1033
f 1033 1035 6108
f 1035 1037 6108
f 6108 1037 1038
f 1052 1057 6089
f 1057 1059 6089
f 6089 1059 6088
f 1059 1061 6088
f 6088 1061 6087
f 1061 1063 6087
f 6087 1063 6095
f 6107 6090 1021
f 6103 6110 6111
f 6096 6097 6095
f 6097 6098 6095
f 6095 6098 6086
f 1051 6084 1086
f 6084 1084 1086
f 1031 6108 1029
f 6108 6109 1029
f 1029 6109 1027
f 1019 6092 6093
f 6083 1003 1002
f 1002 1007 6083
f 1007 1009 6083
f 6083 1009 6082
f 1021 6090 1019
f 6090 6091 1019
f 1019 6091 6092
f 6093 6094 1019
f 6094 6095 1019
f 1019 6095 1017
f 6095 1063 1017
f 1017 1063 1065
f 1021 1023 6107
f 1023 1025 6107
f 6107 1025 6106
f 1025 6105 6106
f 6111 6099 6103
f 6099 6100 6103
f 6103 6100 6102
f 6100 6101 6102
f 1065 1067 1017
f 1067 1069 1017
f 1017 1069 1071
f 6109 6110 1027
f 6110 6103 1027
f 1027 6103 1025
f 6103 6104 1025
f 1025 6104 6105
f 1071 1073 1017
f 1073 1075 1017
f 1017 1075 1015
f 1075 1077 1015
f 1015 1077 1013
f 1077 1011 1013
f 1009 1011 6082
f 1011 1077 6082
f 6082 1077 6085
f 1077 1080 6085
f 6085 1080 6084
f 1080 1082 6084
f 6084 1082 1084
f 376 6090 367
f 6090 6107 367
f 367 6107 365
f 430 347 6082
f 430 6082 417
f 6082 6085 417
f 417 6085 382
f 401 400 6098
f 400 6086 6098
f 354 353 6111
f 353 6099 6111
f 6166 6168 6490
f 6172 6491 6170
f 6491 6492 6170
f 6170 6492 6168
f 6492 6493 6168
f 6168 6493 6490
f 6494 6178 6180
f 6196 6495 6194
f 6495 6496 6194
f 6194 6496 6192
f 6176 6497 6174
f 6497 6498 6174
f 6174 6498 6172
f 6498 6499 6172
f 6172 6499 6491
f 6494 6500 6178
f 6500 6501 6178
f 6178 6501 6176
f 6501 6502 6176
f 6176 6502 6497
f 6198 6503 6196
f 6503 6504 6196
f 6196 6504 6495
f 6182 6505 6180
f 6505 6506 6180
f 6180 6506 6494
f 6186 6507 6184
f 6507 6508 6184
f 6184 6508 6182
f 6508 6509 6182
f 6182 6509 6505
f 6490 6510 6166
f 6510 6511 6166
f 6166 6511 6202
f 6511 6512 6202
f 6202 6512 6200
f 6512 6513 6200
f 6200 6513 6198
f 6513 6514 6198
f 6198 6514 6503
f 6496 6515 6192
f 6515 6516 6192
f 6192 6516 6190
f 6516 6517 6190
f 6190 6517 6188
f 6517 6518 6188
f 6188 6518 6186
f 6518 6519 6186
f 6186 6519 6507
f 6501 6500 571
f 571 6500 572
f 6500 6494 572
f 6494 6506 572
f 572 6506 573
f 6506 6505 573
f 573 6505 580
f 6505 6509 580
f 580 6509 574
f 6509 6508 574
f 574 6508 575
f 6508 6507 575
f 575 6507 584
f 6507 6519 584
f 584 6519 585
f 6519 6518 585
f 585 6518 586
f 6518 6517 586
f 586 6517 577
f 6517 6516 577
f 577 6516 578
f 6516 6515 578
f 578 6515 581
f 6515 6496 581
f 581 6496 582
f 6496 6495 582
f 582 6495 583
f 6495 6504 583
f 583 6504 554
f 6504 6503 554
f 554 6503 555
f 6503 6514 555
f 555 6514 557
f 6514 6513 557
f 557 6513 558
f 6513 6512 558
f 558 6512 561
f 6512 6511 561
f 561 6511 562
f 6511 6510 562
f 562 6510 563
f 6510 6490 563
f 563 6490 564
f 6490 6493 564
f 564 6493 565
f 6493 6492 565
f 565 6492 566
f 6492 6491 566
f 566 6491 559
f 6491 6499 559
f 559 6499 560
f 6499 6498 560
f 560 6498 567
f 6498 6497 567
f 567 6497 568
f 6497 6502 568
f 568 6502 569
f 6502 6501 569
f 569 6501 570
f 6501 571 570
f 6114 6116 6520
f 6120 6521 6118
f 6521 6522 6118
f 6118 6522 6116
f 6522 6523 6116
f 6116 6523 6520
f 6144 6524 6142
f 6524 6525 6142
f 6142 6525 6140
f 6126 6526 6124
f 6526 6527 6124
f 6124 6527 6122
f 6128 6528 6126
f 6528 6529 6126
f 6126 6529 6526
f 6527 6530 6122
f 6530 6531 6122
f 6122 6531 6120
f 6531 6532 6120
f 6120 6532 6521
f 6134 6533 6132
f 6533 6534 6132
f 6132 6534 6130
f 6525 6535 6140
f 6535 6536 6140
f 6140 6536 6138
f 6536 6537 6138
f 6138 6537 6136
f 6537 6538 6136
f 6136 6538 6134
f 6538 6539 6134
f 6134 6539 6533
f 6146 6540 6144
f 6540 6541 6144
f 6144 6541 6524
f 6520 6542 6114
f 6542 6543 6114
f 6114 6543 6150
f 6543 6544 6150
f 6150 6544 6148
f 6544 6545 6148
f 6148 6545 6146
f 6545 6546 6146
f 6146 6546 6540
f 6534 6547 6130
f 6547 6548 6130
f 6130 6548 6128
f 6548 6549 6128
f 6128 6549 6528
f 6526 6529 540
f 540 6529 541
f 6529 6528 541
f 6528 6549 541
f 541 6549 542
f 6549 6548 542
f 542 6548 543
f 6548 6547 543
f 543 6547 545
f 6547 6534 545
f 545 6534 546
f 6534 6533 546
f 546 6533 551
f 6533 6539 551
f 551 6539 552
f 6539 6538 552
f 552 6538 553
f 6538 6537 553
f 553 6537 547
f 6537 6536 547
f 547 6536 548
f 6536 6535 548
f 548 6535 550
f 6535 6525 550
f 550 6525 520
f 6525 6524 520
f 520 6524 521
f 6524 6541 521
f 521 6541 522
f 6541 6540 522
f 522 6540 523
f 6540 6546 523
f 523 6546 524
f 6546 6545 524
f 524 6545 529
f 6545 6544 529
f 529 6544 530
f 6544 6543 530
f 530 6543 531
f 6543 6542 531
f 531 6542 532
f 6542 6520 532
f 532 6520 533
f 6520 6523 533
f 533 6523 534
f 6523 6522 534
f 534 6522 525
f 6522 6521 525
f 525 6521 526
f 6521 6532 526
f 526 6532 528
f 6532 6531 528
f 528 6531 538
f 6531 6530 538
f 538 6530 537
f 6530 6527 537
f 537 6527 535
f 6527 6526 535
f 535 6526 539
f 6526 540 539
f 6440 6442 1058
f 6444 1062 6442
f 1062 1060 6442
f 6442 1060 1058
f 6452 1074 6450
f 1074 1072 6450
f 6450 1072 6448
f 6470 1094 6468
f 1094 1093 6468
f 6468 1093 6466
f 1058 1056 6440
f 1056 1055 6440
f 6440 1055 6476
f 1055 1054 6476
f 6476 1054 6474
f 1072 1070 6448
f 1070 1068 6448
f 6448 1068 6446
f 1068 1066 6446
f 6446 1066 6444
f 1066 1064 6444
f 6444 1064 1062
f 1093 1092 6466
f 1092 1091 6466
f 6466 1091 6464
f 1091 1090 6464
f 6464 1090 6462
f 1054 1098 6474
f 1098 1097 6474
f 6474 1097 6472
f 1097 1096 6472
f 6472 1096 6470
f 1096 1095 6470
f 6470 1095 1094
f 1090 1089 6462
f 1089 1088 6462
f 6462 1088 6460
f 1088 1087 6460
f 6460 1087 6458
f 6454 1078 6452
f 1078 1076 6452
f 6452 1076 1074
f 1087 1085 6458
f 1085 1083 6458
f 6458 1083 6456
f 1083 1081 6456
f 6456 1081 6454
f 1081 1079 6454
f 6454 1079 1078
f 6388 6390 1026
f 6418 1010 6416
f 1010 1008 6416
f 6416 1008 6414
f 6392 1030 6390
f 1030 1028 6390
f 6390 1028 1026
f 6396 1036 6394
f 1036 1034 6394
f 6394 1034 6392
f 1034 1032 6392
f 6392 1032 1030
f 6400 1048 6398
f 1048 1047 6398
f 6398 1047 6396
f 1047 1039 6396
f 6396 1039 1036
f 6402 1050 6400
f 1050 1049 6400
f 6400 1049 1048
f 6406 1042 6404
f 1042 1041 6404
f 6404 1041 6402
f 1041 1040 6402
f 6402 1040 1050
f 1026 1024 6388
f 1024 1022 6388
f 6388 1022 6424
f 1022 1020 6424
f 6424 1020 6422
f 1020 1018 6422
f 6422 1018 6420
f 1008 1006 6414
f 1006 1005 6414
f 6414 1005 6412
f 1005 1004 6412
f 6412 1004 6410
f 1004 1046 6410
f 6410 1046 6408
f 1018 1016 6420
f 1016 1014 6420
f 6420 1014 6418
f 1014 1012 6418
f 6418 1012 1010
f 1046 1045 6408
f 1045 1044 6408
f 6408 1044 6406
f 1044 1043 6406
f 6406 1043 1042
f 6284 6286 6550
f 6288 6551 6286
f 6551 6552 6286
f 6286 6552 6550
f 6296 6553 6294
f 6553 6554 6294
f 6294 6554 6292
f 6314 6555 6312
f 6555 6556 6312
f 6312 6556 6310
f 6318 6557 6316
f 6557 6558 6316
f 6316 6558 6314
f 6558 6559 6314
f 6314 6559 6555
f 6554 6560 6292
f 6560 6561 6292
f 6292 6561 6290
f 6561 6562 6290
f 6290 6562 6288
f 6562 6563 6288
f 6288 6563 6551
f 6298 6564 6296
f 6564 6565 6296
f 6296 6565 6553
f 6302 6566 6300
f 6566 6567 6300
f 6300 6567 6298
f 6567 6568 6298
f 6298 6568 6564
f 6556 6569 6310
f 6569 6570 6310
f 6310 6570 6308
f 6570 6571 6308
f 6308 6571 6306
f 6550 6572 6284
f 6572 6573 6284
f 6284 6573 6320
f 6573 6574 6320
f 6320 6574 6318
f 6574 6575 6318
f 6318 6575 6557
f 6571 6576 6306
f 6576 6577 6306
f 6306 6577 6304
f 6577 6578 6304
f 6304 6578 6302
f 6578 6579 6302
f 6302 6579 6566
f 6553 6565 490
f 490 6565 491
f 6565 6564 491
f 6564 6568 491
f 491 6568 493
f 6568 6567 493
f 493 6567 496
f 6567 6566 496
f 496 6566 498
f 6566 6579 498
f 498 6579 500
f 6579 6578 500
f 500 6578 503
f 6578 6577 503
f 503 6577 506
f 6577 6576 506
f 506 6576 507
f 6576 6571 507
f 507 6571 508
f 6571 6570 508
f 508 6570 484
f 6570 6569 484
f 484 6569 485
f 6569 6556 485
f 485 6556 486
f 6556 6555 486
f 486 6555 487
f 6555 6559 487
f 487 6559 488
f 6559 6558 488
f 488 6558 411
f 6558 6557 411
f 411 6557 412
f 6557 6575 412
f 412 6575 413
f 6575 6574 413
f 413 6574 414
f 6574 6573 414
f 414 6573 409
f 6573 6572 409
f 409 6572 410
f 6572 6550 410
f 410 6550 418
f 6550 6552 418
f 418 6552 419
f 6552 6551 419
f 419 6551 420
f 6551 6563 420
f 420 6563 415
f 6563 6562 415
f 415 6562 416
f 6562 6561 416
f 416 6561 424
f 6561 6560 424
f 424 6560 423
f 6560 6554 423
f 423 6554 421
f 6554 6553 421
f 421 6553 489
f 6553 490 489
f 6336 6338 6580
f 6366 6581 6364
f 6581 6582 6364
f 6364 6582 6362
f 6340 6583 6338
f 6583 6584 6338
f 6338 6584 6580
f 6344 6585 6342
f 6585 6586 6342
f 6342 6586 6340
f 6586 6587 6340
f 6340 6587 6583
f 6348 6588 6346
f 6588 6589 6346
f 6346 6589 6344
f 6589 6590 6344
f 6344 6590 6585
f 6358 6591 6356
f 6591 6592 6356
f 6356 6592 6354
f 6582 6593 6362
f 6593 6594 6362
f 6362 6594 6360
f 6594 6595 6360
f 6360 6595 6358
f 6595 6596 6358
f 6358 6596 6591
f 6370 6597 6368
f 6597 6598 6368
f 6368 6598 6366
f 6598 6599 6366
f 6366 6599 6581
f 6580 6600 6336
f 6600 6601 6336
f 6336 6601 6372
f 6601 6602 6372
f 6372 6602 6370
f 6602 6603 6370
f 6370 6603 6597
f 6350 6604 6348
f 6604 6605 6348
f 6348 6605 6588
f 6592 6606 6354
f 6606 6607 6354
f 6354 6607 6352
f 6607 6608 6352
f 6352 6608 6350
f 6608 6609 6350
f 6350 6609 6604
f 6588 6605 511
f 511 6605 512
f 6605 6604 512
f 6604 6609 512
f 512 6609 513
f 6609 6608 513
f 513 6608 509
f 6608 6607 509
f 509 6607 510
f 6607 6606 510
f 510 6606 514
f 6606 6592 514
f 514 6592 519
f 6592 6591 519
f 519 6591 518
f 6591 6596 518
f 518 6596 517
f 6596 6595 517
f 517 6595 472
f 6595 6594 472
f 472 6594 473
f 6594 6593 473
f 473 6593 481
f 6593 6582 481
f 481 6582 479
f 6582 6581 479
f 479 6581 475
f 6581 6599 475
f 475 6599 469
f 6599 6598 469
f 469 6598 476
f 6598 6597 476
f 476 6597 425
f 6597 6603 425
f 425 6603 426
f 6603 6602 426
f 426 6602 431
f 6602 6601 431
f 431 6601 427
f 6601 6600 427
f 427 6600 428
f 6600 6580 428
f 428 6580 429
f 6580 6584 429
f 429 6584 432
f 6584 6583 432
f 432 6583 433
f 6583 6587 433
f 433 6587 434
f 6587 6586 434
f 434 6586 435
f 6586 6585 435
f 435 6585 436
f 6585 6590 436
f 436 6590 437
f 6590 6589 437
f 437 6589 227
f 6589 6588 227
f 227 6588 228
f 6588 511 228
f 892 492 876
f 492 494 876
f 876 494 877
f 494 495 877
f 877 495 966
f 495 497 966
f 966 497 967
f 497 499 967
f 967 499 968
f 499 501 968
f 968 501 875
f 501 502 875
f 875 502 873
f 502 504 873
f 873 504 753
f 504 505 753
f 935 288 932
f 288 292 932
f 932 292 933
f 292 281 933
f 933 281 980
f 281 279 980
f 980 279 981
f 279 277 981
f 981 277 982
f 277 286 982
f 982 286 983
f 286 285 983
f 983 285 957
f 285 283 957
f 957 283 958
f 283 282 958
f 997 298 998
f 298 316 998
f 998 316 999
f 316 315 999
f 999 315 1000
f 315 313 1000
f 1000 313 1001
f 313 312 1001
f 1001 312 993
f 312 303 993
f 993 303 994
f 303 302 994
f 994 302 995
f 302 301 995
f 995 301 985
f 301 300 985
f 979 516 945
f 516 515 945
f 945 515 946
f 515 474 946
f 946 474 947
f 474 483 947
f 947 483 948
f 483 482 948
f 948 482 949
f 482 480 949
f 949 480 922
f 480 478 922
f 922 478 924
f 478 477 924
f 924 477 925
f 477 471 925
f 288 935 289
f 935 985 289
f 289 985 300
f 753 505 997
f 505 297 997
f 997 297 298
f 492 892 470
f 892 925 470
f 470 925 471
f 516 979 271
f 979 958 271
f 271 958 282
f 451 457 914
f 457 456 914
f 914 456 915
f 456 455 915
f 915 455 984
f 455 448 984
f 984 448 986
f 448 447 986
f 986 447 996
f 447 446 996
f 996 446 754
f 446 439 754
f 754 439 755
f 439 438 755
f 755 438 767
f 438 445 767
f 767 445 768
f 445 444 768
f 768 444 770
f 444 442 770
f 770 442 771
f 442 441 771
f 771 441 772
f 441 468 772
f 772 468 773
f 468 467 773
f 773 467 774
f 467 466 774
f 774 466 775
f 466 465 775
f 775 465 776
f 465 463 776
f 776 463 777
f 463 462 777
f 777 462 778
f 462 461 778
f 778 461 779
f 461 460 779
f 779 460 762
f 460 458 762
f 762 458 763
f 458 225 763
f 763 225 765
f 225 224 765
f 765 224 766
f 224 440 766
f 766 440 813
f 440 454 813
f 813 454 806
f 454 453 806
f 806 453 805
f 453 452 805
f 805 452 934
f 452 449 934
f 934 449 911
f 449 450 911
f 911 450 912
f 450 451 912
f 912 451 914
f 6041 1297 1295
f 1294 800 1295
f 800 6045 1295
f 1295 6045 6041
f 6041 6040 1297
f 6040 864 1297
f 1297 864 1298
f 864 863 1298
f 1298 863 1300
f 863 862 1300
f 1300 862 1301
f 862 851 1301
f 1301 851 1303
f 851 850 1303
f 1303 850 1305
f 850 939 1305
f 1305 939 1306
f 939 938 1306
f 1306 938 1308
f 938 830 1308
f 1308 830 1309
f 830 834 1309
f 1309 834 1311
f 834 833 1311
f 1311 833 1312
f 833 964 1312
f 1312 964 1314
f 964 965 1314
f 1314 965 1315
f 965 956 1315
f 1315 956 1316
f 956 978 1316
f 1316 978 1317
f 978 908 1317
f 1317 908 1276
f 908 907 1276
f 1276 907 1277
f 907 903 1277
f 1277 903 1278
f 903 905 1278
f 1278 905 1280
f 905 899 1280
f 1280 899 1281
f 899 897 1281
f 1281 897 1283
f 897 823 1283
f 1283 823 1284
f 823 821 1284
f 1284 821 1286
f 821 820 1286
f 1286 820 1287
f 820 787 1287
f 1287 787 1289
f 787 785 1289
f 1289 785 1291
f 785 784 1291
f 1291 784 1292
f 784 802 1292
f 1292 802 1294
f 802 801 1294
f 1294 801 800
