mtllib gripper_left.mtl
usemtl material
v -0.010667689144611359 0.006776060909032822 -0.017065642401576042
v -0.011892733164131641 0.006395054515451193 -0.023437777534127235
v -0.010721578262746334 -0.004939767066389322 -0.016354762017726898
v -0.01197078451514244 -0.010573557578027248 -0.022408174350857735
v -0.010745739564299583 -0.010192550718784332 -0.01603603921830654
v 0.0010268063051626086 -0.010383336804807186 -0.018287906423211098
v 0.010125757195055485 -0.010931655764579773 -0.026634827256202698
v 0.011350801214575768 -0.010550648905336857 -0.020262692123651505
v 0.01020380761474371 0.006036956328898668 -0.0276644304394722
v 0.011428852565586567 0.006417963188141584 -0.021292295306921005
v 0.011374963447451591 -0.005297865252941847 -0.02058141492307186
v 0.004398790188133717 -0.007613309193402529 -0.021651964634656906
v 0.004556767642498016 -0.008099150843918324 -0.02165328525006771
v 0.004945578519254923 -0.007710162550210953 -0.01943064294755459
v 0.004827555734664202 -0.007479956839233637 -0.019421717151999474
v 0.004643816966563463 -0.007299283053725958 -0.019397195428609848
v 0.003984836395829916 -0.007320408243685961 -0.021589893847703934
v 0.004413601942360401 -0.0071870554238557816 -0.0193596463650465
v 0.004161011893302202 -0.007155024912208319 -0.01931300200521946
v 0.003483724081888795 -0.00733989616855979 -0.02149238996207714
v 0.003912489395588636 -0.007206544280052185 -0.019262142479419708
v 0.0033332526218146086 -0.007418344262987375 -0.02145877107977867
v 0.0037620181683450937 -0.007284992374479771 -0.01922852359712124
v 0.003203257219865918 -0.007528030779212713 -0.021427221596240997
v 0.0036320225335657597 -0.007394678425043821 -0.019196974113583565
v 0.003488379530608654 -0.007606219500303268 -0.01915671117603779
v 0.0029904604889452457 -0.007987424731254578 -0.02135884203016758
v 0.0034192258026450872 -0.00785407330840826 -0.019128596410155296
v 0.003431802149862051 -0.008112289942800999 -0.019115574657917023
v 0.0030960256699472666 -0.008487190119922161 -0.021349254995584488
v 0.0035247912164777517 -0.00835383776575327 -0.019119007512927055
v 0.0033271722495555878 -0.008740201592445374 -0.021378565579652786
v 0.0037559375632554293 -0.008606849238276482 -0.019148318096995354
v 0.003476898418739438 -0.00882351491600275 -0.02140236832201481
v 0.003905663965269923 -0.008690162561833858 -0.019172120839357376
v 0.004153675865381956 -0.00874972902238369 -0.01921623945236206
v 0.003977759275585413 -0.008859241381287575 -0.021496523171663284
v 0.004406524356454611 -0.008725889027118683 -0.019266275689005852
v 0.004637736361473799 -0.008621139451861382 -0.019316989928483963
v 0.004394344985485077 -0.00857979990541935 -0.02159331925213337
v 0.004823110532015562 -0.008446447551250458 -0.019363073632121086
v 0.004943232983350754 -0.008220101706683636 -0.019399700686335564
v 0.004985532723367214 -0.007965798489749432 -0.01942303776741028
v 0.0036812748294323683 -0.007083907723426819 -0.018995510414242744
v 0.004192484077066183 -0.006917386781424284 -0.019103746861219406
v 0.004516116343438625 -0.00695842644199729 -0.01916351169347763
v 0.004811079241335392 -0.007102217525243759 -0.019211620092391968
v 0.0050464957021176815 -0.007333706133067608 -0.019243037328124046
v 0.00519771222025156 -0.0076286569237709045 -0.019254473969340324
v 0.005248903762549162 -0.007956190966069698 -0.019244730472564697
v 0.005194706842303276 -0.008282016962766647 -0.019214829429984093
v 0.0050408001989126205 -0.008572022430598736 -0.01916790008544922
v 0.0048032887279987335 -0.008795847184956074 -0.019108856096863747
v 0.004507048521190882 -0.008930056355893612 -0.019043879583477974
v 0.004183085635304451 -0.00896060187369585 -0.018979771062731743
v 0.003865322330966592 -0.008884281851351261 -0.018923243507742882
v 0.003673486178740859 -0.008777537383139133 -0.018892746418714523
v 0.003377326764166355 -0.008453366346657276 -0.01885519176721573
v 0.003258185926824808 -0.00814388319849968 -0.018850792199373245
v 0.0032420726493000984 -0.007813042029738426 -0.018867475911974907
v 0.0033306744880974293 -0.00749547965824604 -0.018903497606515884
v 0.003514716401696205 -0.00722444336861372 -0.018955085426568985
v -0.004120935685932636 0.00399057287722826 -0.021198205649852753
v -0.0038166178856045008 0.004784759599715471 -0.02081386372447014
v -0.004317730199545622 0.004765271209180355 -0.020716357976198196
v -0.0034026638604700565 0.004491859115660191 -0.02087593264877796
v -0.003244685707613826 0.004006017465144396 -0.020877253264188766
v -0.004810993559658527 0.004117743112146854 -0.020582811906933784
v -0.0047054290771484375 0.0036179779563099146 -0.020573223009705544
v -0.004598197061568499 0.004577137529850006 -0.020651189610362053
v -0.004468200728297234 0.004686823580414057 -0.020682740956544876
v -0.0038236959371715784 0.003245926694944501 -0.02072049118578434
v -0.003407109063118696 0.0035253684036433697 -0.020817289128899574
v -0.0043245540000498295 0.003281652694568038 -0.020626338198781013
v -0.004474280867725611 0.003364966483786702 -0.020602533593773842
v -0.0028558745980262756 0.004395005758851767 -0.018654610961675644
v -0.0029738983139395714 0.004625211004167795 -0.01864568516612053
v -0.0031576361507177353 0.004805885720998049 -0.018621165305376053
v -0.0033878523390740156 0.004918111953884363 -0.018583616241812706
v -0.003640443319454789 0.004950143396854401 -0.018536970019340515
v -0.0038889646530151367 0.004898624029010534 -0.018486112356185913
v -0.004039435181766748 0.004820176400244236 -0.018452493473887444
v -0.0041694315150380135 0.004710489884018898 -0.01842094212770462
v -0.004313074517995119 0.004498948343098164 -0.018380679190158844
v -0.004382228013128042 0.004251095466315746 -0.018352564424276352
v -0.004369652830064297 0.003992877434939146 -0.01833954267203808
v -0.00427666399627924 0.00375133054330945 -0.01834297738969326
v -0.004045515321195126 0.0034983190707862377 -0.01837228611111641
v -0.0038957884535193443 0.0034150052815675735 -0.01839609071612358
v -0.0036477784160524607 0.0033554399851709604 -0.018440209329128265
v -0.0033949303906410933 0.003379278816282749 -0.018490243703126907
v -0.003163716522976756 0.0034840283915400505 -0.01854095794260502
v -0.0029783437494188547 0.0036587209906429052 -0.01858704164624214
v -0.002858219901099801 0.0038850661367177963 -0.01862366870045662
v -0.0028159203939139843 0.004139369353652 -0.018647007644176483
v -0.002356590237468481 -0.002244427101686597 -0.02475452609360218
v -0.0011315459851175547 -0.0018634204752743244 -0.018382390961050987
v -0.0023895506747066975 -0.001922008814290166 -0.024767467752099037
v -0.001164506538771093 -0.0015410020714625716 -0.018395332619547844
v -0.0024898506235331297 -0.0016135495388880372 -0.024766627699136734
v -0.0012648063711822033 -0.0012325429124757648 -0.01839449256658554
v -0.0026527983136475086 -0.0013334732502698898 -0.024752046912908554
v -0.001427754177711904 -0.0009524666238576174 -0.01837991364300251
v -0.002870777156203985 -0.0010948767885565758 -0.024724407121539116
v -0.0016457329038530588 -0.0007138699875213206 -0.018352271988987923
v -0.003133594524115324 -0.0009089148952625692 -0.024685001000761986
v -0.0019085505045950413 -0.0005279082106426358 -0.018312865868210793
v -0.0034289618488401175 -0.0007842840859666467 -0.024635666981339455
v -0.002203917596489191 -0.0004032774013467133 -0.01826353371143341
v -0.0037430645897984505 -0.0007268113549798727 -0.024578718468546867
v -0.0025180205702781677 -0.00034580467035993934 -0.018206583335995674
v -0.0040612188167870045 -0.0007391842664219439 -0.024516813457012177
v -0.0028361743316054344 -0.00035817758180201054 -0.018144678324460983
v -0.004368547350168228 -0.0008208249346353114 -0.024452846497297287
v -0.0031435030978173018 -0.00043981827911920846 -0.018080713227391243
v -0.004650679882615805 -0.0009679148206487298 -0.024389812722802162
v -0.0034256356302648783 -0.0005869081942364573 -0.01801767759025097
v -0.0048944237641990185 -0.0011735769221559167 -0.024330655112862587
v -0.003669379511848092 -0.0007925702957436442 -0.017958519980311394
v -0.005088381469249725 -0.0014281946932896972 -0.024278143420815468
v -0.0038633374497294426 -0.0010471880668774247 -0.017906008288264275
v -0.005223484709858894 -0.0017198625719174743 -0.024234728887677193
v -0.003998440690338612 -0.00133885582908988 -0.01786259561777115
v -0.005293415393680334 -0.002034941455349326 -0.024202445521950722
v -0.004068371374160051 -0.0016539348289370537 -0.01783031038939953
v -0.0052949050441384315 -0.0023586994502693415 -0.024182802066206932
v -0.004069861024618149 -0.001977692823857069 -0.01781066693365574
v -0.005227882880717516 -0.002675997791811824 -0.024176714941859245
v -0.004002838861197233 -0.0022949911653995514 -0.017804579809308052
v -0.005095482803881168 -0.0029720005113631487 -0.024184469133615494
v -0.003870438551530242 -0.0025909938849508762 -0.0178123340010643
v -0.0049038962461054325 -0.0032328662928193808 -0.024205703288316727
v -0.003678851993754506 -0.0028518596664071083 -0.017833570018410683
v -0.0046620797365903854 -0.0034463973715901375 -0.024239426478743553
v -0.003437035484239459 -0.003065390745177865 -0.01786729134619236
v -0.004381341859698296 -0.0036026097368448973 -0.024284057319164276
v -0.003156297840178013 -0.003221603110432625 -0.017911922186613083
v -0.004074810538440943 -0.00369419832713902 -0.024337511509656906
v -0.00284976651892066 -0.003313191467896104 -0.017965376377105713
v -0.0037568178959190845 -0.0037168809212744236 -0.024397289380431175
v -0.002531773643568158 -0.003335874294862151 -0.018025154247879982
v -0.0034422329626977444 -0.003669596742838621 -0.024460595101118088
v -0.002217188710346818 -0.0032885901164263487 -0.018088461831212044
v -0.003145763883367181 -0.0035545574501156807 -0.024524470791220665
v -0.0019207197474315763 -0.0031735508237034082 -0.018152335658669472
v -0.0028812747914344072 -0.003377141198143363 -0.02458592690527439
v -0.0016562306554988027 -0.002996134338900447 -0.018213791772723198
v -0.002661133883520961 -0.0031456442084163427 -0.024642091244459152
v -0.0014360895147547126 -0.0027646375820040703 -0.01826995611190796
v -0.002495634136721492 -0.0028708912432193756 -0.024690335616469383
v -0.0012705898843705654 -0.002489884616807103 -0.01831820234656334
v -0.0023925115820020437 -0.002565729198977351 -0.024728408083319664
v -0.0011674674460664392 -0.0021847225725650787 -0.01835627295076847
v -0.004120177589356899 0.0050212605856359005 -0.0182194784283638
v -0.003608968108892441 0.005187781527638435 -0.01832771487534046
v -0.0032853365410119295 0.005146741401404142 -0.018387479707598686
v -0.002990372944623232 0.0050029512494802475 -0.018435589969158173
v -0.00275495951063931 0.004771461710333824 -0.018467005342245102
v -0.0026037408970296383 0.004476511385291815 -0.01847844198346138
v -0.002552550286054611 0.004148977342993021 -0.018468698486685753
v -0.002606746042147279 0.003823152044788003 -0.018438799306750298
v -0.0027606559451669455 0.0035331451799720526 -0.018391868099570274
v -0.0029981634579598904 0.0033093213569372892 -0.018332824110984802
v -0.003294405760243535 0.003175111021846533 -0.01826784759759903
v -0.003618366550654173 0.0031445666681975126 -0.0182037390768528
v -0.00393613101914525 0.0032208857592195272 -0.018147213384509087
v -0.004127968102693558 0.003327630925923586 -0.01811671443283558
v -0.004424126353114843 0.0036518017295747995 -0.018079161643981934
v -0.004543268121778965 0.0039612846449017525 -0.0180747602134943
v -0.004559381399303675 0.004292126279324293 -0.018091445788741112
v -0.004470778629183769 0.004609687719494104 -0.01812746748328209
v -0.004286735784262419 0.004880724474787712 -0.01817905530333519
v 0.0036805171985179186 -0.008114594966173172 -0.021974237635731697
v -0.004224526695907116 -0.007267354987561703 -0.01769416406750679
v -0.004094529896974564 -0.007157668471336365 -0.017725715413689613
v -0.004175272304564714 -0.0069565842859447 -0.01749270036816597
v -0.003944058902561665 -0.007079220376908779 -0.017759332433342934
v -0.0036640632897615433 -0.006790063343942165 -0.01760093681514263
v -0.0036955373361706734 -0.0070277014747262 -0.017810191959142685
v -0.0033404307905584574 -0.006831103004515171 -0.017660701647400856
v -0.0034429463557899 -0.007059731986373663 -0.017856838181614876
v -0.0030454681254923344 -0.006974893622100353 -0.017708810046315193
v -0.0032127313315868378 -0.007171959150582552 -0.017894385382533073
v -0.0028100544586777687 -0.007206382229924202 -0.01774022728204727
v -0.003028993494808674 -0.007352632936090231 -0.0179189071059227
v -0.002658835845068097 -0.007501333020627499 -0.01775166392326355
v -0.0029109695460647345 -0.007582838647067547 -0.017927832901477814
v -0.00260764523409307 -0.007828867062926292 -0.017741920426487923
v -0.002871015341952443 -0.007838474586606026 -0.017920227721333504
v -0.0026618412230163813 -0.008154693059623241 -0.017712019383907318
v -0.0029133150819689035 -0.00809277780354023 -0.01789689064025879
v -0.0028157499618828297 -0.008444699458777905 -0.017665090039372444
v -0.0030334386974573135 -0.008319123648107052 -0.01786026358604431
v -0.003053258638828993 -0.008668523281812668 -0.017606046050786972
v -0.0032188117038458586 -0.00849381648004055 -0.01781417988240719
v -0.003349500009790063 -0.00880273338407278 -0.0175410695374012
v -0.003450024640187621 -0.008598565123975277 -0.017763465642929077
v -0.0036734614986926317 -0.00883327703922987 -0.017476961016654968
v -0.003702872432768345 -0.008622405119240284 -0.017713429406285286
v -0.0039912257343530655 -0.00875695887953043 -0.017420433461666107
v -0.003950883634388447 -0.008562838658690453 -0.0176693107932806
v -0.004183061886578798 -0.008650213479995728 -0.01738993637263775
v -0.0041006095707416534 -0.008479525335133076 -0.01764550805091858
v -0.004479220602661371 -0.00832604244351387 -0.017352381721138954
v -0.00433175778016448 -0.008226513862609863 -0.01761619746685028
v -0.004598362371325493 -0.008016559295356274 -0.01734798215329647
v -0.004424747079610825 -0.007984966970980167 -0.017612764611840248
v -0.0046144756488502026 -0.007685718592256308 -0.017364665865898132
v -0.00443732226267457 -0.007726748939603567 -0.01762578636407852
v -0.004525872878730297 -0.007368156220763922 -0.01740068756043911
v -0.004368168767541647 -0.0074788955971598625 -0.017653901129961014
v -0.004341830965131521 -0.007097119465470314 -0.01745227538049221
v -0.0034577588085085154 -0.00748598575592041 -0.02014915458858013
v -0.0032997808884829283 -0.007971826940774918 -0.020150475203990936
v -0.003871711902320385 -0.007193084340542555 -0.02008708380162716
v -0.00437282444909215 -0.007212572731077671 -0.019989579916000366
v -0.004523295443505049 -0.007291020825505257 -0.019955961033701897
v -0.004653292242437601 -0.007400707341730595 -0.019924411550164223
v -0.004866087809205055 -0.007860101759433746 -0.019856031984090805
v -0.004760523326694965 -0.008359866216778755 -0.019846444949507713
v -0.004529375117272139 -0.008612878620624542 -0.01987575553357601
v -0.004379648715257645 -0.008696191012859344 -0.019899558275938034
v -0.0038787899538874626 -0.008731917478144169 -0.01999371312558651
v -0.0034622042439877987 -0.008452476002275944 -0.020090509206056595
v -0.004176030866801739 -0.007987271063029766 -0.020471427589654922
v 0.0036871167831122875 0.004583166446536779 -0.019923752173781395
v 0.003817112185060978 0.00469285249710083 -0.019955303519964218
v 0.0037363709416240454 0.004893937148153782 -0.019722288474440575
v 0.003967583645135164 0.004771300125867128 -0.019988922402262688
v 0.00424758018925786 0.0050604576244950294 -0.019830524921417236
v 0.004216105677187443 0.004822819959372282 -0.02003978006541729
v 0.004571210592985153 0.005019417963922024 -0.01989028975367546
v 0.004468695726245642 0.004790788516402245 -0.02008642628788948
v 0.004866175353527069 0.004875627346336842 -0.019938400015234947
v 0.004698911216109991 0.004678561817854643 -0.020123975351452827
v 0.005101589486002922 0.0046441382728517056 -0.019969815388321877
v 0.00488264998421073 0.004497887566685677 -0.020148495212197304
v 0.005252808332443237 0.004349187482148409 -0.019981252029538155
v 0.005000672768801451 0.004267682321369648 -0.02015742100775242
v 0.00530399801209569 0.004021653439849615 -0.019971508532762527
v 0.005040626972913742 0.004012045916169882 -0.02014981582760811
v 0.005249802954494953 0.0036958279088139534 -0.019941607490181923
v 0.004998327232897282 0.0037577426992356777 -0.020126478746533394
v 0.005095894448459148 0.0034058215096592903 -0.01989467814564705
v 0.004878204315900803 0.0035313968546688557 -0.020089851692318916
v 0.004858384840190411 0.0031819972209632397 -0.019835634157061577
v 0.004692830611020327 0.0033567044883966446 -0.020043767988681793
v 0.004562142305076122 0.0030477868858724833 -0.019770657643675804
v 0.004461618606001139 0.003251955145969987 -0.019993053749203682
v 0.004238181747496128 0.003017243230715394 -0.019706549122929573
v 0.004208769649267197 0.0032281160820275545 -0.01994301937520504
v 0.003920418210327625 0.003093562088906765 -0.01965002343058586
v 0.003960759844630957 0.0032876816112548113 -0.019898900762200356
v 0.0037285801954567432 0.0032003072556108236 -0.019619524478912354
v 0.003811031812801957 0.003370994934812188 -0.019875096157193184
v 0.0034324207808822393 0.0035244780592620373 -0.01958196982741356
v 0.003579885233193636 0.0036240066401660442 -0.019845787435770035
v 0.0033132799435406923 0.003833961207419634 -0.019577570259571075
v 0.0034868961665779352 0.0038655539974570274 -0.019842352718114853
v 0.0032971666660159826 0.0041648028418421745 -0.019594253972172737
v 0.003474320052191615 0.004123772028833628 -0.019855374470353127
v 0.003385768737643957 0.004482364282011986 -0.019630275666713715
v 0.003543473780155182 0.004371624905616045 -0.01988348923623562
v 0.0035698122810572386 0.004753400571644306 -0.019681865349411964
v 0.0044538844376802444 0.004364535212516785 -0.022378742694854736
v 0.004611861426383257 0.0038786933291703463 -0.02238006331026554
v 0.004039930645376444 0.004657436162233353 -0.022316673770546913
v 0.003538818098604679 0.0046379477716982365 -0.02221916802227497
v 0.0033883468713611364 0.004559500142931938 -0.0221855491399765
v 0.0032583512365818024 0.0044498136267066 -0.022153999656438828
v 0.00304555450566113 0.0039904192090034485 -0.02208562195301056
v 0.0031511199194937944 0.003490654518827796 -0.022076034918427467
v 0.003382266266271472 0.0032376430463045835 -0.022105343639850616
v 0.0035319942981004715 0.0031543290242552757 -0.022129148244857788
v 0.0040328530594706535 0.0031186025589704514 -0.022223301231861115
v 0.004449439235031605 0.003398044966161251 -0.02232009917497635
v 0.0037356114480644464 0.0038632494397461414 -0.022701015695929527
v 0.0011048573069274426 0.006585274823009968 -0.0193175096064806
v 0.0010509680723771453 -0.0051305536180734634 -0.018606629222631454
v -0.009714198298752308 -0.011918014846742153 -0.017151249572634697
v -0.009709606878459454 -0.010919861495494843 -0.01721181534230709
v -0.009622259996831417 -0.012387783266603947 -0.016630804166197777
v -0.009613077156245708 -0.010391476564109325 -0.016751933842897415
v -0.00951884314417839 -0.010362167842686176 -0.016261769458651543
v -0.009541339240968227 0.02566247247159481 -0.019431518390774727
v -0.009444809518754482 0.026190856471657753 -0.01897163689136505
v -0.009625587612390518 0.007346352096647024 -0.018320152536034584
v -0.008785170502960682 0.026396015658974648 -0.015540487132966518
v -0.009533649310469627 0.006876582279801369 -0.017799705266952515
v -0.00943941529840231 0.006905891001224518 -0.017309540882706642
v -0.0027535464614629745 0.016865910962224007 0.016799697652459145
v -0.002905575791373849 -0.016185961663722992 0.018805181607604027
v -0.002926925430074334 -0.016212983056902885 0.018695857375860214
v -0.004984068218618631 -0.019341900944709778 0.008206401951611042
v -0.009151089005172253 -0.0122412433847785 -0.014179982244968414
v -0.0031379899010062218 0.01713278889656067 0.014767251908779144
v -0.005157263018190861 0.019172068685293198 0.004037908744066954
v -0.009042278863489628 -0.02950059249997139 -0.01214885339140892
v -0.009230746887624264 -0.029559209942817688 -0.01312918122857809
v -0.008618948049843311 -0.028135154396295547 -0.010051407851278782
v -0.006874389946460724 -0.023310061544179916 -0.0013398233568295836
v -0.007009077351540327 0.02218964695930481 -0.005898863542824984
v -0.002241383073851466 -0.015161321498453617 0.02326730079948902
v -0.0020962704438716173 0.01638222113251686 0.021353550255298615
v -6.663191743427888e-05 0.014501388184726238 0.04168282821774483
v -6.433167436625808e-05 0.014498147182166576 0.041705984622240067
v -0.00018092019308824092 -0.010848992504179478 0.043243978172540665
v -0.0006775802467018366 0.015206975862383842 0.0355486236512661
v -0.0012679360806941986 -0.013233746401965618 0.032716765999794006
v -0.0012922511668875813 0.01572605036199093 0.029397323727607727
v 0.0017954293871298432 0.012388377450406551 0.051607389003038406
v 0.0017036052886396646 -0.007574696093797684 0.05281868577003479
v 0.0014943485148251057 0.012849259190261364 0.049994319677352905
v 0.00013670246698893607 -0.010397758334875107 0.04486624896526337
v -0.010815335437655449 -0.02884238213300705 -0.01082727313041687
v -0.01073828898370266 -0.01209217868745327 -0.011843623593449593
v -0.01002434641122818 -0.02948467805981636 -0.01196100190281868
v -0.011673743836581707 -0.010888030752539635 -0.01683611236512661
v -0.011577214114367962 -0.010359645821154118 -0.016376230865716934
v -0.01158639695495367 -0.012355953454971313 -0.016255101189017296
v -0.011678335256874561 -0.01188618503510952 -0.016775548458099365
v -0.01149778626859188 0.006908413488417864 -0.017424004152417183
v -0.011589724570512772 0.007378183305263519 -0.017944449558854103
v -0.011403552256524563 0.006937721278518438 -0.01693383976817131
v -0.01150547619909048 0.02569430321455002 -0.019055815413594246
v -0.011408946476876736 0.02622268907725811 -0.01859593391418457
v -0.010749307461082935 0.026427846401929855 -0.015164785087108612
v -0.011482980102300644 -0.010330337099730968 -0.01588606648147106
v -0.0001687074836809188 0.012420210056006908 0.05198309198021889
v -0.00026053161127492785 -0.007542865350842476 0.05319439247250557
v -0.0032641326542943716 0.015758005902171135 0.029774507507681847
v -0.004085964057594538 0.016430694609880447 0.021552322432398796
v -0.004717654082924128 0.01689772494137287 0.017175553366541862
v -0.005102126859128475 0.017164619639515877 0.015142954885959625
v -0.007121399976313114 0.019203899428248405 0.004413611721247435
v -0.008973214775323868 0.022221477702260017 -0.00552316103130579
v -0.0026527896989136934 0.015242103487253189 0.035892464220523834
v -0.002045106142759323 0.014542614109814167 0.0419936403632164
v -0.0020327724050730467 0.014533252455294132 0.04205891117453575
v -0.0004697884141933173 0.012881089001893997 0.050370022654533386
v -0.0018274345202371478 -0.010365927591919899 0.04524195194244385
v -0.010583085007965565 -0.02810332365334034 -0.009675703942775726
v -0.008838526904582977 -0.02327823080122471 -0.00096412020502612
v -0.006948205176740885 -0.01931006833910942 0.008582104928791523
v -0.004891062155365944 -0.016181152313947678 0.019071560353040695
v -0.004869683180004358 -0.01615409553050995 0.019181035459041595
v -0.004231282975524664 -0.01516707707196474 0.023469790816307068
v -0.0032398176845163107 -0.013201789930462837 0.03309394791722298
v -0.0021618593018501997 -0.010840198025107384 0.04353379085659981
v 0.0027553297113627195 0.014132080599665642 -0.021106122061610222
v 0.004389576148241758 0.015975749120116234 -0.021530544385313988
v 0.0024096574634313583 0.014386878348886967 -0.02105490304529667
v 0.0036118091084063053 0.016549039632081985 -0.02141529694199562
v 0.0020190132781863213 0.014560792595148087 -0.020990200340747833
v 0.00273286085575819 0.016940349712967873 -0.021269716322422028
v 0.0016016666777431965 0.014645696617662907 -0.020915040746331215
v 0.0017938301898539066 0.017131382599473 -0.021100610494613647
v 0.0011771320132538676 0.014637617394328117 -0.020832940936088562
v 0.0008386264089494944 0.017113206908106804 -0.020915886387228966
v 0.0007652597851119936 0.014536934904754162 -0.02074773795902729
v -8.808647544356063e-05 0.016886666417121887 -0.020724179223179817
v 0.00038530753226950765 0.014348354190587997 -0.020663417875766754
v -0.0009429762721993029 0.016462363302707672 -0.0205344557762146
v 5.50439435755834e-05 0.014080695807933807 -0.020583920180797577
v -0.001686070580035448 0.01586012728512287 -0.0203555878251791
v -0.00021008968178648502 0.013746473006904125 -0.020512964576482773
v -0.0022826215717941523 0.01510812807828188 -0.020195936784148216
v -0.0003976968873757869 0.013361312448978424 -0.020453866571187973
v -0.0027047370094805956 0.014241521246731281 -0.020062968134880066
v -0.0004990034503862262 0.01294323056936264 -0.020409392192959785
v -0.002932676812633872 0.01330083142966032 -0.019962899386882782
v -0.0005092736100777984 0.012511768378317356 -0.020381620153784752
v -0.002955785021185875 0.012330044992268085 -0.019900411367416382
v -0.00042802622192539275 0.012087104842066765 -0.020371846854686737
v -0.002772979438304901 0.011374550871551037 -0.01987842470407486
v -0.0002590625372249633 0.011689095757901669 -0.0203805323690176
v -0.002392808673903346 0.010479032061994076 -0.01989796757698059
v -1.0280217793479096e-05 0.011336351744830608 -0.02040727064013481
v -0.00183304981328547 0.00968535803258419 -0.019958125427365303
v 0.00030668621184304357 0.011045368388295174 -0.020450808107852936
v -0.0011198752326890826 0.009030641056597233 -0.020056085661053658
v 0.0006770173204131424 0.010829748585820198 -0.020509112626314163
v -0.00028663274133577943 0.008545497432351112 -0.020187268033623695
v 0.0010833932319656014 0.010699575766921043 -0.02057945355772972
v 0.0006277172942645848 0.00825260765850544 -0.020345540717244148
v 0.0015068160137161613 0.010660937055945396 -0.020658547058701515
v 0.0015804183203727007 0.008165671490132809 -0.020523497834801674
v 0.0019274858059361577 0.010715637356042862 -0.020742692053318024
v 0.0025269240140914917 0.008288751356303692 -0.020712824538350105
v 0.00232573295943439 0.01086112204939127 -0.02082795277237892
v 0.003422978799790144 0.008616091683506966 -0.02090466395020485
v 0.0026829340495169163 0.011090586893260479 -0.020910345017910004
v 0.004226681310683489 0.009132388047873974 -0.02109004557132721
v 0.0029823887161910534 0.01139330305159092 -0.02098601683974266
v 0.004900454543530941 0.00981349777430296 -0.021260304376482964
v 0.0032100940588861704 0.01175511535257101 -0.021051425486803055
v 0.005412791855633259 0.010627571493387222 -0.02140747755765915
v 0.003355402033776045 0.012159103527665138 -0.021103518083691597
v 0.005739734973758459 0.011536548845469952 -0.02152468077838421
v 0.0033948735799640417 0.01237106416374445 -0.02112377993762493
v 0.005828545894473791 0.01201346330344677 -0.021570270881056786
v 0.003411519341170788 0.0125863803550601 -0.021139854565262794
v 0.0058660004287958145 0.012497924268245697 -0.021606439724564552
v 0.00337582197971642 0.013016968034207821 -0.02115873619914055
v 0.0057856799103319645 0.013466743752360344 -0.02164892666041851
v 0.0032499784138053656 0.013430730439722538 -0.021159283816814423
v 0.005502532236278057 0.014397707767784595 -0.021650156006217003
v 0.003039874602109194 0.013808319345116615 -0.02114146761596203
v 0.005029797088354826 0.0152472835034132 -0.021610070019960403
v 0.0026410003192722797 0.01213659904897213 -0.025045093148946762
v 0.005074672866612673 0.011778997257351875 -0.025491585955023766
v 0.0026015285402536392 0.011924638412892818 -0.025024831295013428
v 0.004985861945897341 0.011302083730697632 -0.02544599585235119
v 0.0024562207981944084 0.011520649306476116 -0.024972740560770035
v 0.004658918362110853 0.010393106378614902 -0.02532879076898098
v 0.0022285154554992914 0.011158837005496025 -0.02490733005106449
v 0.004146581050008535 0.00957903265953064 -0.025181617587804794
v 0.0019290606724098325 0.01085612177848816 -0.024831660091876984
v 0.0034728078171610832 0.00889792200177908 -0.02501135878264904
v 0.0015718595823273063 0.01062665693461895 -0.0247492678463459
v 0.002669105539098382 0.008381626568734646 -0.02482597716152668
v 0.0011736125452443957 0.010481172241270542 -0.024664005264639854
v 0.0017730507533997297 0.008054285310208797 -0.024634137749671936
v 0.0007529427530243993 0.010426471941173077 -0.024579860270023346
v 0.0008265450014732778 0.007931205444037914 -0.024444812908768654
v 0.00032951985485851765 0.010465109720826149 -0.0245007686316967
v -0.00012615598097909242 0.00801814254373312 -0.02426685392856598
v -7.685599121032283e-05 0.010595282539725304 -0.024430425837635994
v -0.0010405060602352023 0.008311030454933643 -0.024108581244945526
v -0.0004471871070563793 0.01081090234220028 -0.024372121319174767
v -0.0018737484933808446 0.008796175941824913 -0.02397739887237549
v -0.0007641535485163331 0.011101885698735714 -0.024328583851456642
v -0.0025869233068078756 0.00945089291781187 -0.023879438638687134
v -0.0010129358852282166 0.011454629711806774 -0.024301845580339432
v -0.0031466821674257517 0.010244566015899181 -0.02381928078830242
v -0.001181899569928646 0.011852639727294445 -0.024293161928653717
v -0.0035268529318273067 0.011140084825456142 -0.02379973791539669
v -0.0012631469871848822 0.012277303263545036 -0.024302933365106583
v -0.003709658281877637 0.012095578946173191 -0.023821724578738213
v -0.0012528767110779881 0.012708764523267746 -0.024330705404281616
v -0.0036865503061562777 0.013066366314888 -0.023884214460849762
v -0.0011515702353790402 0.013126847334206104 -0.024375179782509804
v -0.0034586102701723576 0.014007056131958961 -0.023984281346201897
v -0.0009639629861339927 0.01351200696080923 -0.024434277787804604
v -0.003036495065316558 0.014873662032186985 -0.024117249995470047
v -0.0006988293607719243 0.013846229761838913 -0.024505233392119408
v -0.00243994384072721 0.015625663101673126 -0.02427690103650093
v -0.0003685658157337457 0.014113888144493103 -0.024584731087088585
v -0.0016968495910987258 0.016227897256612778 -0.02445577085018158
v 1.1386465303075965e-05 0.014302469789981842 -0.02466905303299427
v -0.0008419597870670259 0.016652202233672142 -0.024645492434501648
v 0.0004232587816659361 0.014403152279555798 -0.024754254147410393
v 8.475309005007148e-05 0.01687873899936676 -0.024837199598550797
v 0.0008477933588437736 0.014411232434213161 -0.024836355820298195
v 0.0010399568127468228 0.016896916553378105 -0.025021923705935478
v 0.0012651401339098811 0.014326327480375767 -0.024911513552069664
v 0.0019789873622357845 0.016705885529518127 -0.025191031396389008
v 0.0016557839699089527 0.014152412302792072 -0.0249762162566185
v 0.0028579358477145433 0.01631457544863224 -0.0253366120159626
v 0.0020014564506709576 0.013897615484893322 -0.025027437135577202
v 0.0036357026547193527 0.01574128493666649 -0.02545185759663582
v 0.002286001341417432 0.013573852367699146 -0.02506278082728386
v 0.004275924060493708 0.015012817457318306 -0.025531383231282234
v 0.0024961051531136036 0.013196263462305069 -0.025080597028136253
v 0.0047486587427556515 0.014163240790367126 -0.025571469217538834
v 0.002621948719024658 0.012782501988112926 -0.02508005127310753
v 0.005031806416809559 0.013232276774942875 -0.02557023987174034
v 0.002657646080479026 0.01235191524028778 -0.025061167776584625
v 0.005112126935273409 0.012263457290828228 -0.025527752935886383
v 0.0013511588331311941 0.01302874181419611 -0.014649800956249237
v 0.0013589755399152637 0.013163523748517036 -0.014659362845122814
v 0.0025787444319576025 0.013008846901357174 -0.014884615316987038
v 0.0014135867822915316 0.012629308737814426 -0.014637920074164867
v 0.0023744802456349134 0.011780807748436928 -0.014771917834877968
v 0.001885089324787259 0.011987309902906418 -0.014690179377794266
v 0.0016835761489346623 0.01216525211930275 -0.014662077650427818
v 0.00369046232663095 0.012466899119317532 -0.015065938234329224
v 0.0033690936397761106 0.012045023031532764 -0.014978930354118347
v 0.0029016295447945595 0.011801309883594513 -0.014874488115310669
v 0.0035594890359789133 0.013748078607022762 -0.015117364004254341
v 0.0037788639310747385 0.013257634826004505 -0.015130214393138885
v 0.0038063302636146545 0.012988952919840813 -0.015119429677724838
v 0.0021297007333487272 0.014175286516547203 -0.014868030324578285
v 0.0026509349700063467 0.014253631234169006 -0.014972923323512077
v 0.003158827079460025 0.014101877808570862 -0.015061491169035435
v 0.0015298383077606559 0.013669146224856377 -0.01472244318574667
v 0.001894590095616877 0.014052711427211761 -0.014815501868724823
v 0.005344903562217951 -0.007024738006293774 0.03986829146742821
v -0.004459759686142206 -0.010074131190776825 -0.011131202802062035
v 0.005424331407994032 0.01024332083761692 0.03882051631808281
v -0.0043803309090435505 0.007193927187472582 -0.012178975157439709
v 0.005313095636665821 -0.0074545168317854404 0.039587024599313736
v -0.004428529180586338 -0.01048320159316063 -0.011083888821303844
v 0.005329775623977184 -0.007311910390853882 0.039744164794683456
v 0.005342074669897556 -0.007139335852116346 0.03985174372792244
v 0.0052572740241885185 -0.007777445018291473 0.03903178125619888
v 0.005148499272763729 -0.008229481987655163 0.03786812722682953
v -0.00424747820943594 -0.01110264752060175 -0.01092137023806572
v 0.005265418440103531 -0.0077371601946651936 0.03911479562520981
v -0.0043578664772212505 -0.010797887109220028 -0.011015807278454304
v 0.00514813931658864 -0.008230814710259438 0.037864115089178085
v 0.005029539577662945 -0.008644399233162403 0.036475516855716705
v -0.004098649602383375 -0.01139393262565136 -0.010801677592098713
v 0.004938899073749781 -0.008940150961279869 0.03531709313392639
v -0.003913113381713629 -0.011668347753584385 -0.010658127255737782
v 0.00493314303457737 -0.008958636783063412 0.0352402999997139
v 0.0047503686510026455 -0.009542039595544338 0.03255128115415573
v -0.003693032544106245 -0.011922696605324745 -0.010492388159036636
v 0.004724698141217232 -0.009624779224395752 0.03212657943367958
v -0.0034409707877784967 -0.01215401478111744 -0.01030639186501503
v 0.0046864887699484825 -0.009748974815011024 0.03146715089678764
v 0.004671125672757626 -0.009799332357943058 0.031191911548376083
v 0.004599768202751875 -0.010037383064627647 0.02982439659535885
v 0.004539936780929565 -0.010244220495223999 0.0285369660705328
v -0.0028529921546578407 -0.01253708079457283 -0.009882509708404541
v 0.004480096977204084 -0.010460508987307549 0.027070313692092896
v 0.004405698738992214 -0.010749825276434422 0.024852586910128593
v -0.002176498994231224 -0.012799744494259357 -0.009406177327036858
v 0.0043902769684791565 -0.010813995264470577 0.024307796731591225
v -0.001442926237359643 -0.01292980182915926 -0.008899527601897717
v 0.004328505136072636 -0.01109758485108614 0.021539101377129555
v 0.004321608226746321 -0.011133559979498386 0.02112617902457714
v 0.00430764677003026 -0.011211643926799297 0.02015203982591629
v 0.0042932345531880856 -0.011306059546768665 0.01876290887594223
v -0.0009619218180887401 -0.012940489687025547 -0.008572076447308064
v 0.005220082122832537 -0.011758456006646156 0.011377344839274883
v 0.006384504493325949 -0.012209463864564896 0.0040326775051653385
v 0.009356314316391945 -0.013107707723975182 -0.010545761324465275
v 0.009509909898042679 -0.013114333152770996 -0.010863320901989937
v 0.009579663164913654 -0.013108503073453903 -0.011007275432348251
v 0.009773428551852703 -0.013063115067780018 -0.01140636671334505
v 0.009814998134970665 -0.013047679327428341 -0.011491840705275536
v 0.009925272315740585 -0.012996634468436241 -0.01171837653964758
v 0.009965009056031704 -0.012974513694643974 -0.011799936182796955
v 0.010110526345670223 -0.012875617481768131 -0.012098360806703568
v 0.010174758732318878 -0.012822414748370647 -0.012229997664690018
v 0.010251348838210106 -0.012750654481351376 -0.012386922724545002
v 0.010474488139152527 -0.012481610290706158 -0.012844367884099483
v 0.010512709617614746 -0.012424896471202374 -0.012922855094075203
v 0.010540440678596497 -0.0123814158141613 -0.012979838997125626
v 0.010621638968586922 -0.012241484597325325 -0.01314698625355959
v 0.010736100375652313 -0.012004656717181206 -0.013383719138801098
v 0.010775944218039513 -0.011908132582902908 -0.013466603122651577
v 0.010812350548803806 -0.011811662465333939 -0.013542652130126953
v 0.010908938013017178 -0.011501948349177837 -0.01374666765332222
v 0.010942882858216763 -0.011365067213773727 -0.013819640502333641
v 0.01094653457403183 -0.011349054053425789 -0.013827548362314701
v 0.011020016856491566 -0.01093254517763853 -0.013991400599479675
v 0.011059862561523914 -0.010325643233954906 -0.014099814929068089
v 0.011057754047214985 -0.010450797155499458 -0.014089263044297695
v 0.011023066937923431 -0.010908364318311214 -0.013998555019497871
v 0.01113928947597742 0.0069424151442945 -0.015147587284445763
v 0.011117358691990376 0.007440267596393824 -0.015131015330553055
v -0.00434532668441534 0.007605413440614939 -0.012181449681520462
v 0.011104395613074303 0.007564067840576172 -0.015112369321286678
v 0.01105064433068037 0.007915849797427654 -0.015026532113552094
v -0.004271744750440121 0.007925361394882202 -0.012151875533163548
v 0.011035354807972908 0.007993197999894619 -0.01500089094042778
v -0.004158515948802233 0.008238280192017555 -0.012094917707145214
v 0.010998821817338467 0.008156311698257923 -0.014938422478735447
v 0.010935981757938862 0.008389449678361416 -0.014828250743448734
v -0.0040069567039608955 0.008540522307157516 -0.012011239305138588
v 0.010870059952139854 0.008592881262302399 -0.014710183255374432
v -0.0038188339676707983 0.008828568272292614 -0.011901816353201866
v 0.010770134627819061 0.008849729783833027 -0.01452784612774849
v 0.010638386942446232 0.009125017561018467 -0.01428285427391529
v -0.0033420640975236893 0.009348850697278976 -0.011611119844019413
v 0.010829972103238106 0.008702138438820839 -0.014637457206845284
v -0.0035963391419500113 0.009099062532186508 -0.011767923831939697
v 0.010611245408654213 0.00917496345937252 -0.0142318494617939
v 0.01052189152687788 0.009326117113232613 -0.014062801375985146
v -0.002750363666564226 0.009774952195584774 -0.011236336082220078
v 0.010030836798250675 0.00989183597266674 -0.013107755221426487
v -0.002071226481348276 0.010087069123983383 -0.01079487893730402
v 0.010229666717350483 0.009708285331726074 -0.013499339111149311
v 0.010353799909353256 0.00956428237259388 -0.013740543276071548
v 0.009872431866824627 0.010001671500504017 -0.01279140543192625
v 0.009769112803041935 0.010057068429887295 -0.012583029456436634
v -0.0013362106401473284 0.010270700789988041 -0.010307262651622295
v 0.009686424396932125 0.010092448443174362 -0.012415112927556038
v 0.009463289752602577 0.0101492740213871 -0.011956923641264439
v -0.0008549467893317342 0.010316492058336735 -0.009983237832784653
v 0.007836009375751019 0.010608467273414135 -0.004512429237365723
v 0.006431030575186014 0.01106896810233593 0.0029704468324780464
v 0.004400209989398718 0.011950922198593616 0.017351750284433365
v 0.004435117356479168 0.012079328298568726 0.02013307251036167
v 0.004428552929311991 0.012065711431205273 0.019733600318431854
v 0.004414528142660856 0.012025023810565472 0.01874205842614174
v 0.004495875909924507 0.01213202252984047 0.02291753701865673
v 0.0045113954693078995 0.012134075164794922 0.02347927913069725
v 0.004584142938256264 0.01211439911276102 0.02570580318570137
v 0.004644356202334166 0.012075149454176426 0.027223695069551468
v 0.004700861405581236 0.012026568874716759 0.028477367013692856
v 0.004702901002019644 0.012024648487567902 0.028520170599222183
v 0.004771246109157801 0.011954525485634804 0.029873065650463104
v 0.004820412024855614 0.011897781863808632 0.030763819813728333
v 0.004848882555961609 0.011862755753099918 0.031253453344106674
v 0.005028069484978914 0.011606639251112938 0.03399704024195671
v 0.005041865631937981 0.011584151536226273 0.034188613295555115
v 0.005131385754793882 0.011425877921283245 0.03537808358669281
v 0.0052382443100214005 0.011198223568499088 0.036693766713142395
v 0.005347179248929024 0.010874822735786438 0.03794421628117561
v 0.005354096181690693 0.01084765326231718 0.038021285086870193
v 0.005422013811767101 0.010368418879806995 0.03878337889909744
v 0.005411945283412933 0.010511675849556923 0.03866460174322128
v 0.005398992914706469 0.010618124157190323 0.038519199937582016
v -0.0034904058557003736 -0.006826967932283878 -0.011511717922985554
v -0.003654433647170663 -0.0073123653419315815 -0.011451160535216331
v -0.0013611121103167534 0.003996719140559435 -0.012568251229822636
v -0.001669626566581428 0.0035917190834879875 -0.012484723702073097
v 0.0043096356093883514 0.0040253098122775555 -0.01366016361862421
v -0.0012498779688030481 0.0044978903606534 -0.012619602493941784
v -0.0035993384663015604 0.004665479529649019 -0.012177939526736736
v -0.003435310907661915 0.005150876007974148 -0.012238496914505959
v 0.004513730760663748 -0.008398029021918774 -0.012956577353179455
v 0.004254541359841824 -0.007952534593641758 -0.01293338555842638
v -0.002118391450494528 0.003357755020260811 -0.01238445844501257
v -0.002624454442411661 0.0033380738459527493 -0.012285992503166199
v -0.003140244400128722 -0.006458744406700134 -0.011601053178310394
v 0.004202115349471569 -0.0074396887794137 -0.012953970581293106
v -0.0024141513276845217 -0.006265861447900534 -0.011752177961170673
v -0.001926576136611402 -0.006411544047296047 -0.011837203986942768
v -0.0030851492192596197 0.005519099533557892 -0.012327832169830799
v -0.0028594431933015585 0.005636772606521845 -0.012378260493278503
v -0.002359057078137994 0.005711983423680067 -0.012478956952691078
v -0.003546912455931306 0.004152633249759674 -0.01215735450387001
v -0.0032877225894480944 0.003707138355821371 -0.012180546298623085
v -0.0012762456899508834 0.004755825735628605 -0.012629956007003784
v 0.004257209599018097 0.004538156092166901 -0.013680749572813511
v -0.001486844732426107 0.005226653069257736 -0.012617620639503002
v 0.006369703449308872 0.005099329631775618 -0.014120429754257202
v 0.006580301560461521 0.004628502298146486 -0.014132766053080559
v -0.0030942698940634727 0.003536313772201538 -0.012207522988319397
v 0.006314607337117195 -0.006878514774143696 -0.013393651694059372
v 0.006525207310914993 -0.0073493425734341145 -0.013405987061560154
v 0.006551575381308794 -0.007607277482748032 -0.013395633548498154
v 0.006440341006964445 -0.008108449168503284 -0.013344282284379005
v 0.006131828296929598 -0.008513448759913445 -0.013260755687952042
v 0.005683061666786671 -0.008747413754463196 -0.013160490430891514
v 0.005176999606192112 -0.00876709446310997 -0.013062023557722569
v 0.004707183223217726 -0.008568854071199894 -0.012983554042875767
v 0.004771397914737463 0.005391776096075773 -0.013830642215907574
v 0.0044212364591658115 0.005023552570492029 -0.013741306029260159
v -0.0018714818870648742 0.0055663008242845535 -0.012563982047140598
v 0.004997104872018099 0.005509448237717152 -0.013881070539355278
v 0.0054974909871816635 0.005584659520536661 -0.013981766998767853
v 0.00598506536334753 0.00543897645547986 -0.014066792093217373
v 0.006186922546476126 0.003464395646005869 -0.013987533748149872
v 0.006495435256510973 0.0038693950045853853 -0.01407106127589941
v 0.006606669165194035 0.0043705664575099945 -0.014122412540018559
v -0.0014162070583552122 -0.007981125265359879 -0.011841473169624805
v -0.001724720699712634 -0.008386124856770039 -0.011757945641875267
v -0.0021734866313636303 -0.00862008985131979 -0.011657681316137314
v -0.0026795484591275454 -0.008639770559966564 -0.011559213511645794
v -0.003149363910779357 -0.008441530168056488 -0.011480743996798992
v -0.0033428166061639786 -0.008270705118775368 -0.01145376730710268
v -0.0036020067054778337 -0.007825210690498352 -0.011430575512349606
v 0.004366142209619284 -0.006954291835427284 -0.013014527969062328
v 0.004716303665190935 -0.00658606830984354 -0.013103863224387169
v 0.00523209385573864 0.0032107497099786997 -0.013788802549242973
v 0.004942011088132858 -0.0064683957025408745 -0.013154291547834873
v 0.0057381559163331985 0.003230431117117405 -0.013887268491089344
v 0.005442396737635136 -0.00639318535104394 -0.013254988007247448
v 0.0059299711138010025 -0.006538867950439453 -0.013340014033019543
v 0.004568825010210276 0.0035798149183392525 -0.013683355413377285
v -0.0029145381413400173 -0.006341072265058756 -0.011651481501758099
v 0.004762277472764254 0.0034089903347194195 -0.013710332103073597
v -0.0015419399132952094 -0.006751191336661577 -0.011890842579305172
v -0.001331340754404664 -0.007222019135951996 -0.01190317701548338
v -0.0013049730332568288 -0.007479953579604626 -0.011892823502421379
v 0.002739821095019579 0.01239880919456482 -0.020489471033215523
v 0.002653886331245303 0.012144507840275764 -0.020457744598388672
v 0.0025159677024930716 0.011915546841919422 -0.02041753940284252
v 0.0023325178772211075 0.011722631752490997 -0.020370736718177795
v 0.0021121101453900337 0.011574787087738514 -0.02031952328979969
v 0.0018650536658242345 0.01147891953587532 -0.020266294479370117
v 0.0016028976533561945 0.011439516209065914 -0.02021353878080845
v 0.0013379043666645885 0.01145841833204031 -0.020163724198937416
v 0.0010824615601450205 0.011534743010997772 -0.020119179040193558
v 0.000848513504024595 0.011664919555187225 -0.020081985741853714
v 0.0006470003281719983 0.011842861771583557 -0.020053884014487267
v 0.00048734465963207185 0.012060249224305153 -0.020036188885569572
v 0.00037701099063269794 0.012306918390095234 -0.02002972550690174
v 0.00032115867361426353 0.012571333907544613 -0.020034799352288246
v 0.00031458301236853004 0.012706351466476917 -0.020041607320308685
v 0.00032239980646409094 0.01284113246947527 -0.020051168277859688
v 0.00038067594869062304 0.013103698380291462 -0.02007807232439518
v 0.0004932624287903309 0.01334675494581461 -0.020114250481128693
v 0.0006548945675604045 0.013558936305344105 -0.020158011466264725
v 0.0008580142166465521 0.013730321079492569 -0.02020730823278427
v 0.001093124970793724 0.01385289616882801 -0.020259836688637733
v 0.0013492307625710964 0.01392093114554882 -0.020313141867518425
v 0.0016143593238666654 0.013931241817772388 -0.020364729687571526
v 0.0018761138198897243 0.013883347623050213 -0.02041218802332878
v 0.0021222513169050217 0.013779486529529095 -0.020453298464417458
v 0.0023412660229951143 0.013624520972371101 -0.0204861368983984
v 0.00252291327342391 0.013425689190626144 -0.02050917036831379
v 0.0026587066240608692 0.013192292302846909 -0.020521322265267372
v 0.0027422881685197353 0.012935243546962738 -0.020522020757198334
v 0.0027697545010596514 0.01266656257212162 -0.020511236041784286
v 0.005367825739085674 -0.007015759591013193 0.040017999708652496
v 0.005447253584861755 0.010252298787236214 0.0389702245593071
v 0.005379312206059694 -0.0070066493935883045 0.04016901180148125
v 0.005458740517497063 0.010261409915983677 0.03912124037742615
v 0.005460282322019339 -0.011685053817927837 0.018911998718976974
v 0.005379856564104557 -0.011629357002675533 0.01889991946518421
v 0.005264982581138611 -0.011514618061482906 0.021671215072274208
v 0.004604188259691 -0.011330034583806992 0.018797921016812325
v 0.005965164862573147 -0.012729446403682232 0.021867578849196434
v 0.005880579352378845 -0.012393129989504814 0.021823372691869736
v 0.0056646657176315784 -0.01209905743598938 0.024600466713309288
v 0.006059973035007715 -0.012392626143991947 0.01901998370885849
v 0.0059534283354878426 -0.01220674067735672 0.01899711601436138
v 0.005732835736125708 -0.012067215517163277 0.021774418652057648
v 0.006136300042271614 -0.012563951313495636 0.019038693979382515
v 0.006178049370646477 -0.012681806460022926 0.019050410017371178
v 0.0062494901940226555 -0.012986266985535622 0.019076744094491005
v 0.006272535305470228 -0.013298511505126953 0.019098328426480293
v 0.005273772869259119 -0.011185284703969955 0.02725822851061821
v 0.005491670221090317 -0.01169077679514885 0.027368798851966858
v 0.005547556094825268 -0.011805755086243153 0.02454717829823494
v 0.005289173219352961 -0.010532321408390999 0.03284784406423569
v 0.005323157180100679 -0.010904204100370407 0.032955266535282135
v 0.005320611875504255 -0.010866442695260048 0.031491100788116455
v 0.0054018534719944 -0.01155125442892313 0.03052171692252159
v 0.0053651221096515656 -0.01116974838078022 0.030124664306640625
v 0.0053559886291623116 -0.00795531552284956 0.039683785289525986
v 0.0053466069512069225 -0.008177500218153 0.03942861035466194
v 0.005323838908225298 -0.007960779592394829 0.039258819073438644
v 0.005317219533026218 -0.008830158971250057 0.03841507062315941
v 0.005270564462989569 -0.008575051091611385 0.038038112223148346
v 0.005312853027135134 -0.008933493867516518 0.038221120834350586
v 0.005199213046580553 -0.009473550133407116 0.035425104200839996
v 0.005288506392389536 -0.010040068067610264 0.03562799468636513
v 0.005294294096529484 -0.010370863601565361 0.034675195813179016
v 0.0049628629349172115 -0.010100150480866432 0.03127988055348396
v 0.0049943504855036736 -0.009831193834543228 0.03263990581035614
v 0.005351251922547817 -0.007553386967629194 0.03977305442094803
v 0.0053661055862903595 -0.007679545320570469 0.03993033990263939
v 0.005204265937209129 -0.010731326416134834 0.03001423180103302
v 0.005185538437217474 -0.010463838465511799 0.031381893903017044
v 0.005178147926926613 -0.010167422704398632 0.03274061530828476
v 0.00465491134673357 -0.01133868470788002 0.018803924322128296
v 0.005024539772421122 -0.011444803327322006 0.01885029301047325
v 0.004907260648906231 -0.011402573436498642 0.01883505843579769
v 0.004650202579796314 -0.011268972419202328 0.020191380754113197
v 0.0046502635814249516 -0.011176368221640587 0.02157752215862274
v 0.004931684583425522 -0.011085025034844875 0.024390719830989838
v 0.004967948887497187 -0.01131518930196762 0.021622056141495705
v 0.004994042683392763 -0.011393130756914616 0.020236549898982048
v 0.005194986239075661 -0.011521892622113228 0.018873395398259163
v 0.00569661520421505 -0.01188803743571043 0.01894991286098957
v 0.005173828918486834 -0.011288728564977646 0.024440232664346695
v 0.00492094736546278 -0.010760916396975517 0.027155034244060516
v 0.005382085219025612 -0.011531912721693516 0.024493061006069183
v 0.0055246357806026936 -0.011769118718802929 0.02172284759581089
v 0.005898165982216597 -0.012125846929848194 0.018986204639077187
v 0.004940447397530079 -0.01034388318657875 0.029911410063505173
v 0.005378382280468941 -0.0071290526539087296 0.0401666983962059
v 0.005376082845032215 -0.007290607783943415 0.04013467952609062
v 0.005372137762606144 -0.007472718134522438 0.04006076604127884
v 0.0054139643907547 -0.011620745994150639 0.03023325279355049
v 0.00554489204660058 -0.012174459174275398 0.02768852934241295
v 0.005557844415307045 -0.012216443195939064 0.027473988011479378
v 0.005750865675508976 -0.012696285732090473 0.024697136133909225
v 0.005989882629364729 -0.013059897348284721 0.02190558798611164
v 0.007096875458955765 -0.013130267150700092 0.011729095131158829
v 0.007168007083237171 -0.0134345768019557 0.01175790186971426
v 0.008322997950017452 -0.013881933875381947 0.004472692497074604
v 0.005529717076569796 -0.01178178284317255 0.011422927491366863
v 0.0069793048314750195 -0.012841335497796535 0.011694611050188541
v 0.006818190682679415 -0.012574896216392517 0.011655296199023724
v 0.006617498118430376 -0.012337508611381054 0.011612121015787125
v 0.0063821724615991116 -0.012135018594563007 0.011566146276891232
v 0.006118005607277155 -0.01197241060435772 0.011518505401909351
v 0.005831501912325621 -0.011853691190481186 0.0114703718572855
v 0.008991518057882786 -0.014413115568459034 0.0009349540341645479
v 0.007191548123955727 -0.013746766373515129 0.011780413798987865
v 0.006542873568832874 -0.013443900272250175 0.01672269031405449
v 0.008252214640378952 -0.013577759265899658 0.004441681317985058
v 0.008135218173265457 -0.013289050199091434 0.004403579980134964
v 0.00797488633543253 -0.013022913597524166 0.0043593295849859715
v 0.006692645139992237 -0.012232213281095028 0.004087674897164106
v 0.006992973852902651 -0.012303557246923447 0.004144304431974888
v 0.007278090808540583 -0.012421741150319576 0.004201165400445461
v 0.007540981285274029 -0.012583852745592594 0.004256858956068754
v 0.007775167003273964 -0.012785902246832848 0.004310017917305231
v 0.011272070929408073 -0.01477330643683672 -0.009994232095777988
v 0.011294608935713768 -0.015085368417203426 -0.009969682432711124
v 0.011266444809734821 -0.01473796647042036 -0.009997732006013393
v 0.0112021304666996 -0.014469387009739876 -0.010029381141066551
v 0.01108651515096426 -0.014181096106767654 -0.010074259713292122
v 0.010988659225404263 -0.014006237499415874 -0.010107976384460926
v 0.010928071103990078 -0.01391552947461605 -0.010127768851816654
v 0.009660853073000908 -0.013129368424415588 -0.010473099537193775
v 0.00995766744017601 -0.01319965161383152 -0.010399245657026768
v 0.010239449329674244 -0.013316826894879341 -0.010326017625629902
v 0.010499260388314724 -0.013478009030222893 -0.01025521568953991
v 0.010730698704719543 -0.01367922779172659 -0.010188586078584194
v 0.010737495496869087 -0.013686197809875011 -0.01018656324595213
v 0.010551348328590393 -0.013460452668368816 -0.010627329349517822
v 0.012300367467105389 -0.010379042476415634 -0.014885819517076015
v 0.012051875703036785 -0.010360841639339924 -0.014604708179831505
v 0.01202429924160242 -0.011133740656077862 -0.014469759538769722
v 0.011547772213816643 -0.015048131346702576 -0.011044156737625599
v 0.012491804547607899 -0.01039949432015419 -0.015208368189632893
v 0.012414636090397835 -0.010390213690698147 -0.015061268582940102
v 0.012382971122860909 -0.011281556449830532 -0.014904291369020939
v 0.012591009959578514 -0.011348550207912922 -0.01541099138557911
v 0.01261943019926548 -0.010421475395560265 -0.015560976229608059
v 0.012585904449224472 -0.01143356878310442 -0.01538752019405365
v 0.012515355832874775 -0.012233278714120388 -0.015078557655215263
v 0.012298589572310448 -0.012115742079913616 -0.014551968313753605
v 0.012497110292315483 -0.012384301982820034 -0.015000816434621811
v 0.012395144440233707 -0.013046707026660442 -0.01457250490784645
v 0.012169000692665577 -0.012847843579947948 -0.01403153408318758
v 0.012360733933746815 -0.013224870897829533 -0.014429235830903053
v 0.01148971077054739 -0.014726754277944565 -0.010934663936495781
v 0.011712045408785343 -0.014547938480973244 -0.01185903325676918
v 0.01181026827543974 -0.014786222949624062 -0.012145482935011387
v 0.012046048417687416 -0.014328607358038425 -0.013125753030180931
v 0.011624838225543499 -0.012992868199944496 -0.013101947493851185
v 0.011836747638881207 -0.013214848935604095 -0.013225787319242954
v 0.01164156198501587 -0.013633864000439644 -0.012507586739957333
v 0.01152605190873146 -0.013200436718761921 -0.012773329392075539
v 0.011421365663409233 -0.01337434258311987 -0.012426474131643772
v 0.01143033616244793 -0.013905208557844162 -0.011731577105820179
v 0.01131274551153183 -0.013512707315385342 -0.012067803181707859
v 0.011200692504644394 -0.01361634861677885 -0.011698940768837929
v 0.011209595017135143 -0.014029320329427719 -0.010920344851911068
v 0.01108569372445345 -0.013685518875718117 -0.011321512050926685
v 0.010853476822376251 -0.013719955459237099 -0.010563141666352749
v 0.010969511233270168 -0.013719914481043816 -0.010941418819129467
v 0.011384334415197372 -0.014371948316693306 -0.01091858558356762
v 0.011602128855884075 -0.01422148197889328 -0.011786360293626785
v 0.01181050855666399 -0.013915210030972958 -0.012612330727279186
v 0.01200308557599783 -0.013453476130962372 -0.01337377354502678
v 0.012231745757162571 -0.013770089484751225 -0.013894474133849144
v 0.012185833416879177 -0.013928808271884918 -0.013704474084079266
v 0.010288707911968231 -0.013047289103269577 -0.011744570918381214
v 0.010426362045109272 -0.012954884208738804 -0.0120546268299222
v 0.010146785527467728 -0.013111995533108711 -0.01142619177699089
v 0.01000271737575531 -0.013148557394742966 -0.011104295961558819
v 0.009858078323304653 -0.0131571339443326 -0.01078246720135212
v 0.010212128050625324 -0.013271236792206764 -0.010702144354581833
v 0.010346882976591587 -0.013270432129502296 -0.011036885902285576
v 0.010481241159141064 -0.013239825144410133 -0.01137306448072195
v 0.010613719932734966 -0.013179046101868153 -0.011706773191690445
v 0.010742327198386192 -0.013088350184261799 -0.012032827362418175
v 0.01055923756211996 -0.012834623456001282 -0.012355194427073002
v 0.010866574011743069 -0.012967490591108799 -0.012349824421107769
v 0.01098594255745411 -0.012815732508897781 -0.012656348757445812
v 0.010675971396267414 -0.013462601229548454 -0.010981176979839802
v 0.010800478979945183 -0.013432775624096394 -0.01133704837411642
v 0.010923465713858604 -0.013370521366596222 -0.011690729297697544
v 0.011043068021535873 -0.013276048935949802 -0.012036663480103016
v 0.011158804409205914 -0.013149088248610497 -0.012373290956020355
v 0.011270158924162388 -0.012988843955099583 -0.012699045240879059
v 0.01137507613748312 -0.012797016650438309 -0.01300786156207323
v 0.011799725703895092 -0.01248100120574236 -0.013688542880117893
v 0.011935961432754993 -0.011853927746415138 -0.014154238626360893
v 0.011420486494898796 -0.010333663783967495 -0.01420464925467968
v 0.01158462930470705 -0.010338887572288513 -0.014278304763138294
v 0.011548709124326706 -0.01101311668753624 -0.01415524072945118
v 0.01175509113818407 -0.010345536284148693 -0.014374949038028717
v 0.011296292766928673 -0.012188307009637356 -0.013465117663145065
v 0.011449778452515602 -0.011641409248113632 -0.013876600190997124
v 0.011098254472017288 -0.012634680606424809 -0.01294675376266241
v 0.012698857113718987 0.0068465834483504295 -0.016608748584985733
v 0.012571231462061405 0.006868565455079079 -0.016256140545010567
v 0.012494083493947983 0.006877843290567398 -0.016109075397253036
v 0.01237979531288147 0.006889016833156347 -0.01593359187245369
v 0.012131302617490292 0.00690721720457077 -0.015652479603886604
v 0.011834518983960152 0.006922523025423288 -0.015422721393406391
v 0.011664068326354027 0.006929170805960894 -0.015326084569096565
v 0.011499913409352303 0.0069343955256044865 -0.015252421610057354
v 0.01084810495376587 0.009937737137079239 -0.013429602608084679
v 0.010719986632466316 0.010068802163004875 -0.013115678913891315
v 0.010393704287707806 0.009936426766216755 -0.013137533329427242
v 0.011391952633857727 0.008869749493896961 -0.014739813283085823
v 0.011540919542312622 0.008274299092590809 -0.01508383173495531
v 0.012028939090669155 0.008447578176856041 -0.015384734608232975
v 0.011830841191112995 0.011399523355066776 -0.013431139290332794
v 0.01169649139046669 0.011967803351581097 -0.012785915285348892
v 0.011611148715019226 0.0116904117166996 -0.012537204660475254
v 0.011419949121773243 0.012164228595793247 -0.011623104102909565
v 0.011394538916647434 0.01185170654207468 -0.011609756387770176
v 0.012297836132347584 0.010558906011283398 -0.01518777571618557
v 0.012211746536195278 0.01086867693811655 -0.014855465851724148
v 0.012039638124406338 0.010951049625873566 -0.01425955817103386
v 0.012099988758563995 0.01120493933558464 -0.014417849481105804
v 0.011967703700065613 0.011525029316544533 -0.013891494832932949
v 0.012393755838274956 0.008656494319438934 -0.01581089198589325
v 0.012539687566459179 0.009304337203502655 -0.016092797741293907
v 0.012270565144717693 0.009449250064790249 -0.015380640514194965
v 0.012381031177937984 0.010205887258052826 -0.015504466369748116
v 0.01211097277700901 0.010128430090844631 -0.01480237115174532
v 0.012691229581832886 0.007463641464710236 -0.016605598852038383
v 0.01263654325157404 0.008435131050646305 -0.016434531658887863
v 0.012594439089298248 0.008867417462170124 -0.01628866232931614
v 0.012470196932554245 0.007790327072143555 -0.01605961099267006
v 0.011203518137335777 0.011255891062319279 -0.011617697775363922
v 0.011393856257200241 0.011410565115511417 -0.01204694714397192
v 0.011321796104311943 0.01154642179608345 -0.011607940308749676
v 0.011388596147298813 0.011816317215561867 -0.011608961969614029
v 0.011849768459796906 0.010179847478866577 -0.014306937344372272
v 0.011631700210273266 0.009954212233424187 -0.01417545136064291
v 0.011942530982196331 0.009910804219543934 -0.014626817777752876
v 0.011728635057806969 0.009707215242087841 -0.01447727344930172
v 0.011898075230419636 0.009129220619797707 -0.014996353536844254
v 0.011717995628714561 0.011085160076618195 -0.013319713063538074
v 0.011543337255716324 0.010779311880469322 -0.013227309100329876
v 0.011649669148027897 0.01061377115547657 -0.013605543412268162
v 0.011311046779155731 0.01049854513257742 -0.013160236179828644
v 0.011422397568821907 0.010349544696509838 -0.013515271246433258
v 0.011923298239707947 0.010679357685148716 -0.014103284105658531
v 0.011751835234463215 0.010414214804768562 -0.013965453952550888
v 0.01152929849922657 0.010168354958295822 -0.013853751122951508
v 0.0121103934943676 0.007698297966271639 -0.01561069954186678
v 0.011633810587227345 0.007620020303875208 -0.015284301713109016
v 0.009768053889274597 0.010176767595112324 -0.011887243948876858
v 0.01010962761938572 0.010116719640791416 -0.012515702284872532
v 0.009819991886615753 0.01018643006682396 -0.011875676922500134
v 0.010454951785504818 0.010242685675621033 -0.012463330291211605
v 0.010185131803154945 0.010298107750713825 -0.011797059327363968
v 0.010065541602671146 0.010252741165459156 -0.011822264641523361
v 0.01053090114146471 0.009805509820580482 -0.013435300439596176
v 0.010970781557261944 0.009778755716979504 -0.013728910125792027
v 0.01150254812091589 0.011341054923832417 -0.012478433549404144
v 0.011214434169232845 0.011058790609240532 -0.012036299332976341
v 0.011324676685035229 0.011002272367477417 -0.012438875623047352
v 0.010965974070131779 0.010741367004811764 -0.01204722374677658
v 0.011081754229962826 0.010694744065403938 -0.012422540225088596
v 0.010785835795104504 0.010437173768877983 -0.012431072071194649
v 0.01104261726140976 0.010987266898155212 -0.011638794094324112
v 0.010843053460121155 0.010747164487838745 -0.011670703999698162
v 0.010609742254018784 0.010541494004428387 -0.011712644249200821
v 0.010536513291299343 0.01048899907618761 -0.011726553551852703
v 0.010348426178097725 0.010375323705375195 -0.01176358386874199
v 0.011198780499398708 0.009375028312206268 -0.014280419796705246
v 0.011477098800241947 0.00952633935958147 -0.01436044741421938
v 0.011264681816101074 0.00995353888720274 -0.013773933984339237
v 0.01103153731673956 0.01025800034403801 -0.01312262937426567
v 0.011196902953088284 0.01061396673321724 -0.012794015929102898
v 0.011434431187808514 0.0109092490747571 -0.01283634826540947
v 0.011610710062086582 0.011232683435082436 -0.012903141789138317
v 0.010662199929356575 0.009649017825722694 -0.013718402944505215
v 0.004762194585055113 0.011984951794147491 0.01738872192800045
v 0.004711390472948551 0.011976102367043495 0.01738377846777439
v 0.006739472504705191 0.011095346882939339 0.0030220316257327795
v 0.005132805090397596 0.01209250558167696 0.01742212288081646
v 0.005015134811401367 0.012049819342792034 0.017412038519978523
v 0.007040546741336584 0.011170233599841595 0.0030693644657731056
v 0.006668213289231062 0.013805696740746498 0.015069265849888325
v 0.006397875491529703 0.013951086439192295 0.017444908618927002
v 0.006371957249939442 0.013638746924698353 0.017461219802498817
v 0.009116859175264835 0.012836482375860214 -0.00071846874197945
v 0.008411196060478687 0.013076798059046268 0.0031886091455817223
v 0.008385485969483852 0.012764361687004566 0.0032033806201070547
v 0.009779750369489193 0.012307380326092243 -0.004222323186695576
v 0.009706544689834118 0.01200222596526146 -0.004218388348817825
v 0.009587510488927364 0.01171190943568945 -0.004224678967148066
v 0.00942557118833065 0.011443577706813812 -0.0042410376481711864
v 0.00872688926756382 0.010832900181412697 -0.004345316905528307
v 0.00898989662528038 0.010998593643307686 -0.00430210679769516
v 0.009224719367921352 0.011203838512301445 -0.004267060663551092
v 0.008442170917987823 0.010710833594202995 -0.004395624622702599
v 0.008142753504216671 0.010635403916239738 -0.004451789427548647
v 0.00831188540905714 0.012459338642656803 0.0032094335183501244
v 0.008192197419703007 0.012169236317276955 0.003206616500392556
v 0.0073268357664346695 0.011291783303022385 0.0031112798023968935
v 0.007591295521706343 0.01145699992775917 0.0031467441003769636
v 0.007827411405742168 0.011661820113658905 0.0031748840119689703
v 0.008029368706047535 0.011901196092367172 0.0031950075644999743
v 0.00629771500825882 0.013334004208445549 0.017471853643655777
v 0.00625488068908453 0.013215984217822552 0.017474450170993805
v 0.006176975555717945 0.013044360093772411 0.01747654378414154
v 0.006068719085305929 0.012858058325946331 0.017476260662078857
v 0.006012711673974991 0.012776948511600494 0.017475182190537453
v 0.005808969959616661 0.012538354843854904 0.017467796802520752
v 0.0055707646533846855 0.012334449216723442 0.017454570159316063
v 0.005489824805408716 0.012278439477086067 0.017449267208576202
v 0.005303963087499142 0.012170257978141308 0.01743583008646965
v 0.00571998069062829 0.012663244269788265 0.018849577754735947
v 0.005999129731208086 0.013385461643338203 0.020259486511349678
v 0.0051026069559156895 0.012209095992147923 0.018804384395480156
v 0.005430158693343401 0.012404066510498524 0.0188300684094429
v 0.004757617600262165 0.01208354439586401 0.0187743678689003
v 0.005435450933873653 0.010756912641227245 0.038661569356918335
v 0.005448434501886368 0.01100962609052658 0.03869042173027992
v 0.0054547470062971115 0.010765168815851212 0.038918640464544296
v 0.005457780789583921 0.010570189915597439 0.03903859481215477
v 0.0054588401690125465 0.010420706123113632 0.03909469395875931
v 0.005436360836029053 0.011334284208714962 0.03824487328529358
v 0.0054100980050861835 0.011911038309335709 0.037028685212135315
v 0.00543613638728857 0.01133961882442236 0.03823617845773697
v 0.005363475531339645 0.01155912596732378 0.03682497516274452
v 0.005411461461335421 0.011099491268396378 0.038101211190223694
v 0.005298688542097807 0.01213743258267641 0.03411839157342911
v 0.005393194500356913 0.012723173014819622 0.03425136208534241
v 0.005405917298048735 0.012008280493319035 0.036766406148672104
v 0.005662151612341404 0.01313480269163847 0.023035898804664612
v 0.005494177341461182 0.012857973575592041 0.02301519364118576
v 0.005561951082199812 0.012821649201214314 0.02162366919219494
v 0.005848380737006664 0.013057390227913857 0.020250214263796806
v 0.005637434311211109 0.01275716908276081 0.020234951749444008
v 0.005384194664657116 0.012849254533648491 0.025805138051509857
v 0.005781953688710928 0.013431287370622158 0.023053405806422234
v 0.005477030295878649 0.013179288245737553 0.02864966355264187
v 0.005396829918026924 0.012876592576503754 0.031428415328264236
v 0.005282421130686998 0.012502465397119522 0.031366027891635895
v 0.005430561024695635 0.013043929822742939 0.03004140965640545
v 0.005291762761771679 0.012632357887923717 0.029981601983308792
v 0.005312147084623575 0.012732284143567085 0.028592951595783234
v 0.005027604289352894 0.01241881400346756 0.02575381100177765
v 0.005044804885983467 0.012337724678218365 0.028537575155496597
v 0.005039718467742205 0.01240614801645279 0.0229673832654953
v 0.004757600836455822 0.01215923111885786 0.020161869004368782
v 0.005076564382761717 0.01229950413107872 0.02018946409225464
v 0.005055372137576342 0.012364858761429787 0.021577246487140656
v 0.005095518659800291 0.012158245779573917 0.03130660578608513
v 0.005065738223493099 0.012261081486940384 0.02992418222129345
v 0.005873543210327625 0.01403491199016571 0.023078756406903267
v 0.005530049558728933 0.013639573939144611 0.02870296686887741
v 0.0055176387540996075 0.013606060296297073 0.028993554413318634
v 0.005433416925370693 0.01325273234397173 0.03152482956647873
v 0.0053754341788589954 0.012500681914389133 0.02021431364119053
v 0.005326377227902412 0.012569649145007133 0.021601807326078415
v 0.0052837105467915535 0.012612114660441875 0.02299204096198082
v 0.012970752082765102 -0.019917406141757965 -0.017654357478022575
v 0.01313603576272726 0.016016125679016113 -0.019834693521261215
v 0.013015583157539368 -0.019897378981113434 -0.01732087880373001
v 0.013180873356759548 0.016036158427596092 -0.019501136615872383
v 0.013022100552916527 -0.019890684634447098 -0.017210060730576515
v 0.01318738516420126 0.01604284904897213 -0.019390396773815155
v 0.01317187212407589 0.016070039942860603 -0.018943440169095993
v 0.013006587512791157 -0.019863491877913475 -0.016763104125857353
v 0.013089844025671482 0.016097093001008034 -0.018503792583942413
v 0.012924560345709324 -0.019836438819766045 -0.016323456540703773
v 0.012326438911259174 -0.019957121461629868 -0.018357722088694572
v 0.012911707162857056 -0.019935769960284233 -0.01796148344874382
v 0.012812801636755466 -0.021301861852407455 -0.017860785126686096
v 0.012232478708028793 -0.02125491015613079 -0.01826205849647522
v 0.012288813479244709 -0.023380713537335396 -0.017635749652981758
v 0.011734691448509693 -0.023229816928505898 -0.018048275262117386
v 0.011337419971823692 -0.025292087346315384 -0.017338557168841362
v 0.010830865241587162 -0.025045622140169144 -0.017765942960977554
v 0.010002830997109413 -0.02694716677069664 -0.016983021050691605
v 0.009563006460666656 -0.026617949828505516 -0.017428182065486908
v 0.008347063325345516 -0.028269045054912567 -0.016585661098361015
v 0.007990026846528053 -0.027873730286955833 -0.017050690948963165
v 0.006447054445743561 -0.02919629216194153 -0.01616494171321392
v 0.006185020320117474 -0.028754616156220436 -0.016651006415486336
v 0.00439109792932868 -0.02968582510948181 -0.01574041321873665
v 0.004231858998537064 -0.029219673946499825 -0.0162477046251297
v 0.0030451107304543257 -0.0297581534832716 -0.015477321110665798
v 0.002953171031549573 -0.029288383200764656 -0.015997767448425293
v -0.002380687976256013 0.004146191757172346 -0.01850157417356968
v -0.002491922117769718 0.0036450207699090242 -0.01845022290945053
v -0.002800436457619071 0.003240020712837577 -0.018366694450378418
v -0.0032492014579474926 0.0030060566496104 -0.018266430124640465
v -0.0037552642170339823 0.0029863750096410513 -0.01816796138882637
v -0.0042250799015164375 0.0031846154015511274 -0.018089493736624718
v -0.0044185323640704155 0.0033554399851709604 -0.018062517046928406
v -0.004677722230553627 0.0038009348791092634 -0.018039323389530182
v -0.004730148706585169 0.004313780926167965 -0.018059909343719482
v -0.00456612091511488 0.0047991774044930935 -0.01812046766281128
v -0.004215959459543228 0.005167401395738125 -0.018209803849458694
v -0.003990253433585167 0.0052850740030407906 -0.018260231241583824
v -0.0034898670855909586 0.005360284820199013 -0.0183609277009964
v -0.0030022920109331608 0.005214601755142212 -0.018445953726768494
v -0.0026176548562943935 0.004874954465776682 -0.01849959045648575
v -0.00240705581381917 0.004404127132147551 -0.018511926755309105
v 0.00547585915774107 0.0040188683196902275 -0.020004382357001305
v 0.005364625249058008 0.0035176966339349747 -0.019953032955527306
v 0.005056112539023161 0.0031126972753554583 -0.019869504496455193
v 0.004607345908880234 0.0028787327464669943 -0.01976924017071724
v 0.004101283848285675 0.002859051339328289 -0.019670771434903145
v 0.003631467465311289 0.003057291964069009 -0.019592303782701492
v 0.003438014769926667 0.003228116547688842 -0.01956532523036003
v 0.0031788258347660303 0.003673611208796501 -0.019542133435606956
v 0.003126399591565132 0.004186457023024559 -0.019562719389796257
v 0.0032904264517128468 0.004671853967010975 -0.019623277708888054
v 0.003640587907284498 0.005040077492594719 -0.01971261203289032
v 0.003866294864565134 0.005157750099897385 -0.0197630412876606
v 0.004366680979728699 0.005232960917055607 -0.019863737747073174
v 0.004854255355894566 0.005087278317660093 -0.01994876191020012
v 0.0052388934418559074 0.004747630562633276 -0.020002400502562523
v 0.005449491553008556 0.004276803694665432 -0.02001473680138588
v 0.008306113071739674 0.019827967509627342 -0.002010599710047245
v 0.007698345929384232 0.019046958535909653 0.0012249465798959136
v 0.008529526181519032 0.017765097320079803 0.002345763146877289
v 0.005136899650096893 0.013135289773344994 0.04787655919790268
v 0.005609901621937752 0.012326559983193874 0.05087774991989136
v 0.006700593046844006 0.011182750575244427 0.050736457109451294
v 0.00627014460042119 0.011930698528885841 0.0481228232383728
v 0.005787532776594162 0.012832720763981342 0.04396256431937218
v 0.004656240809708834 0.014029162004590034 0.04342750459909439
v 0.004532268270850182 0.01429828628897667 0.04171987250447273
v 0.0055435411632061005 0.01338606420904398 0.040490806102752686
v 0.004478571005165577 0.01442820206284523 0.040809936821460724
v 0.005502537824213505 0.013501916080713272 0.03963039070367813
v 0.005405121017247438 0.014166904613375664 0.03337949514389038
v 0.004323417786508799 0.01500175055116415 0.03589813411235809
v 0.00442951126024127 0.015566992573440075 0.029184751212596893
v 0.005522578954696655 0.014525213278830051 0.028920680284500122
v 0.0044678980484604836 0.015633057802915573 0.028290756046772003
v 0.005547382403165102 0.014567706733942032 0.02835242450237274
v 0.004931536503136158 0.016148410737514496 0.021401379257440567
v 0.006058976519852877 0.015138804912567139 0.020857755094766617
v 0.005404605995863676 0.01657356135547161 0.01668628677725792
v 0.00635887635871768 0.015414132736623287 0.01778475195169449
v 0.006677080877125263 0.01571112684905529 0.014952797442674637
v 0.005848322529345751 0.01698784902691841 0.01304309256374836
v 0.00671502947807312 0.01574753038585186 0.014636311680078506
v 0.0061955526471138 0.01733468845486641 0.010497055016458035
v 0.007491424214094877 0.0165469441562891 0.00883355550467968
v 0.007192525546997786 0.018434427678585052 0.004107501357793808
v 0.007632979657500982 0.018965842202305794 0.0015868584159761667
v 0.011247988790273666 0.022923782467842102 -0.013356531970202923
v 0.010977194644510746 0.02377130836248398 -0.014226879924535751
v 0.009786349721252918 0.02191833220422268 -0.009113995358347893
v 0.011539211496710777 0.02293906919658184 -0.013864808715879917
v 0.011440519243478775 0.023145141080021858 -0.014021871611475945
v 0.011328650638461113 0.02332926355302334 -0.014122506603598595
v 0.011158183217048645 0.02356153540313244 -0.014200741425156593
v 0.011635336093604565 0.022547844797372818 -0.013411348685622215
v 0.011630012653768063 0.022604266181588173 -0.01349143497645855
v 0.011584682390093803 0.02281196415424347 -0.013741872273385525
v 0.009145013056695461 0.018560584634542465 -0.001075491774827242
v 0.009620840661227703 0.019210224971175194 -0.0035613463260233402
v 0.009283287450671196 0.02117963135242462 -0.006805256940424442
v 0.010297424159944057 0.0201828945428133 -0.006899752654135227
v 0.009580054320394993 0.021612044423818588 -0.00817896705120802
v 0.010871858336031437 0.02105102874338627 -0.00957989227026701
v 0.011524384841322899 0.02208080142736435 -0.01247602142393589
v 0.011618262156844139 0.02231016755104065 -0.013005053624510765
v 0.006126358173787594 -0.007661561015993357 0.04894157126545906
v 0.004799842834472656 -0.009597538970410824 0.0468938946723938
v 0.004532186780124903 -0.010469634085893631 0.04402318596839905
v 0.006619405001401901 -0.006467797793447971 0.05180743709206581
v 0.005574066657572985 -0.0076374211348593235 0.05207834392786026
v 0.005338800139725208 -0.008189034648239613 0.050771988928318024
v 0.005289305467158556 -0.010989966802299023 0.03735749050974846
v 0.005436541512608528 -0.009883806109428406 0.041903410106897354
v 0.0044449325650930405 -0.010818669572472572 0.04275776073336601
v 0.005502242594957352 -0.009591586887836456 0.04298119619488716
v 0.005640929099172354 -0.00907281506806612 0.04477290064096451
v 0.004281820263713598 -0.011776283383369446 0.038917265832424164
v 0.004282733891159296 -0.013000129722058773 0.03325553238391876
v 0.005393003113567829 -0.012386049143970013 0.03069429285824299
v 0.0043290541507303715 -0.013325677253305912 0.03164004907011986
v 0.005398679990321398 -0.01241381373256445 0.030554933473467827
v 0.004556308966130018 -0.014222750440239906 0.02709660679101944
v 0.0058951000683009624 -0.01393232960253954 0.022961614653468132
v 0.0049735745415091515 -0.015271350741386414 0.02191961370408535
v 0.006351078394800425 -0.014918595552444458 0.018412867560982704
v 0.00653494568541646 -0.015289475210011005 0.016829974949359894
v 0.00550171360373497 -0.016351208090782166 0.017076868563890457
v 0.005784153006970882 -0.01689680851995945 0.014864588156342506
v 0.007119940593838692 -0.016439860686659813 0.012362608686089516
v 0.006242717150598764 -0.017770320177078247 0.011613555252552032
v 0.00809111911803484 -0.018333151936531067 0.006127429660409689
v 0.007666924502700567 -0.020492807030677795 0.003153659636154771
v 0.00855628214776516 -0.019250862300395966 0.003477139165624976
v 0.007172952406108379 -0.019540388137102127 0.005876726005226374
v 0.0066682943142950535 -0.018577899783849716 0.008872332982718945
v 0.010111683048307896 -0.022414637729525566 -0.004363202024251223
v 0.00899455975741148 -0.020126452669501305 0.001126123359426856
v 0.008965665474534035 -0.020068364217877388 0.0012772465124726295
v 0.010121792554855347 -0.025446362793445587 -0.008348899893462658
v 0.011330507695674896 -0.025007907301187515 -0.00971552636474371
v 0.00921574980020523 -0.023572424426674843 -0.0044209943152964115
v 0.008855817839503288 -0.02284296415746212 -0.002768413396552205
v 0.010792708955705166 -0.026867205277085304 -0.011070091277360916
v 0.010992961935698986 -0.026621373370289803 -0.011090675368905067
v 0.011038640514016151 -0.02655801735818386 -0.011087005957961082
v 0.01117831002920866 -0.026338906958699226 -0.011046482250094414
v 0.011239702813327312 -0.026224922388792038 -0.011008189991116524
v 0.011334833689033985 -0.026007629930973053 -0.010901516303420067
v 0.011383671313524246 -0.02585534006357193 -0.010799137875437737
v 0.01142929121851921 -0.025607001036405563 -0.010579018853604794
v 0.01143469475209713 -0.025464486330747604 -0.010419926606118679
v 0.011380376294255257 -0.025135504081845284 -0.0099459458142519
v 0.012048212811350822 -0.02394034154713154 -0.01272954698652029
v 0.011816666461527348 -0.024354279041290283 -0.011771827936172485
v 0.011811729520559311 -0.024927757680416107 -0.011993242427706718
v 0.010875269770622253 -0.0266873762011528 -0.012352632358670235
v 0.011411392129957676 -0.026028431951999664 -0.012512079440057278
v 0.01051785983145237 -0.02710866555571556 -0.011450148187577724
v 0.011046145111322403 -0.026555070653557777 -0.011422882787883282
v 0.011760344728827477 -0.02521977759897709 -0.012117725796997547
v 0.012785634957253933 -0.02156391181051731 -0.015721261501312256
v 0.012774625793099403 -0.02217443846166134 -0.015755249187350273
v 0.012869245372712612 -0.020919160917401314 -0.016067184507846832
v 0.0129286739975214 -0.021094508469104767 -0.016364172101020813
v 0.01291315071284771 -0.020304322242736816 -0.016260089352726936
v 0.012917141430079937 -0.02107546292245388 -0.017472676932811737
v 0.012931996956467628 -0.02138117514550686 -0.017020583152770996
v 0.012724397704005241 -0.022680038586258888 -0.016386641189455986
v 0.012758307158946991 -0.02225586771965027 -0.017047828063368797
v 0.012870675884187222 -0.0215157363563776 -0.01734362356364727
v 0.01248934119939804 -0.023413129150867462 -0.016368389129638672
v 0.012517651543021202 -0.023312285542488098 -0.01643906533718109
v 0.01262044906616211 -0.02291250415146351 -0.016696929931640625
v 0.012278744019567966 -0.024073487147688866 -0.0158451609313488
v 0.01244119182229042 -0.023763416334986687 -0.01554810255765915
v 0.012074480764567852 -0.024605683982372284 -0.015339379198849201
v 0.012116922996938229 -0.024658648297190666 -0.014594800770282745
v 0.011888251639902592 -0.025026865303516388 -0.014878086745738983
v 0.011041409336030483 -0.02646789140999317 -0.012769749388098717
v 0.011401853524148464 -0.025929713621735573 -0.013670111075043678
v 0.011826695874333382 -0.025155358016490936 -0.01472550816833973
v 0.012951693497598171 -0.02123965509235859 -0.016691461205482483
v 0.012776621617376804 -0.022431598976254463 -0.016069581732153893
v 0.012538335286080837 -0.02342538721859455 -0.015244143083691597
v 0.012266057543456554 -0.024246562272310257 -0.014304106123745441
v 0.011975114233791828 -0.024932028725743294 -0.013294916599988937
v 0.011675527319312096 -0.025503840297460556 -0.012247185222804546
v 0.011558444239199162 -0.025774920359253883 -0.012379405088722706
v 0.01243708934634924 -0.02300015650689602 -0.01431291177868843
v 0.01207269262522459 -0.024420777335762978 -0.01302551943808794
v 0.012647568248212337 -0.022259298712015152 -0.015161911025643349
v 0.012326876632869244 -0.023808768019080162 -0.014019329100847244
v 0.011225546710193157 -0.026282962411642075 -0.011296108365058899
v 0.0032335787545889616 -0.02969953790307045 -0.014496994204819202
v 0.003931037150323391 -0.029683586210012436 -0.0145884333178401
v 0.00685356417670846 -0.029069311916828156 -0.014112833887338638
v 0.005991240497678518 -0.029338618740439415 -0.014394608326256275
v 0.005320831201970577 -0.029497815296053886 -0.014531838707625866
v 0.0046277171932160854 -0.029615305364131927 -0.014598870649933815
v 0.007255020551383495 -0.02891935408115387 -0.013940420933067799
v 0.008389661088585854 -0.02841079607605934 -0.013304834254086018
v 0.009517612867057323 -0.027778808027505875 -0.012438754551112652
v 0.009086948819458485 -0.028035268187522888 -0.0127987340092659
v -0.0022413621190935373 -0.01516127772629261 0.023267505690455437
v 0.00581126194447279 -0.02904617041349411 -0.013903540559113026
v -0.0020963086280971766 0.016382254660129547 0.02135317213833332
v 0.010752842761576176 0.02392679452896118 -0.01454655360430479
v 0.009329539723694324 0.024696744978427887 -0.015998315066099167
v 0.007636547088623047 0.02540714293718338 -0.0171711016446352
v 0.007100794930011034 0.025586070492863655 -0.017430897802114487
v 0.006682278588414192 0.025710461661219597 -0.017598731443285942
v 0.005654259584844112 0.02595806121826172 -0.017883356660604477
v 0.004583491012454033 0.02612595446407795 -0.017988432198762894
v 0.0034906871151179075 0.026197072118520737 -0.0178886279463768
v 0.0030043378937989473 0.011898420751094818 -0.02102043852210045
v 0.0031246482394635677 0.0122544439509511 -0.02106485515832901
v 0.011979921720921993 0.0069962115958333015 -0.022452879697084427
v 0.012020552530884743 0.015829870477318764 -0.022988878190517426
v 0.003166554030030966 0.012629296630620956 -0.02109532617032528
v 0.00312810274772346 0.013005450367927551 -0.021110424771904945
v 0.011938543058931828 0.01713051274418831 -0.023050881922245026
v 0.003011084860190749 0.013365318067371845 -0.02110944502055645
v 0.011458995752036572 0.019121257588267326 -0.023077720776200294
v 0.0028209788724780083 0.013692074455320835 -0.021092435345053673
v 0.010572008788585663 0.02096608467400074 -0.023017503321170807
v 0.0025666686706244946 0.013970437459647655 -0.021060187369585037
v 0.0027345174457877874 0.0254635289311409 -0.021779658272862434
v 0.00401238352060318 0.025353385135531425 -0.02201874367892742
v 0.001915456959977746 0.014332796446979046 -0.020956657826900482
v 0.005960973910987377 0.024825097993016243 -0.022361772134900093
v 0.002260049106553197 0.01418739277869463 -0.02101421169936657
v 0.007757607847452164 0.02388584241271019 -0.02265101484954357
v 0.009318801574409008 0.022579267621040344 -0.022873030975461006
v 0.0004901189240626991 0.0141185587272048 -0.020669827237725258
v 0.00020574976224452257 0.013878620229661465 -0.020600810647010803
v 0.0015490020159631968 0.014399847947061062 -0.020890217274427414
v 0.001177821890451014 0.014385411515831947 -0.020817993208765984
v 0.0008192728855647147 0.014290166087448597 -0.020743368193507195
v -2.8818581995437853e-05 0.011780459433794022 -0.02043025940656662
v 0.00019469895050860941 0.011476115323603153 -0.02045503444969654
v 0.00047681794967502356 0.011226996779441833 -0.020494375377893448
v 0.0008043448906391859 0.011044749990105629 -0.0205464456230402
v 0.002245852490887046 0.011100810952484608 -0.020826928317546844
v 0.00255442108027637 0.011307795532047749 -0.02089862711727619
v 0.002811253536492586 0.011577876284718513 -0.02096415124833584
v 0.0011619639117270708 0.010937895625829697 -0.0206088088452816
v 0.0015329562593251467 0.010911432094871998 -0.020678550004959106
v 0.0018999730236828327 0.010966597124934196 -0.020752407610416412
v -0.00027068567578680813 0.012685000896453857 -0.020437845960259438
v -0.00026147844619117677 0.012495976872742176 -0.020428314805030823
v -0.0001832862908486277 0.01212579570710659 -0.020421212539076805
v -2.0534142095129937e-05 0.013581566512584686 -0.020539546385407448
v -0.0001781549653969705 0.013241288252174854 -0.02048889733850956
v -0.0002597410639282316 0.012873695231974125 -0.02045123279094696
v 0.002831048099324107 0.02599191479384899 -0.02131977677345276
v 0.012562892399728298 0.006518484093248844 -0.022026358172297478
v 0.01265712734311819 0.0065477932803332806 -0.021536193788051605
v 0.011958434246480465 0.022002454847097397 -0.014912157319486141
v 0.012008333578705788 0.021724916994571686 -0.014753555878996849
v 0.01251869648694992 0.020360209047794342 -0.01665646769106388
v 0.011037109419703484 0.0236554816365242 -0.014522593468427658
v 0.011246662586927414 0.02342519722878933 -0.014369009993970394
v 0.01161110308021307 0.02276606485247612 -0.015400863252580166
v 0.01080318819731474 0.02385479025542736 -0.014668337069451809
v 0.011105623096227646 0.02339639887213707 -0.015391477383673191
v 0.011240039952099323 0.023176318034529686 -0.01570945978164673
v 0.011622285470366478 0.022484557703137398 -0.016602272167801857
v 0.011967594735324383 0.022014698013663292 -0.01639176346361637
v 0.011668301187455654 0.02239370532333851 -0.01670859009027481
v 0.012043323367834091 0.021576067432761192 -0.01756501942873001
v 0.012312155216932297 0.021143024787306786 -0.01733008772134781
v 0.01208351831883192 0.021478818729519844 -0.017655668780207634
v 0.012910147197544575 0.018943198025226593 -0.01889631524682045
v 0.012806959450244904 0.019139477983117104 -0.019232507795095444
v 0.01271370891481638 0.019541248679161072 -0.01903682015836239
v 0.012632682919502258 0.020130451768636703 -0.01818222366273403
v 0.012644493021070957 0.019810009747743607 -0.018889669328927994
v 0.012470729649066925 0.02040623500943184 -0.018514573574066162
v 0.01223967969417572 0.021078811958432198 -0.01800541765987873
v 0.013085266575217247 0.017285311594605446 -0.01978110894560814
v 0.013075527735054493 0.017395617440342903 -0.01976420357823372
v 0.013109417632222176 0.017562923952937126 -0.019378798082470894
v 0.013048792257905006 0.017659276723861694 -0.01971585303544998
v 0.012926070019602776 0.018527379259467125 -0.019476719200611115
v 0.013135957531630993 0.01616145297884941 -0.01984178088605404
v 0.012527179904282093 0.0198395736515522 -0.016492139548063278
v 0.012753564864397049 0.019509345293045044 -0.017499331384897232
v 0.012799914926290512 0.01881374977529049 -0.017512964084744453
v 0.012957541272044182 0.018512489274144173 -0.018208453431725502
v 0.012956813909113407 0.017957013100385666 -0.018078787252306938
v 0.013104249723255634 0.01735503226518631 -0.018692484125494957
v 0.013034551404416561 0.017314469441771507 -0.01834701932966709
v 0.013078184798359871 0.016686607152223587 -0.01848522014915943
v 0.01181583758443594 0.02156827412545681 -0.013682426884770393
v 0.012009203433990479 0.021178029477596283 -0.014465311542153358
v 0.012403546832501888 0.020211055874824524 -0.01601806841790676
v 0.011874626390635967 0.022271638736128807 -0.015074807219207287
v 0.011426242999732494 0.023167379200458527 -0.014210464432835579
v 0.011758077889680862 0.022527629509568214 -0.015238668769598007
v 0.012172097340226173 0.021572895348072052 -0.01605917513370514
v 0.012460143305361271 0.020764576271176338 -0.01699184998869896
v 0.012728538364171982 0.019827939569950104 -0.017839686945080757
v 0.012961159460246563 0.018732156604528427 -0.0185515396296978
v 0.013128257356584072 0.017460715025663376 -0.019034937024116516
v 0.012519496493041515 0.01722031831741333 -0.022657906636595726
v 0.012605820782482624 0.015851221978664398 -0.022592639550566673
v 0.012014707550406456 0.01931583881378174 -0.022686157375574112
v 0.011081038042902946 0.021257760003209114 -0.022622771561145782
v 0.00811851117759943 0.024331193417310715 -0.02223699353635311
v 0.009761873632669449 0.022955849766731262 -0.02247069589793682
v 0.006227316800504923 0.025319881737232208 -0.021932527422904968
v 0.004176168702542782 0.02587597444653511 -0.0215714443475008
v 0.012382344342768192 -0.012276113033294678 -0.02137790247797966
v 0.012474281713366508 -0.012745882384479046 -0.02085745707154274
v -0.008754288777709007 -0.012278509326279163 -0.014764072373509407
v -0.008831650950014591 -0.02909739688038826 -0.013743553310632706
v 0.012360185384750366 -0.01262069121003151 -0.01880287379026413
v 0.012945452705025673 -0.01259934064000845 -0.018406635150313377
v 0.012483463622629642 -0.010749573819339275 -0.020978586748242378
v 0.012386934831738472 -0.011277959682047367 -0.021438468247652054
v 0.01257769763469696 -0.0107202660292387 -0.020488422363996506
v 0.004799161106348038 -0.006890566553920507 -0.01922198385000229
v 0.00518379732966423 -0.00723021337762475 -0.019275622442364693
v 0.00530953099951148 -0.008460147306323051 -0.019226253032684326
v 0.005420764908194542 -0.007958975620567799 -0.019277604296803474
v 0.0053943973034620285 -0.007701041176915169 -0.01928795874118805
v -0.0033042964059859514 -0.008971788920462132 -0.017539650201797485
v -0.004732816480100155 -0.008176909759640694 -0.01731254532933235
v -0.004473626613616943 -0.00862240418791771 -0.017335737124085426
v -0.004280174151062965 -0.00879322923719883 -0.017362715676426888
v -0.00381035846658051 -0.008991469629108906 -0.01744118332862854
v 0.004046189598739147 -0.009118792600929737 -0.018943993374705315
v 0.004552251659333706 -0.009099111892282963 -0.01904246024787426
v 0.005001018289476633 -0.008865147829055786 -0.019142726436257362
v 0.004311587195843458 -0.006744883488863707 -0.019136957824230194
v -0.0026727498043328524 -0.007102889474481344 -0.017772812396287918
v 0.00381120084784925 -0.006820094771683216 -0.01903626322746277
v -0.0024357831571251154 -0.007831652648746967 -0.0177747942507267
v 0.0031237315852195024 -0.008304232731461525 -0.018815355375409126
v 0.003382920753210783 -0.008749728091061115 -0.0188385471701622
v 0.003585493890568614 -0.006937766447663307 -0.01898583397269249
v 0.003235332202166319 -0.0073059904389083385 -0.018896497786045074
v 0.003071305574849248 -0.007791387848556042 -0.018835941329598427
v -0.002462150761857629 -0.007573717273771763 -0.017785148695111275
v -0.002855530707165599 -0.008737822994589806 -0.017639916390180588
v -0.002547017065808177 -0.008332823403179646 -0.01772344298660755
v 0.003576373215764761 -0.008920553140342236 -0.018865523859858513
v -0.003057386027649045 -0.0067632426507771015 -0.017719173803925514
v -0.004621216095983982 -0.007178666535764933 -0.0173936877399683
v -0.004785243421792984 -0.0076640634797513485 -0.017333131283521652
v -0.003544961102306843 -0.006617559585720301 -0.01763414777815342
v -0.004045348148792982 -0.006692770402878523 -0.017533451318740845
v -0.004271054174751043 -0.006810443010181189 -0.017483023926615715
f 1 2 3
f 2 4 3
f 3 4 5
f 5 4 6
f 4 7 6
f 6 7 8
f 9 10 7
f 10 11 7
f 7 11 8
f 12 13 14
f 14 15 12
f 15 16 12
f 12 16 17
f 16 18 17
f 18 19 17
f 17 19 20
f 19 21 20
f 20 21 22
f 21 23 22
f 22 23 24
f 23 25 24
f 25 26 24
f 24 26 27
f 26 28 27
f 28 29 27
f 27 29 30
f 29 31 30
f 30 31 32
f 31 33 32
f 32 33 34
f 33 35 34
f 35 36 34
f 34 36 37
f 36 38 37
f 38 39 37
f 37 39 40
f 39 41 40
f 41 42 40
f 40 42 13
f 42 43 13
f 13 43 14
f 25 23 44
f 23 21 44
f 44 21 45
f 21 19 45
f 45 19 46
f 19 18 46
f 46 18 47
f 18 16 47
f 47 16 48
f 16 15 48
f 48 15 49
f 15 14 49
f 49 14 50
f 14 43 50
f 50 43 51
f 43 42 51
f 51 42 52
f 42 41 52
f 52 41 53
f 41 39 53
f 53 39 54
f 39 38 54
f 54 38 55
f 38 36 55
f 55 36 56
f 36 35 56
f 56 35 57
f 35 33 57
f 57 33 58
f 33 31 58
f 58 31 59
f 31 29 59
f 59 29 60
f 29 28 60
f 60 28 61
f 28 26 61
f 61 26 62
f 26 25 62
f 62 25 44
f 63 64 65
f 66 64 63
f 67 66 63
f 63 68 69
f 70 68 63
f 71 70 63
f 63 72 73
f 74 72 63
f 75 74 63
f 73 67 63
f 69 75 63
f 65 71 63
f 76 66 67
f 76 77 66
f 77 78 66
f 66 78 64
f 78 79 64
f 79 80 64
f 64 80 65
f 80 81 65
f 65 81 71
f 81 82 71
f 71 82 70
f 82 83 70
f 83 84 70
f 70 84 68
f 84 85 68
f 85 86 68
f 68 86 69
f 86 87 69
f 69 87 75
f 87 88 75
f 75 88 74
f 88 89 74
f 89 90 74
f 74 90 72
f 90 91 72
f 91 92 72
f 72 92 73
f 92 93 73
f 93 94 73
f 73 94 67
f 94 95 67
f 67 95 76
f 96 97 98
f 97 99 98
f 98 99 100
f 99 101 100
f 100 101 102
f 101 103 102
f 102 103 104
f 103 105 104
f 104 105 106
f 105 107 106
f 106 107 108
f 107 109 108
f 108 109 110
f 109 111 110
f 110 111 112
f 111 113 112
f 112 113 114
f 113 115 114
f 114 115 116
f 115 117 116
f 116 117 118
f 117 119 118
f 118 119 120
f 119 121 120
f 120 121 122
f 121 123 122
f 122 123 124
f 123 125 124
f 124 125 126
f 125 127 126
f 126 127 128
f 127 129 128
f 128 129 130
f 129 131 130
f 130 131 132
f 131 133 132
f 132 133 134
f 133 135 134
f 134 135 136
f 135 137 136
f 136 137 138
f 137 139 138
f 138 139 140
f 139 141 140
f 140 141 142
f 141 143 142
f 142 143 144
f 143 145 144
f 144 145 146
f 145 147 146
f 146 147 148
f 147 149 148
f 148 149 150
f 149 151 150
f 150 151 152
f 151 153 152
f 152 153 96
f 153 97 96
f 83 82 154
f 82 81 154
f 154 81 155
f 81 80 155
f 155 80 156
f 80 79 156
f 156 79 157
f 79 78 157
f 157 78 158
f 78 77 158
f 158 77 159
f 77 76 159
f 159 76 160
f 76 95 160
f 160 95 161
f 95 94 161
f 161 94 162
f 94 93 162
f 162 93 163
f 93 92 163
f 163 92 164
f 92 91 164
f 164 91 165
f 91 90 165
f 165 90 166
f 90 89 166
f 166 89 167
f 89 88 167
f 167 88 168
f 88 87 168
f 168 87 169
f 87 86 169
f 169 86 170
f 86 85 170
f 170 85 171
f 85 84 171
f 171 84 172
f 84 83 172
f 172 83 154
f 173 17 20
f 12 17 173
f 13 12 173
f 173 27 30
f 24 27 173
f 22 24 173
f 173 37 40
f 34 37 173
f 32 34 173
f 40 13 173
f 30 32 173
f 20 22 173
f 174 175 176
f 175 177 176
f 176 177 178
f 177 179 178
f 178 179 180
f 179 181 180
f 180 181 182
f 181 183 182
f 182 183 184
f 183 185 184
f 184 185 186
f 185 187 186
f 186 187 188
f 187 189 188
f 188 189 190
f 189 191 190
f 190 191 192
f 191 193 192
f 192 193 194
f 193 195 194
f 194 195 196
f 195 197 196
f 196 197 198
f 197 199 198
f 198 199 200
f 199 201 200
f 200 201 202
f 201 203 202
f 202 203 204
f 203 205 204
f 204 205 206
f 205 207 206
f 206 207 208
f 207 209 208
f 208 209 210
f 209 211 210
f 210 211 212
f 211 174 212
f 212 174 176
f 213 214 187
f 187 185 213
f 185 183 213
f 213 183 215
f 183 181 215
f 181 179 215
f 215 179 216
f 179 177 216
f 216 177 217
f 177 175 217
f 217 175 218
f 175 174 218
f 174 211 218
f 218 211 219
f 211 209 219
f 209 207 219
f 219 207 220
f 207 205 220
f 220 205 221
f 205 203 221
f 221 203 222
f 203 201 222
f 201 199 222
f 222 199 223
f 199 197 223
f 197 195 223
f 223 195 224
f 195 193 224
f 193 191 224
f 224 191 214
f 191 189 214
f 214 189 187
f 225 215 216
f 213 215 225
f 214 213 225
f 225 219 220
f 218 219 225
f 217 218 225
f 225 223 224
f 222 223 225
f 221 222 225
f 224 214 225
f 220 221 225
f 216 217 225
f 226 227 228
f 227 229 228
f 228 229 230
f 229 231 230
f 230 231 232
f 231 233 232
f 232 233 234
f 233 235 234
f 234 235 236
f 235 237 236
f 236 237 238
f 237 239 238
f 238 239 240
f 239 241 240
f 240 241 242
f 241 243 242
f 242 243 244
f 243 245 244
f 244 245 246
f 245 247 246
f 246 247 248
f 247 249 248
f 248 249 250
f 249 251 250
f 250 251 252
f 251 253 252
f 252 253 254
f 253 255 254
f 254 255 256
f 255 257 256
f 256 257 258
f 257 259 258
f 258 259 260
f 259 261 260
f 260 261 262
f 261 263 262
f 262 263 264
f 263 226 264
f 264 226 228
f 265 266 239
f 239 237 265
f 237 235 265
f 265 235 267
f 235 233 267
f 233 231 267
f 267 231 268
f 231 229 268
f 268 229 269
f 229 227 269
f 269 227 270
f 227 226 270
f 226 263 270
f 270 263 271
f 263 261 271
f 261 259 271
f 271 259 272
f 259 257 272
f 272 257 273
f 257 255 273
f 273 255 274
f 255 253 274
f 253 251 274
f 274 251 275
f 251 249 275
f 249 247 275
f 275 247 276
f 247 245 276
f 245 243 276
f 276 243 266
f 243 241 266
f 266 241 239
f 277 267 268
f 265 267 277
f 266 265 277
f 277 271 272
f 270 271 277
f 269 270 277
f 277 275 276
f 274 275 277
f 273 274 277
f 276 266 277
f 272 273 277
f 268 269 277
f 128 130 4
f 9 96 98
f 118 120 2
f 96 9 152
f 9 7 152
f 152 7 150
f 120 122 2
f 122 124 2
f 2 124 4
f 124 126 4
f 4 126 128
f 98 100 9
f 100 102 9
f 9 102 104
f 112 114 2
f 114 116 2
f 2 116 118
f 130 132 4
f 132 134 4
f 4 134 136
f 104 106 9
f 106 108 9
f 9 108 2
f 108 110 2
f 2 110 112
f 144 146 7
f 146 148 7
f 7 148 150
f 136 138 4
f 138 140 4
f 4 140 7
f 140 142 7
f 7 142 144
f 260 262 278
f 262 264 278
f 234 236 10
f 252 254 279
f 254 256 279
f 279 256 278
f 256 258 278
f 278 258 260
f 264 228 278
f 228 230 278
f 278 230 10
f 230 232 10
f 10 232 234
f 244 246 11
f 246 248 11
f 11 248 279
f 248 250 279
f 279 250 252
f 236 238 10
f 238 240 10
f 10 240 11
f 240 242 11
f 11 242 244
f 169 170 1
f 170 171 1
f 1 171 172
f 278 157 158
f 172 154 1
f 154 155 1
f 1 155 278
f 155 156 278
f 278 156 157
f 162 163 279
f 163 164 279
f 158 159 278
f 159 160 278
f 278 160 279
f 160 161 279
f 279 161 162
f 129 127 3
f 127 125 3
f 169 1 168
f 1 3 168
f 168 3 167
f 3 125 167
f 167 125 166
f 125 123 166
f 166 123 165
f 123 121 165
f 165 121 119
f 164 101 279
f 101 99 279
f 279 99 97
f 111 109 164
f 109 107 164
f 97 153 279
f 153 151 279
f 279 151 149
f 107 105 164
f 105 103 164
f 164 103 101
f 135 133 3
f 133 131 3
f 3 131 129
f 119 117 165
f 117 115 165
f 165 115 164
f 115 113 164
f 164 113 111
f 149 147 279
f 147 145 279
f 279 145 143
f 143 141 279
f 141 139 279
f 279 139 3
f 139 137 3
f 3 137 135
f 279 61 62
f 6 59 279
f 59 60 279
f 279 60 61
f 56 57 6
f 57 58 6
f 6 58 59
f 62 44 279
f 44 45 279
f 279 45 11
f 45 46 11
f 11 46 47
f 51 52 8
f 47 48 11
f 48 49 11
f 11 49 8
f 49 50 8
f 8 50 51
f 52 53 8
f 53 54 8
f 8 54 6
f 54 55 6
f 6 55 56
f 3 210 212
f 202 204 5
f 204 206 5
f 5 206 3
f 206 208 3
f 3 208 210
f 212 176 3
f 176 178 3
f 3 178 279
f 178 180 279
f 279 180 182
f 190 192 6
f 192 194 6
f 182 184 279
f 184 186 279
f 279 186 6
f 186 188 6
f 6 188 190
f 194 196 6
f 196 198 6
f 6 198 5
f 198 200 5
f 5 200 202
f 2 1 9
f 1 278 9
f 9 278 10
f 280 281 282
f 281 283 282
f 282 283 284
f 285 286 287
f 286 288 287
f 287 288 289
f 288 290 289
f 291 292 293
f 293 294 291
f 294 295 291
f 291 295 296
f 295 297 296
f 298 299 300
f 299 295 300
f 300 295 301
f 295 294 301
f 288 302 290
f 302 297 290
f 290 297 284
f 297 295 284
f 284 295 282
f 303 292 304
f 292 291 304
f 305 306 307
f 305 307 308
f 307 309 308
f 308 309 310
f 309 303 310
f 310 303 304
f 311 312 313
f 312 314 313
f 313 314 306
f 314 307 306
f 315 316 317
f 316 295 317
f 317 295 299
f 318 319 281
f 319 283 281
f 320 321 282
f 321 280 282
f 321 318 280
f 318 281 280
f 322 323 289
f 323 287 289
f 290 324 289
f 324 322 289
f 287 323 285
f 323 325 285
f 286 326 288
f 326 327 288
f 299 298 317
f 284 328 290
f 328 324 290
f 325 326 285
f 326 286 285
f 311 329 312
f 329 330 312
f 308 310 331
f 331 310 332
f 310 304 332
f 332 304 333
f 304 291 333
f 333 291 334
f 291 296 334
f 296 297 334
f 334 297 335
f 297 302 335
f 335 302 336
f 302 288 336
f 336 288 327
f 331 337 308
f 337 338 308
f 308 338 305
f 338 339 305
f 305 339 306
f 339 313 306
f 339 340 313
f 340 329 313
f 313 329 311
f 312 330 341
f 317 298 315
f 298 300 315
f 315 300 342
f 300 301 342
f 342 301 343
f 301 294 343
f 343 294 344
f 294 293 344
f 344 293 345
f 345 293 346
f 293 292 346
f 346 292 347
f 292 303 347
f 347 303 348
f 303 309 348
f 348 309 349
f 309 307 349
f 349 307 341
f 307 314 341
f 341 314 312
f 327 326 325
f 316 315 342
f 342 343 316
f 343 334 316
f 316 334 335
f 324 336 322
f 336 327 322
f 322 327 323
f 327 325 323
f 346 333 345
f 333 334 345
f 345 334 344
f 334 343 344
f 318 321 319
f 321 320 319
f 319 320 328
f 320 316 328
f 328 316 324
f 316 335 324
f 324 335 336
f 338 349 339
f 349 341 339
f 339 341 340
f 341 330 340
f 340 330 329
f 347 332 346
f 332 333 346
f 332 347 331
f 347 348 331
f 331 348 337
f 348 349 337
f 337 349 338
f 283 319 284
f 319 328 284
f 295 316 282
f 316 320 282
f 350 351 352
f 351 353 352
f 352 353 354
f 353 355 354
f 354 355 356
f 355 357 356
f 356 357 358
f 357 359 358
f 358 359 360
f 359 361 360
f 360 361 362
f 361 363 362
f 362 363 364
f 363 365 364
f 364 365 366
f 365 367 366
f 366 367 368
f 367 369 368
f 368 369 370
f 369 371 370
f 370 371 372
f 371 373 372
f 372 373 374
f 373 375 374
f 374 375 376
f 375 377 376
f 376 377 378
f 377 379 378
f 378 379 380
f 379 381 380
f 380 381 382
f 381 383 382
f 382 383 384
f 383 385 384
f 384 385 386
f 385 387 386
f 386 387 388
f 387 389 388
f 388 389 390
f 389 391 390
f 390 391 392
f 391 393 392
f 392 393 394
f 393 395 394
f 394 395 396
f 395 397 396
f 396 397 398
f 397 399 398
f 398 399 400
f 399 401 400
f 400 401 402
f 401 403 402
f 402 403 404
f 403 405 404
f 404 405 406
f 405 407 406
f 406 407 408
f 407 409 408
f 408 409 350
f 409 351 350
f 410 411 412
f 411 413 412
f 412 413 414
f 413 415 414
f 414 415 416
f 415 417 416
f 416 417 418
f 417 419 418
f 418 419 420
f 419 421 420
f 420 421 422
f 421 423 422
f 422 423 424
f 423 425 424
f 424 425 426
f 425 427 426
f 426 427 428
f 427 429 428
f 428 429 430
f 429 431 430
f 430 431 432
f 431 433 432
f 432 433 434
f 433 435 434
f 434 435 436
f 435 437 436
f 436 437 438
f 437 439 438
f 438 439 440
f 439 441 440
f 440 441 442
f 441 443 442
f 442 443 444
f 443 445 444
f 444 445 446
f 445 447 446
f 446 447 448
f 447 449 448
f 448 449 450
f 449 451 450
f 450 451 452
f 451 453 452
f 452 453 454
f 453 455 454
f 454 455 456
f 455 457 456
f 456 457 458
f 457 459 458
f 458 459 460
f 459 461 460
f 460 461 462
f 461 463 462
f 462 463 464
f 463 465 464
f 464 465 466
f 465 467 466
f 466 467 468
f 467 469 468
f 468 469 410
f 469 411 410
f 370 440 368
f 440 442 368
f 368 442 366
f 442 444 366
f 366 444 364
f 444 446 364
f 364 446 362
f 446 448 362
f 362 448 360
f 448 450 360
f 360 450 358
f 450 452 358
f 358 452 356
f 452 454 356
f 356 454 354
f 454 456 354
f 354 456 352
f 456 458 352
f 352 458 350
f 458 460 350
f 350 460 408
f 460 462 408
f 408 462 406
f 462 464 406
f 406 464 404
f 464 466 404
f 404 466 402
f 466 468 402
f 402 468 400
f 468 410 400
f 400 410 398
f 410 412 398
f 398 412 396
f 412 414 396
f 396 414 394
f 414 416 394
f 394 416 392
f 416 418 392
f 392 418 390
f 418 420 390
f 390 420 388
f 420 422 388
f 388 422 386
f 422 424 386
f 386 424 384
f 424 426 384
f 384 426 382
f 426 428 382
f 382 428 380
f 428 430 380
f 380 430 378
f 430 432 378
f 378 432 376
f 432 434 376
f 376 434 374
f 434 436 374
f 374 436 372
f 436 438 372
f 372 438 370
f 438 440 370
f 403 401 411
f 411 401 413
f 401 399 413
f 399 397 413
f 413 397 415
f 397 395 415
f 415 395 417
f 395 393 417
f 417 393 419
f 393 391 419
f 419 391 421
f 391 389 421
f 421 389 423
f 389 387 423
f 423 387 425
f 387 385 425
f 425 385 427
f 385 383 427
f 427 383 429
f 383 381 429
f 429 381 431
f 381 379 431
f 431 379 433
f 379 377 433
f 433 377 435
f 377 375 435
f 435 375 437
f 375 373 437
f 437 373 439
f 373 371 439
f 439 371 441
f 371 369 441
f 441 369 443
f 369 367 443
f 443 367 445
f 367 365 445
f 445 365 447
f 365 363 447
f 447 363 449
f 363 361 449
f 449 361 451
f 361 359 451
f 451 359 453
f 359 357 453
f 453 357 455
f 357 355 455
f 455 355 457
f 355 353 457
f 457 353 459
f 353 351 459
f 459 351 461
f 351 409 461
f 461 409 463
f 409 407 463
f 463 407 465
f 407 405 465
f 465 405 467
f 405 403 467
f 467 403 469
f 403 411 469
f 470 471 472
f 470 472 473
f 474 475 472
f 475 476 472
f 472 476 473
f 477 478 472
f 478 479 472
f 472 479 474
f 480 481 472
f 481 482 472
f 472 482 477
f 483 484 472
f 484 485 472
f 472 485 480
f 471 486 472
f 486 487 472
f 472 487 483
f 488 489 490
f 489 491 490
f 492 493 494
f 493 489 494
f 494 489 495
f 489 488 495
f 496 497 498
f 492 499 493
f 499 496 493
f 493 496 500
f 496 498 500
f 497 501 498
f 501 502 498
f 498 502 503
f 502 504 503
f 503 504 505
f 504 506 505
f 506 507 505
f 505 507 508
f 507 509 508
f 508 509 510
f 509 511 510
f 510 511 512
f 512 513 510
f 513 514 510
f 510 514 515
f 514 516 515
f 516 517 515
f 515 517 518
f 517 519 518
f 518 519 520
f 519 521 520
f 520 521 522
f 522 523 520
f 523 524 520
f 520 524 525
f 524 526 525
f 526 527 525
f 525 527 528
f 520 525 528
f 528 529 520
f 529 530 520
f 520 530 518
f 530 531 518
f 531 532 518
f 532 533 518
f 518 533 515
f 533 534 515
f 515 534 535
f 535 536 515
f 536 537 515
f 515 537 510
f 537 538 510
f 538 539 510
f 539 540 510
f 510 540 508
f 540 541 508
f 508 541 505
f 541 542 505
f 542 543 505
f 505 543 503
f 543 544 503
f 503 544 498
f 544 545 498
f 545 546 498
f 546 547 498
f 498 547 500
f 547 548 500
f 500 548 493
f 549 489 550
f 489 493 550
f 550 493 551
f 493 548 551
f 552 553 491
f 553 554 491
f 553 555 554
f 555 556 554
f 554 556 557
f 556 558 557
f 557 558 559
f 558 560 559
f 560 561 559
f 559 561 562
f 561 563 562
f 562 563 564
f 565 566 567
f 563 568 564
f 568 565 564
f 564 565 569
f 565 567 569
f 566 570 567
f 570 571 567
f 567 571 572
f 573 574 575
f 574 572 575
f 575 572 576
f 572 571 576
f 573 577 574
f 577 578 574
f 574 578 579
f 578 580 579
f 580 581 579
f 579 581 582
f 581 583 582
f 583 584 582
f 582 584 585
f 579 582 585
f 586 574 587
f 574 579 587
f 587 579 588
f 579 585 588
f 586 589 574
f 589 590 574
f 574 590 572
f 590 591 572
f 591 592 572
f 572 592 567
f 592 593 567
f 567 593 594
f 594 595 567
f 595 596 567
f 567 596 569
f 596 597 569
f 569 597 564
f 597 598 564
f 598 599 564
f 564 599 562
f 599 600 562
f 562 600 559
f 600 601 559
f 559 601 557
f 601 602 557
f 557 602 554
f 602 603 554
f 554 603 491
f 604 490 605
f 490 491 605
f 605 491 606
f 491 603 606
f 607 491 608
f 491 489 608
f 609 610 611
f 609 611 612
f 491 613 614
f 615 616 489
f 617 618 619
f 620 621 622
f 614 623 491
f 623 624 491
f 491 624 625
f 613 491 626
f 491 607 626
f 626 607 627
f 612 611 628
f 611 629 628
f 628 629 630
f 552 631 632
f 619 618 607
f 618 633 607
f 607 633 627
f 552 634 549
f 634 635 549
f 635 636 549
f 636 637 549
f 549 637 638
f 638 639 549
f 639 640 549
f 549 640 489
f 640 641 489
f 489 641 615
f 642 491 643
f 491 625 643
f 643 625 629
f 625 644 629
f 629 644 630
f 642 645 491
f 645 646 491
f 491 646 552
f 646 647 552
f 552 647 631
f 648 634 649
f 634 552 649
f 649 552 650
f 552 632 650
f 651 652 616
f 652 653 616
f 616 653 489
f 653 654 489
f 489 654 655
f 655 656 489
f 656 657 489
f 489 657 608
f 658 659 660
f 659 661 660
f 660 661 662
f 661 663 662
f 662 663 648
f 663 664 648
f 648 664 634
f 610 617 611
f 617 619 611
f 611 619 665
f 619 666 665
f 665 666 667
f 666 621 667
f 667 621 660
f 621 620 660
f 660 620 658
f 622 668 620
f 668 669 620
f 620 669 616
f 669 670 616
f 616 670 651
f 477 482 671
f 671 672 477
f 672 673 477
f 477 673 478
f 673 674 478
f 674 675 478
f 478 675 479
f 675 676 479
f 676 677 479
f 479 677 474
f 677 678 474
f 678 679 474
f 474 679 475
f 679 680 475
f 475 680 476
f 680 681 476
f 681 682 476
f 476 682 473
f 682 683 473
f 683 684 473
f 473 684 470
f 684 685 470
f 470 685 471
f 685 686 471
f 686 687 471
f 471 687 486
f 687 688 486
f 688 689 486
f 486 689 487
f 689 690 487
f 487 690 483
f 690 691 483
f 691 692 483
f 483 692 484
f 692 693 484
f 693 694 484
f 484 694 485
f 694 695 485
f 695 696 485
f 485 696 480
f 696 697 480
f 697 698 480
f 480 698 481
f 698 699 481
f 481 699 482
f 699 700 482
f 482 700 671
f 488 490 701
f 490 702 701
f 701 702 703
f 702 704 703
f 705 706 707
f 708 524 523
f 709 710 711
f 712 713 714
f 712 714 715
f 716 710 717
f 710 709 717
f 717 709 718
f 719 720 711
f 716 715 710
f 715 714 710
f 710 714 711
f 714 721 711
f 711 721 719
f 722 723 724
f 723 725 724
f 724 725 726
f 727 728 729
f 728 730 729
f 729 730 731
f 730 732 731
f 731 732 733
f 732 734 733
f 733 734 722
f 734 735 722
f 722 735 723
f 736 511 737
f 511 509 737
f 737 509 507
f 729 496 499
f 499 738 729
f 738 739 729
f 729 739 727
f 496 729 497
f 729 731 497
f 497 731 501
f 501 731 502
f 731 733 502
f 502 733 504
f 720 719 726
f 719 740 726
f 726 740 724
f 740 741 724
f 724 741 722
f 741 742 722
f 722 742 733
f 742 506 733
f 733 506 504
f 708 523 743
f 744 745 746
f 745 743 746
f 743 523 746
f 746 523 747
f 523 522 747
f 747 522 521
f 519 748 749
f 521 519 747
f 519 749 747
f 747 749 746
f 749 750 746
f 746 750 744
f 750 751 744
f 705 707 752
f 748 753 749
f 753 707 749
f 749 707 750
f 707 706 750
f 750 706 751
f 519 517 748
f 517 754 748
f 748 754 753
f 754 755 753
f 753 755 707
f 755 756 707
f 707 756 752
f 756 757 752
f 517 516 754
f 516 514 754
f 754 514 758
f 514 513 758
f 758 513 736
f 513 512 736
f 736 512 511
f 703 759 701
f 759 760 701
f 701 760 738
f 760 761 738
f 738 761 739
f 725 762 726
f 762 763 726
f 726 763 720
f 763 764 720
f 720 764 711
f 764 765 711
f 711 765 709
f 765 766 709
f 709 766 718
f 499 492 738
f 492 494 738
f 738 494 701
f 494 495 701
f 701 495 488
f 507 506 737
f 506 742 737
f 737 742 736
f 742 741 736
f 736 741 758
f 741 740 758
f 758 740 754
f 740 719 754
f 754 719 755
f 719 721 755
f 755 721 756
f 721 714 756
f 756 714 757
f 714 713 757
f 767 768 769
f 770 526 524
f 717 768 716
f 768 767 716
f 716 767 715
f 712 771 713
f 771 772 713
f 713 772 757
f 757 772 752
f 772 773 752
f 752 773 705
f 774 775 706
f 776 744 775
f 744 751 775
f 775 751 706
f 524 708 770
f 708 743 770
f 770 743 776
f 743 745 776
f 776 745 744
f 777 769 778
f 769 768 778
f 778 768 779
f 768 717 779
f 779 717 718
f 780 781 771
f 771 781 772
f 781 782 772
f 772 782 773
f 527 526 783
f 526 770 783
f 783 770 784
f 770 776 784
f 784 776 785
f 776 775 785
f 785 775 786
f 775 774 786
f 786 774 787
f 712 715 771
f 715 767 771
f 771 767 780
f 767 769 780
f 780 769 788
f 769 777 788
f 788 777 789
f 788 790 780
f 790 791 780
f 780 791 781
f 791 792 781
f 781 792 782
f 792 793 782
f 793 794 782
f 794 787 782
f 782 787 773
f 787 774 773
f 773 774 705
f 774 706 705
f 528 527 795
f 527 783 795
f 795 783 796
f 783 784 796
f 796 784 797
f 784 785 797
f 797 785 798
f 785 786 798
f 798 786 799
f 786 787 799
f 799 787 800
f 787 794 800
f 797 798 801
f 802 803 804
f 788 789 805
f 806 807 808
f 809 810 806
f 809 806 811
f 806 808 811
f 811 808 812
f 808 813 812
f 812 813 814
f 814 813 815
f 813 816 815
f 815 816 817
f 790 788 818
f 788 805 818
f 818 805 819
f 805 820 819
f 819 820 821
f 822 823 816
f 823 822 824
f 822 825 824
f 825 826 824
f 824 826 827
f 826 828 827
f 828 829 827
f 827 829 830
f 829 831 830
f 800 794 832
f 794 793 832
f 832 793 833
f 830 834 827
f 834 835 827
f 827 835 824
f 835 836 824
f 824 836 823
f 836 837 823
f 823 837 816
f 837 838 816
f 816 838 817
f 791 790 834
f 790 818 834
f 834 818 835
f 818 819 835
f 835 819 836
f 819 821 836
f 836 821 837
f 821 839 837
f 837 839 838
f 831 833 830
f 833 793 830
f 830 793 834
f 793 792 834
f 834 792 791
f 840 841 535
f 535 534 840
f 534 533 840
f 840 533 842
f 533 532 842
f 842 532 843
f 532 531 843
f 843 531 844
f 528 795 529
f 795 844 529
f 529 844 530
f 844 531 530
f 795 796 844
f 796 845 844
f 844 845 843
f 845 846 843
f 843 846 842
f 846 847 842
f 842 847 840
f 847 848 840
f 840 848 841
f 848 849 841
f 841 849 850
f 849 851 850
f 850 851 852
f 801 832 853
f 832 833 853
f 853 833 854
f 833 831 854
f 854 831 855
f 831 829 855
f 855 829 856
f 829 828 856
f 856 828 857
f 828 826 857
f 857 826 858
f 826 825 858
f 858 825 859
f 825 822 859
f 859 822 860
f 822 816 860
f 860 816 861
f 816 813 861
f 861 813 804
f 813 808 804
f 804 808 802
f 808 807 802
f 862 549 550
f 862 550 863
f 550 864 863
f 863 864 865
f 544 866 545
f 866 867 545
f 545 867 546
f 550 551 864
f 551 548 864
f 864 548 867
f 548 547 867
f 867 547 546
f 544 543 866
f 543 542 866
f 866 542 868
f 542 541 868
f 541 540 868
f 540 539 868
f 868 539 852
f 539 538 852
f 852 538 850
f 538 537 850
f 850 537 841
f 537 536 841
f 841 536 535
f 801 798 832
f 798 799 832
f 832 799 800
f 796 797 845
f 797 801 845
f 845 801 846
f 801 853 846
f 846 853 847
f 853 854 847
f 847 854 848
f 854 855 848
f 848 855 849
f 855 856 849
f 849 856 851
f 856 857 851
f 851 857 852
f 857 858 852
f 852 858 868
f 858 859 868
f 868 859 866
f 859 860 866
f 866 860 867
f 860 861 867
f 867 861 864
f 861 804 864
f 864 804 865
f 804 803 865
f 869 870 810
f 870 806 810
f 806 870 807
f 870 871 807
f 807 871 802
f 871 872 802
f 872 873 802
f 802 873 803
f 873 874 803
f 803 874 865
f 865 874 863
f 874 875 863
f 863 875 862
f 875 876 862
f 876 552 862
f 862 552 549
f 877 878 879
f 880 881 882
f 565 568 880
f 883 884 885
f 884 886 885
f 885 886 887
f 888 889 890
f 889 891 890
f 890 891 883
f 891 892 883
f 883 892 884
f 893 894 895
f 894 896 895
f 895 896 897
f 898 899 893
f 899 900 893
f 893 900 894
f 901 871 870
f 902 903 904
f 903 885 904
f 904 885 905
f 885 887 905
f 906 907 908
f 907 909 908
f 908 909 910
f 911 912 913
f 912 914 913
f 913 914 915
f 896 888 897
f 888 890 897
f 897 890 916
f 890 883 916
f 916 917 906
f 917 918 906
f 906 918 907
f 916 906 897
f 906 908 897
f 897 908 895
f 908 910 895
f 895 910 893
f 919 873 901
f 873 872 901
f 901 872 871
f 565 880 566
f 558 556 881
f 568 563 880
f 563 561 880
f 880 561 881
f 561 560 881
f 881 560 558
f 556 920 881
f 920 919 881
f 881 919 882
f 919 901 882
f 556 555 920
f 555 553 920
f 920 553 552
f 921 581 580
f 922 923 921
f 924 925 922
f 925 926 922
f 922 926 923
f 921 580 922
f 580 578 922
f 922 578 577
f 577 573 879
f 573 927 879
f 879 927 877
f 927 928 877
f 929 930 931
f 930 932 931
f 931 932 933
f 932 934 933
f 902 935 930
f 935 936 930
f 930 936 932
f 936 937 932
f 932 937 934
f 937 938 934
f 934 938 924
f 938 939 924
f 924 939 925
f 566 880 940
f 880 941 940
f 940 941 928
f 941 942 928
f 928 942 877
f 942 943 877
f 877 943 878
f 942 915 943
f 915 914 943
f 943 914 944
f 914 912 944
f 944 912 945
f 912 911 945
f 945 911 946
f 577 879 922
f 879 878 922
f 922 878 924
f 878 943 924
f 924 943 934
f 943 944 934
f 934 944 933
f 944 945 933
f 933 945 931
f 945 946 931
f 931 946 929
f 575 576 947
f 576 571 947
f 573 575 927
f 575 947 927
f 927 947 928
f 947 571 928
f 928 571 940
f 571 570 940
f 940 570 566
f 552 876 920
f 876 875 920
f 920 875 919
f 875 874 919
f 919 874 873
f 902 930 903
f 930 929 903
f 903 929 885
f 929 946 885
f 885 946 883
f 946 911 883
f 883 911 916
f 911 913 916
f 916 913 917
f 913 915 917
f 917 915 918
f 915 942 918
f 918 942 907
f 942 941 907
f 907 941 909
f 941 880 909
f 909 880 910
f 880 882 910
f 910 882 893
f 882 901 893
f 893 901 898
f 901 870 898
f 898 870 869
f 948 949 950
f 951 952 953
f 954 955 956
f 957 958 959
f 905 887 960
f 887 886 960
f 905 960 904
f 960 961 904
f 904 961 902
f 961 962 902
f 902 962 935
f 962 963 935
f 935 963 936
f 925 939 964
f 939 938 964
f 964 938 965
f 938 937 965
f 965 937 966
f 923 926 967
f 926 925 967
f 968 921 923
f 921 968 581
f 886 957 960
f 957 959 960
f 960 959 961
f 959 969 961
f 961 969 962
f 969 970 962
f 962 970 963
f 971 964 972
f 964 965 972
f 972 965 973
f 965 966 973
f 973 966 974
f 958 954 959
f 954 956 959
f 959 956 969
f 956 975 969
f 969 975 970
f 975 976 970
f 976 977 970
f 977 974 970
f 970 974 963
f 974 966 963
f 963 966 936
f 966 937 936
f 977 978 974
f 978 979 974
f 974 979 973
f 979 980 973
f 973 980 972
f 980 981 972
f 972 981 971
f 981 982 971
f 971 982 983
f 925 964 967
f 964 971 967
f 967 971 953
f 971 983 953
f 953 983 951
f 923 967 968
f 967 953 968
f 968 953 950
f 953 952 950
f 950 952 948
f 581 968 583
f 968 950 583
f 583 950 584
f 950 949 584
f 584 949 585
f 981 980 984
f 956 955 985
f 952 951 986
f 983 982 987
f 949 948 988
f 989 990 991
f 991 992 702
f 992 993 702
f 702 993 704
f 990 989 994
f 995 996 997
f 996 998 997
f 999 1000 997
f 1000 1001 997
f 997 1001 995
f 1002 1003 1004
f 1002 1005 985
f 1002 1004 1005
f 1004 1006 1005
f 1005 1006 984
f 1007 1008 1009
f 1010 1011 1012
f 1011 1013 1012
f 1012 1013 1009
f 1013 1014 1009
f 1009 1014 1007
f 1015 1016 593
f 593 592 1015
f 592 591 1015
f 1015 591 1017
f 591 590 1017
f 1017 590 589
f 585 949 588
f 949 988 588
f 588 988 587
f 988 1018 587
f 587 1018 586
f 1018 589 586
f 948 952 988
f 952 986 988
f 988 986 1018
f 986 1019 1018
f 1018 1019 589
f 1019 1020 589
f 589 1020 1017
f 702 490 604
f 991 702 989
f 702 604 989
f 989 604 605
f 605 606 989
f 606 998 989
f 989 998 994
f 998 996 994
f 1021 597 596
f 1021 596 1022
f 596 595 1022
f 1022 595 1016
f 595 594 1016
f 1016 594 593
f 597 1021 598
f 1021 999 598
f 598 999 599
f 606 603 998
f 603 602 998
f 998 602 997
f 602 601 997
f 997 601 999
f 601 600 999
f 999 600 599
f 956 985 975
f 980 979 984
f 979 978 984
f 984 978 1005
f 978 977 1005
f 1005 977 985
f 977 976 985
f 985 976 975
f 1008 1023 1009
f 1023 1024 1009
f 1009 1024 1012
f 1024 1025 1012
f 1012 1025 1010
f 1025 1026 1010
f 982 981 987
f 981 984 987
f 987 984 1027
f 984 1006 1027
f 1027 1006 1028
f 1006 1004 1028
f 1028 1004 1029
f 1004 1003 1029
f 1029 1003 1007
f 1003 1002 1007
f 1007 1002 1008
f 1002 985 1008
f 1008 985 1023
f 985 955 1023
f 951 983 986
f 983 987 986
f 986 987 1019
f 987 1027 1019
f 1019 1027 1020
f 1027 1028 1020
f 1020 1028 1017
f 1028 1029 1017
f 1017 1029 1015
f 1029 1007 1015
f 1015 1007 1016
f 1007 1014 1016
f 1016 1014 1022
f 1014 1013 1022
f 1022 1013 1021
f 1013 1011 1021
f 1021 1011 999
f 1011 1010 999
f 999 1010 1000
f 1010 1026 1000
f 1030 1031 1032
f 1031 1033 1032
f 1032 1033 1034
f 1033 1035 1034
f 1035 1036 1034
f 1034 1036 1037
f 1036 1038 1037
f 1037 1038 1039
f 1040 1041 1042
f 1040 1042 1043
f 1042 1044 1043
f 1043 1044 1045
f 1044 1046 1045
f 1045 1046 1047
f 1046 1048 1047
f 1047 1048 1049
f 1048 1050 1049
f 1049 1050 1051
f 1050 1052 1051
f 1051 1052 1053
f 1052 1054 1053
f 1053 1054 1055
f 1054 1056 1055
f 1055 1056 1057
f 612 1058 609
f 1058 1059 609
f 609 1059 610
f 1059 1060 610
f 610 1060 617
f 1060 1061 617
f 617 1061 618
f 1061 1062 618
f 618 1062 633
f 1062 1063 633
f 633 1063 627
f 1063 1064 627
f 627 1064 626
f 1064 1065 626
f 626 1065 613
f 1065 1066 613
f 613 1066 614
f 1066 1067 614
f 614 1067 623
f 1067 1068 623
f 623 1068 624
f 1068 1069 624
f 624 1069 625
f 1069 1070 625
f 625 1070 644
f 1070 1071 644
f 644 1071 630
f 1071 1072 630
f 630 1072 628
f 1072 1073 628
f 628 1073 612
f 1073 1058 612
f 650 1074 649
f 1074 1075 649
f 649 1075 648
f 1075 1076 648
f 648 1076 662
f 1076 1077 662
f 662 1077 660
f 1077 1078 660
f 660 1078 667
f 1078 1079 667
f 667 1079 665
f 1079 1080 665
f 665 1080 611
f 1080 1081 611
f 611 1081 629
f 1081 1082 629
f 629 1082 643
f 1082 1083 643
f 643 1083 642
f 1083 1084 642
f 642 1084 645
f 1084 1085 645
f 645 1085 646
f 1085 1086 646
f 646 1086 647
f 1086 1087 647
f 647 1087 631
f 1087 1088 631
f 631 1088 632
f 1088 1089 632
f 632 1089 650
f 1089 1074 650
f 1090 1091 1092
f 1093 1094 1095
f 1095 1096 1093
f 1096 1097 1093
f 1093 1097 1098
f 1098 1097 1099
f 1097 1100 1099
f 1099 1100 1101
f 1100 1102 1101
f 1102 1103 1101
f 1101 1103 1104
f 1104 1103 1105
f 1103 1106 1105
f 1105 1106 1107
f 1106 1108 1107
f 1107 1108 1109
f 1108 1110 1109
f 1109 1110 1111
f 1110 1112 1111
f 1112 1113 1111
f 1111 1113 1114
f 1113 1115 1114
f 1114 1115 1116
f 1115 1117 1116
f 1116 1117 1118
f 1117 1092 1118
f 1118 1092 1119
f 1092 1091 1119
f 1120 1121 1122
f 1120 1123 1124
f 1124 1125 1120
f 1125 1126 1120
f 1120 1126 1121
f 1127 1128 1120
f 1128 1129 1120
f 1120 1129 1123
f 1092 1130 1090
f 1130 1131 1090
f 1090 1131 1132
f 1131 1133 1132
f 1132 1133 1134
f 1133 1135 1134
f 1134 1135 1122
f 1135 1136 1122
f 1122 1136 1120
f 1136 1137 1120
f 1120 1137 1127
f 1138 1139 1140
f 1141 1142 1138
f 1142 1143 1138
f 1138 1143 1139
f 1144 1145 1146
f 1145 1147 1146
f 1146 1147 1140
f 1147 1148 1140
f 1140 1148 1138
f 1146 1149 1144
f 1149 1150 1144
f 1144 1150 1151
f 1150 1152 1151
f 1151 1152 1153
f 1152 1154 1153
f 1153 1154 1155
f 1154 1156 1155
f 1155 1156 1157
f 1156 1158 1157
f 1156 1159 1158
f 1159 1160 1158
f 1158 1160 1161
f 1160 1162 1161
f 1161 1162 1163
f 1164 1165 1166
f 1165 1163 1166
f 1166 1163 1167
f 1163 1162 1167
f 1168 1169 1164
f 1169 1170 1164
f 1164 1170 1165
f 1171 1172 1173
f 1172 1168 1173
f 1173 1168 1174
f 1168 1164 1174
f 1171 1175 1176
f 1176 1177 1171
f 1177 1178 1171
f 1171 1178 1179
f 1179 1180 1171
f 1180 1181 1171
f 1171 1181 1182
f 1182 1183 1171
f 1183 1184 1171
f 1171 1184 1172
f 1185 1186 1187
f 1188 1189 1190
f 1189 1191 1190
f 1190 1191 1175
f 1178 1177 1191
f 1177 1176 1191
f 1191 1176 1175
f 1192 1181 1180
f 1187 1183 1182
f 1183 1187 1184
f 1187 1186 1184
f 1184 1186 1172
f 1193 1194 1195
f 1194 1196 1195
f 1195 1196 1197
f 1196 1037 1197
f 1197 1037 1039
f 1030 1032 1198
f 1032 1199 1198
f 1200 1201 1199
f 1201 1202 1199
f 1199 1202 1198
f 1203 1204 1200
f 1204 1205 1200
f 1200 1205 1201
f 1203 1200 1206
f 1200 1207 1206
f 1206 1207 1208
f 1207 1209 1208
f 1208 1209 1210
f 1188 1211 1189
f 1211 1212 1189
f 1189 1212 1209
f 1212 1213 1209
f 1209 1213 1210
f 1032 1034 1199
f 1034 1214 1199
f 1199 1214 1200
f 1214 1215 1200
f 1200 1215 1207
f 1215 1216 1207
f 1207 1216 1209
f 1216 1217 1209
f 1209 1217 1189
f 1218 1219 1220
f 1221 1185 1222
f 1185 1187 1222
f 1222 1187 1192
f 1187 1182 1192
f 1192 1182 1181
f 1193 1223 1194
f 1223 1221 1194
f 1194 1221 1224
f 1221 1222 1224
f 1224 1222 1218
f 1222 1192 1218
f 1218 1192 1219
f 1192 1180 1219
f 1219 1180 1220
f 1180 1179 1220
f 1220 1179 1225
f 1034 1037 1214
f 1037 1196 1214
f 1214 1196 1215
f 1196 1194 1215
f 1215 1194 1216
f 1194 1224 1216
f 1216 1224 1217
f 1224 1218 1217
f 1217 1218 1189
f 1218 1220 1189
f 1189 1220 1191
f 1220 1225 1191
f 1191 1225 1178
f 1225 1179 1178
f 1205 1204 1044
f 1211 1188 1048
f 1226 1056 1227
f 1056 1054 1227
f 1228 1229 1052
f 1229 1230 1052
f 1052 1230 1054
f 1230 1231 1054
f 1054 1231 1227
f 1228 1052 1232
f 1052 1050 1232
f 1232 1050 1233
f 1188 1190 1048
f 1190 1234 1048
f 1048 1234 1050
f 1234 1235 1050
f 1050 1235 1233
f 1044 1204 1046
f 1204 1203 1046
f 1203 1206 1046
f 1046 1206 1208
f 1208 1210 1046
f 1210 1213 1046
f 1046 1213 1048
f 1213 1212 1048
f 1048 1212 1211
f 1042 1041 1030
f 1030 1198 1042
f 1198 1202 1042
f 1042 1202 1044
f 1202 1201 1044
f 1044 1201 1205
f 1056 1226 299
f 1226 298 299
f 1094 311 1095
f 311 312 1095
f 1095 312 1141
f 312 1142 1141
f 314 1139 312
f 1139 1143 312
f 312 1143 1142
f 307 309 1150
f 1150 1149 307
f 1149 1146 307
f 307 1146 314
f 1146 1140 314
f 314 1140 1139
f 1159 1156 1236
f 1156 1154 1236
f 1236 1154 309
f 1154 1152 309
f 309 1152 1150
f 294 1166 1167
f 1236 292 1159
f 292 293 1159
f 1159 293 1160
f 293 294 1160
f 1160 294 1162
f 294 1167 1162
f 1166 294 1164
f 294 301 1164
f 1164 301 1174
f 1190 1175 1171
f 1234 1190 300
f 1190 1171 300
f 300 1171 301
f 1171 1173 301
f 301 1173 1174
f 300 298 1226
f 1228 1232 1237
f 1232 1233 1237
f 1237 1233 300
f 1233 1235 300
f 300 1235 1234
f 1231 1230 1237
f 1230 1229 1237
f 1237 1229 1228
f 300 1226 1237
f 1226 1227 1237
f 1237 1227 1231
f 1093 1098 306
f 1098 1099 306
f 306 1099 305
f 1099 1101 305
f 305 1101 308
f 1101 1104 308
f 308 1104 310
f 1104 1105 310
f 1105 1107 310
f 310 1107 1238
f 1107 1109 1238
f 1238 1109 291
f 1109 1111 291
f 291 1111 296
f 1111 1114 296
f 296 1114 297
f 1114 1116 297
f 1116 1118 297
f 1118 1119 297
f 297 1119 302
f 1119 1091 302
f 1091 1090 302
f 302 1090 1132
f 1132 1134 302
f 1134 1122 302
f 302 1122 1121
f 1121 1239 302
f 1239 1240 302
f 302 1240 1241
f 1241 1242 302
f 1242 1243 302
f 302 1243 1244
f 1244 1245 302
f 1245 1246 302
f 302 1246 288
f 306 313 1093
f 313 311 1093
f 1093 311 1094
f 1247 1248 1249
f 1249 1248 1250
f 1248 1251 1250
f 1251 1252 1250
f 1250 1252 1253
f 1252 1254 1253
f 1253 1254 1255
f 1254 1256 1255
f 1255 1256 1257
f 1256 1258 1257
f 1259 1260 1261
f 1260 1262 1261
f 1261 1262 1263
f 1262 1264 1263
f 1263 1264 1258
f 1264 1265 1258
f 1258 1265 1257
f 1266 1267 285
f 1261 1268 1259
f 1268 1269 1259
f 1259 1269 285
f 1269 1270 285
f 285 1270 1266
f 1271 1272 287
f 1272 1273 287
f 287 1273 1274
f 1275 1276 1249
f 1276 1277 1249
f 1249 1277 1247
f 1274 1278 287
f 1278 1279 287
f 287 1279 1249
f 1279 1280 1249
f 1249 1280 1275
f 1281 1282 287
f 1282 1283 287
f 287 1283 1271
f 1267 1284 285
f 1284 1285 285
f 285 1285 287
f 1285 1286 287
f 287 1286 1281
f 286 1287 285
f 1287 1259 285
f 1238 1236 310
f 1236 309 310
f 310 309 308
f 309 307 308
f 308 307 305
f 307 306 305
f 1238 291 1236
f 291 292 1236
f 306 307 314
f 306 314 313
f 314 312 313
f 313 312 311
f 288 286 285
f 293 292 291
f 295 299 298
f 281 280 283
f 280 282 283
f 283 282 284
f 282 295 284
f 284 295 290
f 285 287 288
f 287 289 288
f 288 289 302
f 289 290 302
f 302 290 297
f 290 295 297
f 297 295 296
f 295 291 296
f 298 300 295
f 300 301 295
f 295 301 291
f 301 294 291
f 291 294 293
f 287 1249 289
f 1249 1288 289
f 1288 1289 289
f 1289 290 289
f 1290 1291 1292
f 1293 1294 1295
f 1296 1239 1121
f 1126 1294 1121
f 1294 1293 1121
f 1121 1293 1296
f 1293 1297 1296
f 1297 1293 1298
f 1293 1295 1298
f 1298 1295 1299
f 1295 1300 1299
f 1299 1300 1301
f 1301 1300 1302
f 1300 1303 1302
f 1302 1303 1304
f 1305 1306 1307
f 1305 1307 1308
f 1307 1309 1308
f 1309 1310 1308
f 1308 1310 1303
f 1310 1311 1303
f 1303 1311 1304
f 1312 1313 1314
f 1313 1315 1314
f 1314 1315 1305
f 1315 1316 1305
f 1305 1316 1306
f 1312 1314 1317
f 1314 1033 1317
f 1317 1033 1031
f 1292 1318 1319
f 1318 1320 1319
f 1319 1320 1321
f 1320 1322 1321
f 1321 1322 1323
f 1322 1324 1323
f 1323 1324 1036
f 1324 1325 1036
f 1036 1325 1038
f 1291 1137 1136
f 1136 1326 1291
f 1326 1327 1291
f 1291 1327 1292
f 1327 1328 1292
f 1292 1328 1318
f 1290 1329 1123
f 1123 1129 1290
f 1129 1128 1290
f 1290 1128 1291
f 1128 1127 1291
f 1291 1127 1137
f 1125 1124 1330
f 1124 1123 1330
f 1330 1123 1331
f 1123 1329 1331
f 1331 1329 1332
f 1329 1290 1332
f 1332 1290 1333
f 1290 1292 1333
f 1333 1292 1334
f 1292 1319 1334
f 1334 1319 1335
f 1319 1321 1335
f 1335 1321 1336
f 1321 1323 1336
f 1336 1323 1035
f 1323 1036 1035
f 1035 1033 1336
f 1033 1314 1336
f 1336 1314 1335
f 1314 1305 1335
f 1335 1305 1334
f 1305 1308 1334
f 1334 1308 1333
f 1308 1303 1333
f 1333 1303 1332
f 1303 1300 1332
f 1332 1300 1331
f 1300 1295 1331
f 1331 1295 1330
f 1295 1294 1330
f 1330 1294 1125
f 1294 1126 1125
f 1337 1312 1338
f 1312 1317 1338
f 1338 1317 1031
f 1306 1316 1339
f 1316 1315 1339
f 1339 1315 1337
f 1315 1313 1337
f 1337 1313 1312
f 1304 1311 1340
f 1311 1310 1340
f 1310 1309 1340
f 1340 1309 1339
f 1309 1307 1339
f 1339 1307 1306
f 1341 1297 1342
f 1297 1298 1342
f 1298 1299 1342
f 1299 1301 1342
f 1342 1301 1340
f 1301 1302 1340
f 1340 1302 1304
f 1240 1239 1296
f 1341 1343 1242
f 1296 1297 1240
f 1297 1341 1240
f 1240 1341 1241
f 1341 1242 1241
f 1344 1287 1246
f 1246 1245 1344
f 1245 1244 1344
f 1344 1244 1343
f 1244 1243 1343
f 1343 1243 1242
f 1246 1287 288
f 1287 286 288
f 735 1144 723
f 1144 1151 723
f 723 1151 725
f 1151 1153 725
f 725 1153 762
f 735 734 1144
f 734 732 1144
f 1144 732 1145
f 732 730 1145
f 730 728 1145
f 728 727 1145
f 1145 727 739
f 739 761 1145
f 761 760 1145
f 1145 760 759
f 703 704 1100
f 704 993 1100
f 1100 993 992
f 992 991 1100
f 991 990 1100
f 1100 990 1102
f 990 994 1102
f 1102 994 996
f 996 995 1102
f 995 1001 1102
f 1102 1001 1103
f 766 765 1155
f 765 764 1155
f 1155 764 1153
f 764 763 1153
f 1153 763 762
f 766 1155 718
f 1155 1157 718
f 718 1157 779
f 1157 1158 779
f 779 1158 778
f 1158 1161 778
f 778 1161 777
f 1161 1163 777
f 777 1163 1165
f 886 1136 1135
f 1135 1133 886
f 1133 1131 886
f 886 1131 957
f 1136 886 1326
f 886 884 1326
f 1326 884 1327
f 888 896 1038
f 1322 1320 892
f 1320 1318 892
f 892 1318 884
f 1318 1328 884
f 884 1328 1327
f 1322 892 1324
f 892 891 1324
f 1324 891 1325
f 1325 891 1038
f 891 889 1038
f 1038 889 888
f 896 894 1038
f 894 900 1038
f 1038 900 899
f 810 1039 869
f 1039 1038 869
f 869 1038 898
f 1038 899 898
f 810 809 1039
f 809 811 1039
f 1039 811 812
f 812 814 1039
f 814 815 1039
f 1039 815 817
f 817 838 1039
f 838 839 1039
f 1039 839 1197
f 839 821 1197
f 1197 821 1195
f 821 820 1195
f 1195 820 1193
f 820 1223 1193
f 805 1185 820
f 1185 1221 820
f 820 1221 1223
f 789 1172 805
f 1172 1186 805
f 805 1186 1185
f 1165 1170 777
f 1170 1169 777
f 777 1169 789
f 1169 1168 789
f 789 1168 1172
f 1131 1130 957
f 1130 1092 957
f 957 1092 958
f 1092 1117 958
f 958 1117 954
f 1001 1000 1103
f 1000 1026 1103
f 1103 1026 1106
f 1026 1025 1106
f 1106 1025 1024
f 1117 1115 954
f 1115 1113 954
f 954 1113 955
f 1113 1112 955
f 955 1112 1023
f 1112 1110 1023
f 1023 1110 1024
f 1110 1108 1024
f 1024 1108 1106
f 759 703 1145
f 703 1100 1145
f 1145 1100 1147
f 1100 1148 1147
f 1100 1097 1148
f 1097 1096 1148
f 1148 1096 1138
f 1096 1095 1138
f 1138 1095 1141
f 1259 1287 1344
f 1259 1344 1260
f 1344 1343 1260
f 1260 1343 1262
f 1343 1341 1262
f 1262 1341 1264
f 1341 1342 1264
f 1264 1342 1265
f 1342 1340 1265
f 1265 1340 1257
f 1340 1339 1257
f 1257 1339 1255
f 1339 1337 1255
f 1255 1337 1253
f 1337 1338 1253
f 1253 1338 1250
f 1249 1250 1288
f 1250 1338 1288
f 280 1345 282
f 1345 1346 282
f 295 1347 299
f 1347 1348 299
f 299 1348 1056
f 1348 1057 1056
f 1347 295 282
f 1347 282 1349
f 282 1346 1349
f 1349 1346 1350
f 1057 1348 1347
f 1349 1040 1347
f 1040 1043 1347
f 1347 1043 1045
f 1045 1047 1347
f 1047 1049 1347
f 1347 1049 1051
f 1051 1053 1347
f 1053 1055 1347
f 1347 1055 1057
f 283 1351 281
f 1351 1352 281
f 281 1352 280
f 1352 1345 280
f 1353 1351 284
f 1351 283 284
f 1289 1288 1338
f 1352 1351 1353
f 1352 1353 1345
f 1031 1030 1350
f 1030 1041 1350
f 1338 1031 1289
f 1031 1350 1289
f 1289 1350 1353
f 1350 1346 1353
f 1353 1346 1345
f 1041 1040 1350
f 1040 1349 1350
f 1062 1061 1354
f 1061 1355 1354
f 1356 1357 1353
f 1357 1358 1353
f 1353 1358 1355
f 1075 1074 1289
f 1074 1089 1289
f 1289 1089 1088
f 1084 1083 290
f 1359 1353 284
f 1079 1078 1353
f 1078 1077 1353
f 1353 1077 1289
f 1077 1076 1289
f 1289 1076 1075
f 1083 1070 290
f 1070 1069 290
f 290 1069 1068
f 284 1360 1361
f 1058 1081 1080
f 1361 1362 284
f 1362 1363 284
f 284 1363 1359
f 1364 1365 1353
f 1365 1366 1353
f 1353 1366 1356
f 1088 1087 1289
f 1087 1086 1289
f 1289 1086 290
f 1086 1085 290
f 290 1085 1084
f 1081 1058 1082
f 1061 1060 1355
f 1060 1059 1355
f 1355 1059 1353
f 1059 1058 1353
f 1353 1058 1079
f 1058 1080 1079
f 1367 1064 1354
f 1064 1063 1354
f 1354 1063 1062
f 1058 1073 1082
f 1073 1072 1082
f 1082 1072 1083
f 1072 1071 1083
f 1083 1071 1070
f 1368 1367 1369
f 1370 1371 1372
f 1369 1373 1368
f 1373 1374 1368
f 1368 1374 1375
f 1371 1370 1375
f 1370 1376 1375
f 1375 1376 1368
f 1359 1377 1353
f 1377 1378 1353
f 1353 1378 1364
f 1378 1370 1364
f 1364 1370 1379
f 1370 1372 1379
f 1367 1368 1064
f 1368 1380 1064
f 1064 1380 1065
f 290 1381 284
f 1381 1382 284
f 284 1382 1360
f 1068 1067 290
f 1067 1066 290
f 290 1066 1065
f 1380 1383 1065
f 1383 1384 1065
f 1065 1384 290
f 1384 1385 290
f 290 1385 1381
f 671 1248 672
f 1248 1247 672
f 672 1247 673
f 1247 1277 673
f 673 1277 674
f 1277 1276 674
f 674 1276 675
f 1276 1275 675
f 675 1275 676
f 1275 1280 676
f 676 1280 677
f 1280 1279 677
f 677 1279 678
f 1279 1278 678
f 678 1278 679
f 1278 1274 679
f 679 1274 680
f 1274 1273 680
f 680 1273 681
f 1273 1272 681
f 681 1272 682
f 1272 1271 682
f 682 1271 683
f 1271 1283 683
f 683 1283 684
f 1283 1282 684
f 684 1282 685
f 1282 1281 685
f 685 1281 686
f 1281 1286 686
f 686 1286 687
f 1286 1285 687
f 687 1285 688
f 1285 1284 688
f 688 1284 689
f 1284 1267 689
f 689 1267 690
f 1267 1266 690
f 690 1266 691
f 1266 1270 691
f 691 1270 692
f 1270 1269 692
f 692 1269 693
f 1269 1268 693
f 693 1268 694
f 1268 1261 694
f 694 1261 695
f 1261 1263 695
f 695 1263 696
f 1263 1258 696
f 696 1258 697
f 1258 1256 697
f 697 1256 698
f 1256 1254 698
f 698 1254 699
f 1254 1252 699
f 699 1252 700
f 1252 1251 700
f 700 1251 671
f 1251 1248 671
f 636 1357 637
f 1357 1356 637
f 637 1356 638
f 1356 1366 638
f 638 1366 639
f 1366 1365 639
f 639 1365 640
f 1365 1364 640
f 640 1364 641
f 1364 1379 641
f 641 1379 615
f 1379 1372 615
f 615 1372 616
f 1372 1371 616
f 616 1371 620
f 1371 1375 620
f 620 1375 658
f 1375 1374 658
f 658 1374 659
f 1374 1373 659
f 659 1373 661
f 1373 1369 661
f 661 1369 663
f 1369 1367 663
f 663 1367 664
f 1367 1354 664
f 664 1354 634
f 1354 1355 634
f 634 1355 635
f 1355 1358 635
f 635 1358 636
f 1358 1357 636
f 670 1370 651
f 1370 1378 651
f 651 1378 652
f 1378 1377 652
f 652 1377 653
f 1377 1359 653
f 653 1359 654
f 1359 1363 654
f 654 1363 655
f 1363 1362 655
f 655 1362 656
f 1362 1361 656
f 656 1361 657
f 1361 1360 657
f 657 1360 608
f 1360 1382 608
f 608 1382 607
f 1382 1381 607
f 607 1381 619
f 1381 1385 619
f 619 1385 666
f 1385 1384 666
f 666 1384 621
f 1384 1383 621
f 621 1383 622
f 1383 1380 622
f 622 1380 668
f 1380 1368 668
f 668 1368 669
f 1368 1376 669
f 669 1376 670
f 1376 1370 670
