mtllib gripper_right.mtl
usemtl material
v 0.009714198298752308 0.011917773634195328 -0.017151419073343277
v 0.009709606878459454 0.010919618420302868 -0.017211969941854477
v 0.009622259996831417 0.012387548573315144 -0.016630977392196655
v 0.009613077156245708 0.010391240008175373 -0.016752079129219055
v 0.00951884314417839 0.010361938737332821 -0.016261914744973183
v 0.009541339240968227 -0.025662746280431747 -0.019431155174970627
v 0.009444809518754482 -0.02619112655520439 -0.018971266224980354
v 0.009625587612390518 -0.00734661053866148 -0.018320048227906227
v 0.008785170502960682 -0.026396235451102257 -0.015540112741291523
v 0.009533649310469627 -0.006876833736896515 -0.017799608409404755
v 0.00943941529840231 -0.006906135473400354 -0.017309444025158882
v 0.0027535464614629745 -0.016865674406290054 0.016799937933683395
v 0.0029055753257125616 0.01618622988462448 0.01880495436489582
v 0.0029269251972436905 0.016213247552514076 0.01869562827050686
v 0.004984067752957344 0.01934201456606388 0.008206130005419254
v 0.009151089005172253 0.012241042219102383 -0.014180154539644718
v 0.0031379899010062218 -0.017132578417658806 0.014767495915293694
v 0.005157263018190861 -0.01917201280593872 0.004038181155920029
v 0.009042277932167053 0.02950042299926281 -0.012149269692599773
v 0.00923074595630169 0.029559023678302765 -0.013129598461091518
v 0.008618947118520737 0.028135012835264206 -0.010051804594695568
v 0.006874389480799437 0.023310042917728424 -0.0013401524629443884
v 0.007009077817201614 -0.022189730778336525 -0.0058985487557947636
v 0.002241382608190179 0.015161650255322456 0.02326708659529686
v 0.0020962702110409737 -0.016381917521357536 0.02135378308594227
v 6.663188833044842e-05 -0.014500799588859081 0.04168303683400154
v 6.4331223256886e-05 -0.01449755672365427 0.04170619323849678
v 0.00018092071695718914 0.010849604383111 0.04324382171034813
v 0.0006775797810405493 -0.015206473879516125 0.03554884344339371
v 0.0012679357314482331 0.013234209269285202 0.03271657973527908
v 0.0012922515161335468 -0.01572563499212265 0.029397545382380486
v -0.0017954291542991996 -0.012387648224830627 0.051607564091682434
v -0.0017036048229783773 0.007575444411486387 0.052818577736616135
v -0.0014943481655791402 -0.012848550453782082 0.04999449849128723
v -0.000136702845338732 0.01039839256554842 0.04486609995365143
v 0.010815335437655449 0.028842229396104813 -0.010827680118381977
v 0.01073828898370266 0.01209201104938984 -0.011843794025480747
v 0.01002434641122818 0.02948450855910778 -0.011961419135332108
v 0.011673743836581707 0.010887792333960533 -0.016836266964673996
v 0.011577214114367962 0.010359413921833038 -0.016376376152038574
v 0.01158639695495367 0.012355723418295383 -0.016255274415016174
v 0.011678335256874561 0.011885947547852993 -0.016775716096162796
v 0.01149778626859188 -0.00690865982323885 -0.017423905432224274
v 0.011589724570512772 -0.007378436625003815 -0.017944345250725746
v 0.011403552256524563 -0.0069379606284201145 -0.0169337410479784
v 0.01150547619909048 -0.025694571435451508 -0.019055452197790146
v 0.011408946476876736 -0.02622295171022415 -0.018595563247799873
v 0.010749307461082935 -0.026428060606122017 -0.015164410695433617
v 0.011482980102300644 0.010330112650990486 -0.0158862117677927
v 0.0001687080366536975 -0.012419473379850388 0.05198326334357262
v 0.00026053233887068927 0.007543617859482765 0.053194280713796616
v 0.0032641328871250153 -0.01575758494436741 0.029774729162454605
v 0.004085964057594538 -0.016430389136075974 0.0215525571256876
v 0.004717654082924128 -0.016897480934858322 0.017175793647766113
v 0.005102126859128475 -0.017164405435323715 0.015143198892474174
v 0.007121399976313114 -0.01920383609831333 0.004413883201777935
v 0.008973214775323868 -0.022221555933356285 -0.00552284624427557
v 0.002652789233252406 -0.015241595916450024 0.035892684012651443
v 0.0020451066084206104 -0.014542019926011562 0.04199384152889252
v 0.0020327719394117594 -0.014532657340168953 0.042059119790792465
v 0.00046978896716609597 -0.012880376540124416 0.05037020146846771
v 0.001827434403821826 0.01036656741052866 0.04524180293083191
v 0.01058308407664299 0.028103185817599297 -0.009676101617515087
v 0.008838526904582977 0.023278215900063515 -0.0009644494857639074
v 0.006948205176740885 0.01931018941104412 0.00858183205127716
v 0.004891062155365944 0.016181422397494316 0.01907132938504219
v 0.004869682248681784 0.016154365614056587 0.01918081007897854
v 0.004231282509863377 0.015167409554123878 0.023469580337405205
v 0.0032398172188550234 0.013202258385717869 0.033093761652708054
v 0.0021618593018501997 0.01084081456065178 0.04353363811969757
v -0.002755329478532076 -0.014132379554212093 -0.021105922758579254
v -0.004389575682580471 -0.015976054593920708 -0.02153031900525093
v -0.0024096572306007147 -0.014387174509465694 -0.021054698154330254
v -0.0036118088755756617 -0.01654934324324131 -0.021415062248706818
v -0.0020190132781863213 -0.014561089687049389 -0.02098999358713627
v -0.0027328606229275465 -0.016940651461482048 -0.021269477903842926
v -0.0016016664449125528 -0.014645992778241634 -0.02091483399271965
v -0.001793829957023263 -0.017131682485342026 -0.021100368350744247
v -0.0011771318968385458 -0.014637911692261696 -0.020832734182476997
v -0.0008386262343265116 -0.017113501206040382 -0.020915642380714417
v -0.0007652596104890108 -0.014537228271365166 -0.020747533068060875
v 8.808664279058576e-05 -0.016886960715055466 -0.020723940804600716
v -0.00038530738675035536 -0.014348646625876427 -0.02066321298480034
v 0.0009429764468222857 -0.016462652012705803 -0.020534222945570946
v -5.5043798056431115e-05 -0.014080985449254513 -0.02058372087776661
v 0.00168607069645077 -0.015860415995121002 -0.020355362445116043
v 0.00021008985640946776 -0.01374676264822483 -0.020512768998742104
v 0.002282621804624796 -0.015108413994312286 -0.020195722579956055
v 0.0003976970328949392 -0.01336160209029913 -0.02045367658138275
v 0.0027047370094805956 -0.014241805300116539 -0.0200627651065588
v 0.000499003566801548 -0.012943518348038197 -0.02040920779109001
v 0.0029326770454645157 -0.013301114551723003 -0.01996271125972271
v 0.0005092737847007811 -0.012512056156992912 -0.020381441339850426
v 0.0029557852540165186 -0.01233032625168562 -0.019900236278772354
v 0.00042802636744454503 -0.012087393552064896 -0.020371675491333008
v 0.0027729796711355448 -0.01137483213096857 -0.019878262653946877
v 0.00025906265364028513 -0.0116893844678998 -0.02038036659359932
v 0.0023928089067339897 -0.01047931332141161 -0.019897818565368652
v 1.0280346032232046e-05 -0.011336639523506165 -0.02040710859000683
v 0.0018330499297007918 -0.009685640223324299 -0.01995798759162426
v -0.00030668609542772174 -0.011045658029615879 -0.0204506516456604
v 0.0011198752326890826 -0.00903092510998249 -0.02005595713853836
v -0.0006770172039978206 -0.010830038227140903 -0.020508958026766777
v 0.0002866328286472708 -0.008545782417058945 -0.020187146961688995
v -0.0010833931155502796 -0.010699866339564323 -0.020579302683472633
v -0.0006277172360569239 -0.00825289636850357 -0.020345423370599747
v -0.0015068158973008394 -0.010661228559911251 -0.020658396184444427
v -0.0015804182039573789 -0.008165962062776089 -0.02052338235080242
v -0.0019274856895208359 -0.01071593165397644 -0.020742539316415787
v -0.0025269240140914917 -0.008289044722914696 -0.020712705329060555
v -0.0023257327266037464 -0.010861416347324848 -0.020827800035476685
v -0.0034229785669595003 -0.008616387844085693 -0.020904541015625
v -0.0026829338166862726 -0.011090882122516632 -0.020910188555717468
v -0.004226681310683489 -0.00913268607109785 -0.021089917048811913
v -0.0029823884833604097 -0.011393600143492222 -0.020985854789614677
v -0.004900454077869654 -0.00981379859149456 -0.02126016467809677
v -0.0032100938260555267 -0.011755413375794888 -0.021051259711384773
v -0.005412791855633259 -0.010627875104546547 -0.02140732668340206
v -0.003355401800945401 -0.012159401550889015 -0.02110334485769272
v -0.005739734973758459 -0.011536852456629276 -0.021524518728256226
v -0.003394873347133398 -0.012371364049613476 -0.021123604848980904
v -0.005828545894473791 -0.012013767845928669 -0.021570101380348206
v -0.003411519108340144 -0.012586680240929127 -0.02113967575132847
v -0.0058660004287958145 -0.012498228810727596 -0.021606262773275375
v -0.0033758217468857765 -0.013017266988754272 -0.021158551797270775
v -0.0057856799103319645 -0.013467049226164818 -0.02164873480796814
v -0.003249978180974722 -0.013431028462946415 -0.0211590938270092
v -0.00550253177061677 -0.014398014172911644 -0.021649951115250587
v -0.00303987436927855 -0.013808617368340492 -0.02114127203822136
v -0.005029797088354826 -0.015247589908540249 -0.021609853953123093
v -0.002641000086441636 -0.012136953882873058 -0.025044921785593033
v -0.0050746724009513855 -0.011779357679188251 -0.025491418316960335
v -0.0026015285402536392 -0.011924991384148598 -0.025024661794304848
v -0.0049858614802360535 -0.011302442289888859 -0.025445835664868355
v -0.0024562205653637648 -0.01152100320905447 -0.024972576647996902
v -0.004658918362110853 -0.01039346493780613 -0.02532864362001419
v -0.0022285152226686478 -0.011159189976751804 -0.024907171726226807
v -0.004146581050008535 -0.009579388424754143 -0.0251814816147089
v -0.0019290605559945107 -0.010856471955776215 -0.024831505492329597
v -0.0034728078171610832 -0.008898275904357433 -0.025011232122778893
v -0.0015718594659119844 -0.010627007111907005 -0.024749116972088814
v -0.0026691053062677383 -0.008381977677345276 -0.02482585795223713
v -0.001173612428829074 -0.010481520555913448 -0.024663856253027916
v -0.001773050636984408 -0.008054633624851704 -0.024634022265672684
v -0.0007529426366090775 -0.010426818393170834 -0.024579713121056557
v -0.000826544885057956 -0.007931551896035671 -0.02444469928741455
v -0.0003295197384431958 -0.010465456172823906 -0.024500619620084763
v 0.00012615608284249902 -0.008018486201763153 -0.024266740307211876
v 7.685613672947511e-05 -0.010595628060400486 -0.024430274963378906
v 0.0010405061766505241 -0.008311372250318527 -0.024108463898301125
v 0.0004471872525755316 -0.010811247862875462 -0.02437196858227253
v 0.0018737486097961664 -0.008796514943242073 -0.02397727407515049
v 0.0007641536649316549 -0.011102229356765747 -0.024328425526618958
v 0.0025869233068078756 -0.009451230056583881 -0.02387930452823639
v 0.0010129360016435385 -0.011454974301159382 -0.02430168353021145
v 0.0031466821674257517 -0.010244903154671192 -0.02381913550198078
v 0.001181899686343968 -0.011852983385324478 -0.024292992427945137
v 0.0035268529318273067 -0.011140421964228153 -0.023799579590559006
v 0.001263147103600204 -0.012277645990252495 -0.024302758276462555
v 0.0037096585147082806 -0.012095916084945202 -0.023821553215384483
v 0.0012528769439086318 -0.012709108181297779 -0.02433052472770214
v 0.0036865503061562777 -0.013066704384982586 -0.02388402819633484
v 0.001151570351794362 -0.013127191923558712 -0.02437499351799488
v 0.0034586102701723576 -0.014007395133376122 -0.02398408204317093
v 0.0009639631607569754 -0.013512352481484413 -0.024434085935354233
v 0.003036495065316558 -0.014874002896249294 -0.024117039516568184
v 0.000698829535394907 -0.01384657621383667 -0.02450503781437874
v 0.0024399440735578537 -0.015626005828380585 -0.024276679381728172
v 0.0003685659321490675 -0.014114235527813435 -0.024584529921412468
v 0.0016968498239293694 -0.016228243708610535 -0.024455539882183075
v -1.1386299775040243e-05 -0.014302819035947323 -0.024668850004673004
v 0.0008419599616900086 -0.016652550548315048 -0.024645257741212845
v -0.00042325860704295337 -0.014403500594198704 -0.024754051119089127
v -8.475290087517351e-05 -0.016879091039299965 -0.024836959317326546
v -0.0008477931842207909 -0.014411583542823792 -0.02483615092933178
v -0.0010399565799161792 -0.01689727045595646 -0.025021685287356377
v -0.0012651399010792375 -0.014326680451631546 -0.024911310523748398
v -0.0019789873622357845 -0.01670624129474163 -0.025190794840455055
v -0.0016557838534936309 -0.014152765274047852 -0.024976015090942383
v -0.0028579356148838997 -0.016314934939146042 -0.025336381047964096
v -0.002001456217840314 -0.013897968456149101 -0.025027239695191383
v -0.003635702421888709 -0.01574164256453514 -0.02545163594186306
v -0.002286001108586788 -0.013574207201600075 -0.02506258897483349
v -0.00427592359483242 -0.015013178810477257 -0.025531170889735222
v -0.00249610492028296 -0.013196618296205997 -0.02508041076362133
v -0.0047486587427556515 -0.014163603074848652 -0.025571268051862717
v -0.0026219484861940145 -0.012782856822013855 -0.025079868733882904
v -0.005031806416809559 -0.0132326390594244 -0.02557005174458027
v -0.002657645847648382 -0.01235227007418871 -0.025060992687940598
v -0.005112126935273409 -0.012263818643987179 -0.025527579709887505
v -0.0013511586003005505 -0.013028948567807674 -0.014649616554379463
v -0.0013589754234999418 -0.013163730502128601 -0.014659176580607891
v -0.0025787444319576025 -0.013009058311581612 -0.014884430915117264
v -0.0014135867822915316 -0.012629516422748566 -0.014637740328907967
v -0.0023744802456349134 -0.011781016364693642 -0.014771750196814537
v -0.0018850892083719373 -0.011987517587840557 -0.014690008945763111
v -0.0016835760325193405 -0.012165458872914314 -0.014661905355751514
v -0.0036904620938003063 -0.012467111460864544 -0.015065762214362621
v -0.0033690936397761106 -0.012045234441757202 -0.014978759922087193
v -0.002901629311963916 -0.011801520362496376 -0.014874320477247238
v -0.0035594890359789133 -0.013748292811214924 -0.015117169357836246
v -0.003778863698244095 -0.013257848098874092 -0.015130026265978813
v -0.0038063302636146545 -0.0129891661927104 -0.015119245275855064
v -0.0021297007333487272 -0.014175496995449066 -0.014867830090224743
v -0.0026509349700063467 -0.014253843575716019 -0.014972721226513386
v -0.003158826846629381 -0.014102090150117874 -0.015061291866004467
v -0.0015298380749300122 -0.013669352978467941 -0.01472224947065115
v -0.0018945898627862334 -0.01405292097479105 -0.014815302565693855
v -0.005344903562217951 0.007025302387773991 0.03986819088459015
v 0.004459759220480919 0.01007397472858429 -0.01113134529441595
v -0.005424331407994032 -0.010242771357297897 0.03882066160440445
v 0.0043803309090435505 -0.007194099482148886 -0.012178873643279076
v -0.005313095636665821 0.007455077022314072 0.03958691656589508
v 0.004428529180586338 0.010483045130968094 -0.011084036901593208
v -0.005329775158315897 0.007312473375350237 0.0397440604865551
v -0.005342075135558844 0.007139900233596563 0.03985164687037468
v -0.005257274489849806 0.007777996826916933 0.03903167322278023
v -0.005148499738425016 0.008230017498135567 0.037868011742830276
v 0.00424747820943594 0.011102493852376938 -0.010921526700258255
v -0.005265418905764818 0.0077377138659358025 0.03911469131708145
v 0.004357866011559963 0.010797731578350067 -0.011015958152711391
v -0.00514813931658864 0.008231351152062416 0.03786399960517883
v -0.005029540043324232 0.008644914254546165 0.036475393921136856
v 0.004098649602383375 0.011393779888749123 -0.010801839642226696
v -0.004938898608088493 0.008940651081502438 0.035316962748765945
v 0.0039131129160523415 0.011668197810649872 -0.010658292099833488
v -0.00493314303457737 0.008959135971963406 0.03524017333984375
v -0.004750369116663933 0.009542499668896198 0.03255114704370499
v 0.0036930323112756014 0.011922548525035381 -0.010492556728422642
v -0.004724698141217232 0.00962523277848959 0.03212644159793854
v 0.003440970554947853 0.0121538694947958 -0.01030656322836876
v -0.0046864887699484825 0.009749420918524265 0.0314670130610466
v -0.004671125672757626 0.009799772873520851 0.031191769987344742
v -0.004599768668413162 0.010037804953753948 0.029824253171682358
v -0.004539936780929565 0.010244623757898808 0.02853682078421116
v 0.002852991921827197 0.012536941096186638 -0.009882686659693718
v -0.004480097442865372 0.010460891760885715 0.027070166543126106
v -0.0044056992046535015 0.010750177316367626 0.024852436035871506
v 0.0021764987614005804 0.012799611315131187 -0.009406358003616333
v -0.0043902769684791565 0.01081433892250061 0.02430764213204384
v 0.0014429261209443212 0.012929676100611687 -0.008899710141122341
v -0.004328505601733923 0.011097889393568039 0.02153894491493702
v -0.004321608692407608 0.011133858002722263 0.021126022562384605
v -0.004307647235691547 0.011211929842829704 0.020151883363723755
v -0.004293235018849373 0.011306324042379856 0.018762752413749695
v 0.0009619217016734183 0.012940368615090847 -0.008572258986532688
v -0.005220082122832537 0.011758617125451565 0.011377179063856602
v -0.006384504493325949 0.012209520675241947 0.004032504744827747
v -0.009356314316391945 0.013107558712363243 -0.010545946657657623
v -0.009509910829365253 0.013114179484546185 -0.01086350530385971
v -0.009579663164913654 0.013108346611261368 -0.011007459834218025
v -0.009773428551852703 0.01306295394897461 -0.011406551115214825
v -0.009814998134970665 0.013047516345977783 -0.01149202510714531
v -0.009925272315740585 0.01299646869301796 -0.011718560941517353
v -0.009965009056031704 0.012974346987903118 -0.011800119653344154
v -0.010110527276992798 0.012875446118414402 -0.012098542414605618
v -0.010174758732318878 0.012822241522371769 -0.012230178341269493
v -0.010251348838210106 0.012750479392707348 -0.012387103401124477
v -0.010474488139152527 0.012481429614126682 -0.01284454483538866
v -0.010512709617614746 0.012424713931977749 -0.012923031114041805
v -0.010540440678596497 0.012381231412291527 -0.012980014085769653
v -0.010621638968586922 0.012241299264132977 -0.013147159479558468
v -0.010736100375652313 0.012004467658698559 -0.013383887708187103
v -0.010775944218039513 0.011907942593097687 -0.013466770760715008
v -0.010812350548803806 0.011811471544206142 -0.01354281883686781
v -0.010908938013017178 0.011501753702759743 -0.013746830634772778
v -0.010942882858216763 0.011364871636033058 -0.0138197997584939
v -0.01094653457403183 0.01134885847568512 -0.013827708549797535
v -0.011020016856491566 0.010932346805930138 -0.013991554267704487
v -0.011059862561523914 0.010325444862246513 -0.014099960215389729
v -0.011057754047214985 0.01045059785246849 -0.014089411124587059
v -0.011023066937923431 0.010908166877925396 -0.013998708687722683
v -0.01113928947597742 -0.006942629348486662 -0.015147488564252853
v -0.011117358691990376 -0.007440481800585985 -0.015130909159779549
v 0.00434532668441534 -0.00760558620095253 -0.012181341648101807
v -0.011104395613074303 -0.0075642820447683334 -0.015112262219190598
v -0.01105064433068037 -0.007916062138974667 -0.015026419423520565
v 0.004271745216101408 -0.007925532758235931 -0.012151763774454594
v -0.011035354807972908 -0.007993410341441631 -0.015000778250396252
v 0.004158515948802233 -0.00823845062404871 -0.012094801291823387
v -0.010998821817338467 -0.00815652310848236 -0.01493830606341362
v -0.010935981757938862 -0.008389660157263279 -0.014828131534159184
v 0.0040069567039608955 -0.008540691807866096 -0.012011118233203888
v -0.01087005902081728 -0.008593088947236538 -0.014710061252117157
v 0.0038188339676707983 -0.00882873684167862 -0.011901691555976868
v -0.010770134627819061 -0.008849935606122017 -0.014527719467878342
v -0.010638386942446232 -0.009125218726694584 -0.01428272482007742
v 0.003342064330354333 -0.009349015541374683 -0.011610986664891243
v -0.010829972103238106 -0.008702345192432404 -0.01463733334094286
v 0.0035963391419500113 -0.00909922830760479 -0.011767794378101826
v -0.010611245408654213 -0.009175165556371212 -0.014231720007956028
v -0.01052189152687788 -0.009326315484941006 -0.01406266912817955
v 0.002750363666564226 -0.009775110520422459 -0.01123619731515646
v -0.010030836798250675 -0.009892021305859089 -0.013107615523040295
v 0.002071226481348276 -0.01008722186088562 -0.01079473551362753
v -0.010229666717350483 -0.009708477184176445 -0.013499201275408268
v -0.010353799909353256 -0.0095644760876894 -0.013740407302975655
v -0.009872431866824627 -0.010001853108406067 -0.012791263870894909
v -0.009769112803041935 -0.010057246312499046 -0.012582886032760143
v 0.0013362106401473284 -0.010270846076309681 -0.010307117365300655
v -0.009686424396932125 -0.010092624463140965 -0.012414970435202122
v -0.009463289752602577 -0.010149442590773106 -0.011956779286265373
v 0.0008549468475393951 -0.010316632688045502 -0.009983091615140438
v -0.007836009375751019 -0.010608531534671783 -0.0045122792944312096
v -0.006431030575186014 -0.011068925261497498 0.0029706035275012255
v -0.004400209523737431 -0.011950677260756493 0.017351917922496796
v -0.004435116890817881 -0.012079043313860893 0.02013324201107025
v -0.004428552929311991 -0.012065432034432888 0.019733771681785583
v -0.004414527676999569 -0.012024758383631706 0.01874222792685032
v -0.00449587544426322 -0.012131697498261929 0.02291770838201046
v -0.0045113954693078995 -0.012133742682635784 0.02347945049405098
v -0.004584142938256264 -0.01211403589695692 0.02570597641170025
v -0.004644355271011591 -0.012074763886630535 0.0272238627076149
v -0.004700861405581236 -0.01202616561204195 0.028477538377046585
v -0.004702901002019644 -0.012024244293570518 0.028520340099930763
v -0.004771246109157801 -0.011954102665185928 0.029873235151171684
v -0.004820412490516901 -0.011897346004843712 0.030763989314436913
v -0.004848883021622896 -0.01186231430619955 0.0312536247074604
v -0.005028069484978914 -0.011606158688664436 0.03399720415472984
v -0.005041865166276693 -0.011583668179810047 0.03418877348303795
v -0.005131385754793882 -0.011425377801060677 0.035378243774175644
v -0.005238244775682688 -0.011197704821825027 0.03669392690062523
v -0.005347179248929024 -0.010874285362660885 0.03794436901807785
v -0.00535409664735198 -0.010847115889191628 0.03802144154906273
v -0.005422013811767101 -0.010367869399487972 0.03878352418541908
v -0.005411945283412933 -0.010511128231883049 0.03866475075483322
v -0.005398993380367756 -0.010617580264806747 0.038519348949193954
v 0.0034904058557003736 0.006826805416494608 -0.01151181384921074
v 0.0036544334143400192 0.007312203291803598 -0.01145126298069954
v 0.0013611121103167534 -0.003996896557509899 -0.012568194419145584
v 0.0016696264501661062 -0.003591895801946521 -0.012484672479331493
v -0.0043096356093883514 -0.004025502596050501 -0.013660106807947159
v 0.00124987808521837 -0.004498068708926439 -0.01261953916400671
v 0.003599338699132204 -0.004665651824325323 -0.012177873402833939
v 0.003435310907661915 -0.005151049233973026 -0.012238423340022564
v -0.004513730760663748 0.008397845551371574 -0.012956694699823856
v -0.004254541825503111 0.007952352054417133 -0.012933497317135334
v 0.002118391450494528 -0.003357929876074195 -0.012384411878883839
v 0.002624454442411661 -0.0033382470719516277 -0.012285944074392319
v 0.0031402441672980785 0.006458580493927002 -0.011601144447922707
v -0.004202115815132856 0.007439505774527788 -0.012954074889421463
v 0.002414151094853878 0.006265695206820965 -0.011752265505492687
v 0.0019265760201960802 0.006411377340555191 -0.011837294325232506
v 0.0030851492192596197 -0.005519274156540632 -0.012327753938734531
v 0.0028594431933015585 -0.005636947695165873 -0.012378180399537086
v 0.0023590573109686375 -0.005712159443646669 -0.012478875927627087
v 0.003546912455931306 -0.004152805078774691 -0.012157294899225235
v 0.0032877223566174507 -0.0037073108833283186 -0.012180492281913757
v 0.0012762458063662052 -0.004756004549562931 -0.012629888951778412
v -0.004257209599018097 -0.004538348875939846 -0.013680685311555862
v 0.0014868448488414288 -0.005226831417530775 -0.012617546133697033
v -0.006369703449308872 -0.005099528934806585 -0.014120358042418957
v -0.006580301560461521 -0.004628702066838741 -0.014132699929177761
v 0.0030942698940634727 -0.0035364865325391293 -0.012207472696900368
v -0.006314607337117195 0.006878325249999762 -0.013393748551607132
v -0.006525207310914993 0.0073491535149514675 -0.013406091369688511
v -0.006551575381308794 0.007607087958604097 -0.013395741581916809
v -0.006440341006964445 0.008108260110020638 -0.013344396837055683
v -0.006131828762590885 0.008513261564075947 -0.013260874897241592
v -0.005683061666786671 0.008747227489948273 -0.013160614296793938
v -0.005177000071853399 0.008766910061240196 -0.013062147423624992
v -0.004707183223217726 0.008568670600652695 -0.012983675114810467
v -0.004771397914737463 -0.0053919716738164425 -0.01383056491613388
v -0.0044212364591658115 -0.005023746285587549 -0.013741235248744488
v 0.0018714821198955178 -0.0055664777755737305 -0.01256390381604433
v -0.004997104872018099 -0.005509645212441683 -0.013880991376936436
v -0.0054974909871816635 -0.005584857426583767 -0.01398168783634901
v -0.00598506536334753 -0.005439175758510828 -0.01406671479344368
v -0.006186922546476126 -0.003464593319222331 -0.013987484388053417
v -0.006495435256510973 -0.003869594307616353 -0.014071006327867508
v -0.006606669165194035 -0.004370766691863537 -0.01412235014140606
v 0.0014162070583552122 0.007980958558619022 -0.011841585859656334
v 0.0017247204668819904 0.008385959081351757 -0.011758062988519669
v 0.0021734863985329866 0.008619925007224083 -0.011657802388072014
v 0.0026795484591275454 0.008639607578516006 -0.011559335514903069
v 0.003149363910779357 0.008441368117928505 -0.011480863206088543
v 0.003342816373333335 0.00827054399996996 -0.011453883722424507
v 0.00360200647264719 0.007825049571692944 -0.01143068540841341
v -0.004366142209619284 0.00695410743355751 -0.013014625757932663
v -0.0047163041308522224 0.006585882510989904 -0.01310395635664463
v -0.00523209385573864 -0.0032109448220580816 -0.013788755983114243
v -0.004942011088132858 0.006468209903687239 -0.013154382817447186
v -0.0057381559163331985 -0.003230627626180649 -0.013887222856283188
v -0.005442397203296423 0.006392997689545155 -0.013255077414214611
v -0.0059299711138010025 0.0065386793576180935 -0.01334010623395443
v -0.004568825010210276 -0.0035800086334347725 -0.013683304190635681
v 0.0029145381413400173 0.006340907420963049 -0.011651570908725262
v -0.004762277472764254 -0.0034091840498149395 -0.013710283674299717
v 0.0015419397968798876 0.006751023232936859 -0.011890937574207783
v 0.001331340754404664 0.0072218505665659904 -0.011903279460966587
v 0.0013049730332568288 0.007479785941541195 -0.011892929673194885
v -0.0027398208621889353 -0.012399098835885525 -0.020489295944571495
v -0.002653886331245303 -0.01214479748159647 -0.020457573235034943
v -0.0025159677024930716 -0.011915836483240128 -0.02041737176477909
v -0.002332517644390464 -0.011722920462489128 -0.020370570942759514
v -0.0021121101453900337 -0.011575073935091496 -0.020319359377026558
v -0.0018650535494089127 -0.011479206383228302 -0.020266132429242134
v -0.0016028975369408727 -0.011439802125096321 -0.020213376730680466
v -0.0013379043666645885 -0.011458703316748142 -0.020163562148809433
v -0.0010824614437296987 -0.01153502706438303 -0.020119015127420425
v -0.0008485134458169341 -0.011665203608572483 -0.020081819966435432
v -0.0006470001535490155 -0.01184314489364624 -0.020053716376423836
v -0.0004873445723205805 -0.012060532346367836 -0.020036017522215843
v -0.0003770108742173761 -0.012307202443480492 -0.020029552280902863
v -0.00032115852809511125 -0.01257161796092987 -0.02003462053835392
v -0.0003145828959532082 -0.012706633657217026 -0.02004142664372921
v -0.0003223996900487691 -0.012841416522860527 -0.020050987601280212
v -0.0003806758613791317 -0.01310398243367672 -0.020077886059880257
v -0.0004932623123750091 -0.013347039930522442 -0.02011406049132347
v -0.0006548944511450827 -0.013559221290051937 -0.020157817751169205
v -0.0008580139838159084 -0.013730606995522976 -0.02020711451768875
v -0.0010931248543784022 -0.013853182084858418 -0.020259641110897064
v -0.0013492306461557746 -0.013921217992901802 -0.020312944427132607
v -0.0016143590910360217 -0.013931529596447945 -0.020364532247185707
v -0.0018761137034744024 -0.013883636333048344 -0.020411990582942963
v -0.002122251084074378 -0.0137797761708498 -0.02045310288667679
v -0.0023412657901644707 -0.013624809682369232 -0.02048594318330288
v -0.00252291327342391 -0.01342597883194685 -0.020508980378508568
v -0.0026587063912302256 -0.013192581944167614 -0.0205211341381073
v -0.0027422879356890917 -0.012935534119606018 -0.02052183635532856
v -0.0027697545010596514 -0.012666852213442326 -0.02051105536520481
v -0.005367826204746962 0.007016325835138559 0.040017902851104736
v -0.005447254050523043 -0.010251748375594616 0.03897037357091904
v -0.005379311740398407 0.00700721750035882 0.04016891121864319
v -0.005458740517497063 -0.01026085577905178 0.03912138566374779
v -0.005460282322019339 0.011685322038829327 0.018911834806203842
v -0.00537985609844327 0.011629624292254448 0.01889975182712078
v -0.005264982581138611 0.011514924466609955 0.021671051159501076
v -0.004604189191013575 0.011330300010740757 0.01879776455461979
v -0.0059651643969118595 0.012729756534099579 0.02186739630997181
v -0.0058805798180401325 0.012393438257277012 0.021823199465870857
v -0.005664666183292866 0.012099404819309711 0.024600299075245857
v -0.006059972569346428 0.012392894364893436 0.019019806757569313
v -0.00595342880114913 0.012207009829580784 0.018996944651007652
v -0.005732836667448282 0.012067523784935474 0.021774249151349068
v -0.006136300042271614 0.012564219534397125 0.019038517028093338
v -0.006178049836307764 0.01268207561224699 0.019050233066082
v -0.006249490659683943 0.01298653706908226 0.01907656155526638
v -0.006272535305470228 0.013298780657351017 0.01909814029932022
v -0.005273773800581694 0.011185671202838421 0.027258072048425674
v -0.005491670221090317 0.011691163294017315 0.027368633076548576
v -0.005547556560486555 0.011806102469563484 0.02454701066017151
v -0.005289173219352961 0.010532785207033157 0.03284769505262375
v -0.005323157645761967 0.01090467069298029 0.0329551100730896
v -0.005320611875504255 0.010866887867450714 0.03149094805121422
v -0.0054018534719944 0.011551685631275177 0.03052155114710331
v -0.00536512304097414 0.01117017399519682 0.03012450970709324
v -0.005355989094823599 0.007955877110362053 0.03968367353081703
v -0.00534660741686821 0.00817805714905262 0.03942849487066269
v -0.005323838908225298 0.0079613346606493 0.03925870731472969
v -0.005317219533026218 0.008830702863633633 0.03841494396328926
v -0.005270564928650856 0.008575589396059513 0.038037993013858795
v -0.005312853027135134 0.00893403496593237 0.03822099417448044
v -0.005199213046580553 0.009474052116274834 0.03542497009038925
v -0.005288506392389536 0.01004057191312313 0.035627853125333786
v -0.005294294096529484 0.010371354408562183 0.03467504680156708
v -0.0049628629349172115 0.0101005919277668 0.03127973899245262
v -0.0049943504855036736 0.009831654839217663 0.0326397679746151
v -0.005351251922547817 0.007553950417786837 0.03977295011281967
v -0.0053661055862903595 0.007680109702050686 0.039930231869220734
v -0.005204266402870417 0.010731751099228859 0.030014080926775932
v -0.005185538902878761 0.01046428270637989 0.031381748616695404
v -0.0051781488582491875 0.010167885571718216 0.03274047374725342
v -0.004654911812394857 0.01133895106613636 0.01880376599729061
v -0.005024539772421122 0.011445070616900921 0.018850130960345268
v -0.004907261114567518 0.011402839794754982 0.018834900110960007
v -0.004650202579796314 0.011269258335232735 0.020191220566630363
v -0.0046502635814249516 0.01117667369544506 0.021577361971139908
v -0.004931685049086809 0.011085370555520058 0.024390563368797302
v -0.004967949353158474 0.011315494775772095 0.02162189595401287
v -0.004994042683392763 0.011393417604267597 0.020236389711499214
v -0.005194986704736948 0.011522159911692142 0.01887323521077633
v -0.005696615669876337 0.01188830565661192 0.01894974894821644
v -0.005173829384148121 0.011289074085652828 0.02444007433950901
v -0.00492094736546278 0.010761301033198833 0.02715488336980343
v -0.005382085219025612 0.011532259173691273 0.0244928989559412
v -0.005524636711925268 0.011769425123929977 0.021722683683037758
v -0.005898166447877884 0.012126116082072258 0.018986035138368607
v -0.004940447397530079 0.0103443069383502 0.029911262914538383
v -0.005378382746130228 0.007129620760679245 0.040166597813367844
v -0.005376083310693502 0.007291175425052643 0.040134578943252563
v -0.005372137762606144 0.007473285309970379 0.040060658007860184
v -0.005413964856415987 0.011621173471212387 0.030233090743422508
v -0.0055448925122618675 0.012174851261079311 0.02768835984170437
v -0.005557844880968332 0.012216830626130104 0.02747381664812565
v -0.005750865675508976 0.012696635909378529 0.02469695545732975
v -0.005989883095026016 0.013060207478702068 0.021905405446887016
v -0.007096875458955765 0.013130433857440948 0.011728907935321331
v -0.007168007083237171 0.013434741646051407 0.011757712811231613
v -0.008322997950017452 0.013881996273994446 0.004472497850656509
v -0.005529717542231083 0.011781944893300533 0.011422763578593731
v -0.006979305762797594 0.012841501273214817 0.011694432236254215
v -0.006818191148340702 0.012575061060488224 0.011655119247734547
v -0.006617498118430376 0.012337672524154186 0.011611945927143097
v -0.0063821724615991116 0.012135181576013565 0.011565973982214928
v -0.006118005607277155 0.011972573585808277 0.011518336832523346
v -0.005831502377986908 0.011853854171931744 0.011470205150544643
v -0.008991518057882786 0.014413128606975079 0.0009347497252747416
v -0.007191548123955727 0.013746933080255985 0.011780220083892345
v -0.006542873103171587 0.013444136828184128 0.01672249659895897
v -0.008252214640378952 0.013577822595834732 0.004441488534212112
v -0.008135218173265457 0.013289112597703934 0.004403392784297466
v -0.007974887266755104 0.013022974133491516 0.0043591465801000595
v -0.006692645139992237 0.01223227009177208 0.004087502136826515
v -0.006992973852902651 0.012303615920245647 0.004144130274653435
v -0.00727809127420187 0.012421799823641777 0.004200989380478859
v -0.007540981285274029 0.012583913281559944 0.004256682004779577
v -0.007775167468935251 0.012785962782800198 0.00430983817204833
v -0.011272070929408073 0.014773164875805378 -0.009994440712034702
v -0.011294608935713768 0.015085226856172085 -0.009969894774258137
v -0.011266444809734821 0.014737825840711594 -0.009997938759624958
v -0.0112021304666996 0.014469245448708534 -0.010029585100710392
v -0.01108651515096426 0.014180953614413738 -0.010074459947645664
v -0.010988659225404263 0.014006094075739384 -0.010108173824846745
v -0.010928071103990078 0.01391538605093956 -0.010127965360879898
v -0.009660853073000908 0.013129220344126225 -0.010473284870386124
v -0.00995766744017601 0.01319950446486473 -0.01039943192154169
v -0.010239449329674244 0.013316679745912552 -0.0103262048214674
v -0.010499260388314724 0.013477862812578678 -0.010255405679345131
v -0.010730698704719543 0.013679083436727524 -0.01018877886235714
v -0.010737495496869087 0.013686053454875946 -0.010186756029725075
v -0.010551348328590393 0.013460302725434303 -0.010627519339323044
v -0.012300367467105389 0.010378831997513771 -0.01488596573472023
v -0.012051875703036785 0.010360635817050934 -0.014604853466153145
v -0.01202429924160242 0.011133535765111446 -0.014469916000962257
v -0.011547772213816643 0.01504797488451004 -0.011044370010495186
v -0.012491804547607899 0.01039927825331688 -0.015208515338599682
v -0.012414636090397835 0.01039000041782856 -0.015061414800584316
v -0.012382971122860909 0.011281345039606094 -0.014904450625181198
v -0.012591009959578514 0.011348331347107887 -0.015411151573061943
v -0.01261943019926548 0.010421255603432655 -0.015561122447252274
v -0.012585905380547047 0.01143335085362196 -0.015387681312859058
v -0.012515355832874775 0.012233064509928226 -0.015078729949891567
v -0.012298589572310448 0.012115536257624626 -0.014552139677107334
v -0.012497110292315483 0.012384089641273022 -0.015000991523265839
v -0.012395145371556282 0.013046501204371452 -0.014572689309716225
v -0.012169000692665577 0.012847645208239555 -0.01403171569108963
v -0.012360733933746815 0.013224666938185692 -0.014429423026740551
v -0.01148971077054739 0.014726599678397179 -0.01093487162142992
v -0.011712045408785343 0.014547769911587238 -0.01185923907905817
v -0.01181026827543974 0.014786051586270332 -0.0121456915512681
v -0.012046048417687416 0.014328422024846077 -0.013125956058502197
v -0.011624838225543499 0.012992682866752148 -0.013102130964398384
v -0.011836748570203781 0.013214661739766598 -0.013225973583757877
v -0.01164156198501587 0.013633687049150467 -0.012507779523730278
v -0.01152605190873146 0.013200255110859871 -0.012773514725267887
v -0.011421365663409233 0.013374165631830692 -0.012426663190126419
v -0.011430337093770504 0.013905041851103306 -0.011731772683560848
v -0.01131274551153183 0.013512535952031612 -0.012067994102835655
v -0.011200693435966969 0.013616182841360569 -0.0116991326212883
v -0.011209595017135143 0.014029165729880333 -0.010920543223619461
v -0.01108569372445345 0.013685358688235283 -0.01132170669734478
v -0.010853477753698826 0.01371980644762516 -0.010563336312770844
v -0.010969511233270168 0.01371975988149643 -0.010941612534224987
v -0.011384334415197372 0.01437179371714592 -0.010918788611888885
v -0.011602128855884075 0.01422131434082985 -0.011786561459302902
v -0.01181050855666399 0.013915031217038631 -0.01261252723634243
v -0.01200308557599783 0.013453287072479725 -0.013373962603509426
v -0.012231745757162571 0.013769892044365406 -0.013894668780267239
v -0.012185833416879177 0.013928614556789398 -0.01370467059314251
v -0.010288707911968231 0.013047123327851295 -0.011744755320250988
v -0.010426362045109272 0.01295471377670765 -0.012054810300469398
v -0.010146785527467728 0.013111833482980728 -0.011426377110183239
v -0.01000271737575531 0.013148400001227856 -0.011104482226073742
v -0.009858079254627228 0.013156982138752937 -0.010782652534544468
v -0.010212128981947899 0.013271085917949677 -0.01070233155041933
v -0.010346882976591587 0.013270275667309761 -0.011037074029445648
v -0.010481241159141064 0.013239664025604725 -0.011373251676559448
v -0.010613719932734966 0.013178880326449871 -0.011706958524882793
v -0.010742327198386192 0.013088179752230644 -0.012033012695610523
v -0.010559238493442535 0.012834449298679829 -0.012355375103652477
v -0.010866574011743069 0.012967315502464771 -0.012350007891654968
v -0.01098594255745411 0.012815553694963455 -0.012656530365347862
v -0.010675971396267414 0.013462445698678493 -0.010981367900967598
v -0.010800478979945183 0.01343261543661356 -0.011337238363921642
v -0.010923465713858604 0.01337035559117794 -0.011690917424857616
v -0.011043068021535873 0.013275879435241222 -0.012036851607263088
v -0.011158804409205914 0.013148913159966469 -0.012373476289212704
v -0.011270158924162388 0.012988664209842682 -0.012699229642748833
v -0.01137507613748312 0.012796832248568535 -0.01300804316997528
v -0.011799725703895092 0.01248080749064684 -0.013688717968761921
v -0.011935962364077568 0.011853726580739021 -0.014154406264424324
v -0.011420486494898796 0.010333461686968803 -0.01420479454100132
v -0.01158462930470705 0.010338685475289822 -0.014278450980782509
v -0.011548709124326706 0.011012916453182697 -0.01415539626032114
v -0.011755092069506645 0.010345332324504852 -0.014375095255672932
v -0.011296292766928673 0.01218811608850956 -0.013465290889143944
v -0.011449778452515602 0.011641212739050388 -0.01387676503509283
v -0.011098254472017288 0.01263449713587761 -0.012946932576596737
v -0.012698857113718987 -0.00684681860730052 -0.016608651727437973
v -0.012571231462061405 -0.006868795491755009 -0.016256043687462807
v -0.012494083493947983 -0.006878071464598179 -0.016108976677060127
v -0.01237979531288147 -0.006889242213219404 -0.01593349315226078
v -0.012131302617490292 -0.0069074383936822414 -0.015652382746338844
v -0.011834518983960152 -0.006922741420567036 -0.015422623604536057
v -0.011664068326354027 -0.006929387338459492 -0.015325985848903656
v -0.011499913409352303 -0.00693461112678051 -0.015252322889864445
v -0.01084810495376587 -0.009937926195561886 -0.013429461978375912
v -0.010719986632466316 -0.010068988427519798 -0.013115535490214825
v -0.010393704287707806 -0.009936612099409103 -0.013137392699718475
v -0.011391951702535152 -0.008869958110153675 -0.014739688485860825
v -0.011540919542312622 -0.008274511434137821 -0.015083713456988335
v -0.012028939090669155 -0.008447795175015926 -0.01538461446762085
v -0.011830841191112995 -0.011399713344871998 -0.013430978171527386
v -0.01169649139046669 -0.011967984959483147 -0.012785745784640312
v -0.011611148715019226 -0.011690589599311352 -0.012537038885056973
v -0.011419949121773243 -0.012164393439888954 -0.011622930876910686
v -0.011394538916647434 -0.011851870454847813 -0.01160958781838417
v -0.012297836132347584 -0.01055912021547556 -0.015187626704573631
v -0.012211746536195278 -0.010868887417018414 -0.014855311252176762
v -0.012039637193083763 -0.010951251722872257 -0.014259403571486473
v -0.012099988758563995 -0.011205142363905907 -0.01441769115626812
v -0.011967703700065613 -0.011525224894285202 -0.013891330920159817
v -0.012393755838274956 -0.008656717836856842 -0.0158107690513134
v -0.012539687566459179 -0.00930456630885601 -0.016092665493488312
v -0.012270565144717693 -0.009449467062950134 -0.01538050640374422
v -0.012381031177937984 -0.01020610611885786 -0.01550432201474905
v -0.012110971845686436 -0.010128640569746494 -0.014802227728068829
v -0.012691229581832886 -0.007463877089321613 -0.016605492681264877
v -0.01263654325157404 -0.008435362949967384 -0.016434412449598312
v -0.012594439089298248 -0.008867648430168629 -0.01628853566944599
v -0.012470196932554245 -0.0077905538491904736 -0.016059501096606255
v -0.011203518137335777 -0.011256054975092411 -0.011617538519203663
v -0.011393855325877666 -0.011410735547542572 -0.012046786025166512
v -0.011321796104311943 -0.011546586640179157 -0.011607776395976543
v -0.011388596147298813 -0.011816481128334999 -0.011608794331550598
v -0.011849768459796906 -0.010180048644542694 -0.014306792989373207
v -0.011631699278950691 -0.009954412467777729 -0.014175309799611568
v -0.011942530982196331 -0.009911010973155499 -0.014626678079366684
v -0.011728635057806969 -0.009707419201731682 -0.014477136544883251
v -0.011898075230419636 -0.009129432030022144 -0.014996224083006382
v -0.011717995628714561 -0.011085349135100842 -0.013319556601345539
v -0.011543337255716324 -0.01077949907630682 -0.013227156363427639
v -0.011649669148027897 -0.010613963939249516 -0.013605392538011074
v -0.011311046779155731 -0.010498731397092342 -0.01316008623689413
v -0.011422397568821907 -0.010349736548960209 -0.013515124097466469
v -0.011923298239707947 -0.010679556988179684 -0.014103132300078869
v -0.011751835234463215 -0.01041441224515438 -0.013965306803584099
v -0.01152929849922657 -0.010168550536036491 -0.013853606767952442
v -0.0121103934943676 -0.007698518689721823 -0.01561059057712555
v -0.011633810587227345 -0.007620236370712519 -0.015284192748367786
v -0.009768053889274597 -0.01017693616449833 -0.011887100525200367
v -0.01010962761938572 -0.010116896592080593 -0.012515558861196041
v -0.009819991886615753 -0.010186598636209965 -0.011875532567501068
v -0.010454951785504818 -0.010242861695587635 -0.012463185004889965
v -0.010185131803154945 -0.010298274457454681 -0.011796913109719753
v -0.010065541602671146 -0.010252908803522587 -0.011822119355201721
v -0.010530900210142136 -0.009805699810385704 -0.013435161672532558
v -0.010970781557261944 -0.009778950363397598 -0.013728771358728409
v -0.01150254812091589 -0.011341231875121593 -0.012478272430598736
v -0.011214434169232845 -0.011058961041271687 -0.012036142870783806
v -0.011324676685035229 -0.01100244838744402 -0.012438720092177391
v -0.010965974070131779 -0.010741537436842918 -0.012047071009874344
v -0.011081754229962826 -0.01069492008537054 -0.012422389350831509
v -0.010785835795104504 -0.010437349788844585 -0.01243092492222786
v -0.01104261726140976 -0.01098743174225092 -0.011638638563454151
v -0.010843053460121155 -0.010747330263257027 -0.0116705521941185
v -0.010609742254018784 -0.010541659779846668 -0.011712495237588882
v -0.010536513291299343 -0.010489164851605892 -0.011726404540240765
v -0.010348426178097725 -0.010375491343438625 -0.0117634367197752
v -0.011198780499398708 -0.00937523040920496 -0.014280286617577076
v -0.011477098800241947 -0.009526543319225311 -0.014360313303768635
v -0.011264681816101074 -0.009953733533620834 -0.01377379335463047
v -0.01103153731673956 -0.010258184745907784 -0.01312248408794403
v -0.011196902953088284 -0.010614147409796715 -0.01279386505484581
v -0.011434431187808514 -0.01090943068265915 -0.012836193665862083
v -0.011610710062086582 -0.01123286597430706 -0.012902982532978058
v -0.010662199929356575 -0.009649212472140789 -0.013718266040086746
v -0.0047621941193938255 -0.011984705924987793 0.01738888956606388
v -0.004711390007287264 -0.011975856497883797 0.01738394796848297
v -0.006739472504705191 -0.011095304042100906 0.003022190183401108
v -0.005132804624736309 -0.012092258781194687 0.01742229238152504
v -0.0050151352770626545 -0.012049572542309761 0.017412209883332253
v -0.007040546275675297 -0.011170189827680588 0.0030695227906107903
v -0.006668213754892349 -0.013805483467876911 0.015069464221596718
v -0.006397875025868416 -0.013950838707387447 0.01744510419666767
v -0.006371956784278154 -0.01363849826157093 0.017461411654949188
v -0.009116859175264835 -0.012836492620408535 -0.0007182855624705553
v -0.008411196060478687 -0.013076752424240112 0.003188794944435358
v -0.008385485969483852 -0.01276431791484356 0.0032035617623478174
v -0.009779750369489193 -0.012307440862059593 -0.004222147632390261
v -0.009706544689834118 -0.01200228650122881 -0.004218218848109245
v -0.009587510488927364 -0.011711969040334225 -0.004224513657391071
v -0.00942557118833065 -0.011443637311458588 -0.004240875132381916
v -0.00872688926756382 -0.010832961648702621 -0.004345163702964783
v -0.008989895693957806 -0.010998654179275036 -0.0043019517324864864
v -0.009224719367921352 -0.011203899048268795 -0.004266902804374695
v -0.008442170917987823 -0.010710895992815495 -0.004395471885800362
v -0.008142753504216671 -0.010635467246174812 -0.004451637621968985
v -0.00831188540905714 -0.012459293939173222 0.003209610702469945
v -0.008192197419703007 -0.012169190682470798 0.003206789493560791
v -0.0073268357664346695 -0.011291739530861378 0.0031114399898797274
v -0.007591295056045055 -0.011456955224275589 0.003146905917674303
v -0.007827411405742168 -0.011661775410175323 0.00317504839040339
v -0.008029368706047535 -0.011901150457561016 0.0031951763667166233
v -0.006297714076936245 -0.013333755545318127 0.0174720399081707
v -0.006254880223423243 -0.013215737417340279 0.01747463457286358
v -0.006176976021379232 -0.013044113293290138 0.017476730048656464
v -0.006068719085305929 -0.012857811525464058 0.017476441338658333
v -0.006012711673974991 -0.012776701711118221 0.017475362867116928
v -0.005808969959616661 -0.012538108043372631 0.017467975616455078
v -0.005570764187723398 -0.012334201484918594 0.01745474338531494
v -0.005489824339747429 -0.012278192676603794 0.01744944043457508
v -0.005303963087499142 -0.012170011177659035 0.01743600144982338
v -0.00571998069062829 -0.01266297698020935 0.018849756568670273
v -0.005999128799885511 -0.013385174795985222 0.0202596727758646
v -0.005102606490254402 -0.012208829633891582 0.018804555758833885
v -0.005430158227682114 -0.012403800152242184 0.01883024349808693
v -0.004757617600262165 -0.01208327803760767 0.01877453923225403
v -0.005435450933873653 -0.010756365954875946 0.03866172209382057
v -0.005448434967547655 -0.011009079404175282 0.038690581917762756
v -0.005454746540635824 -0.01076461747288704 0.03891879320144653
v -0.005457780789583921 -0.010569637641310692 0.03903874382376671
v -0.005458839703351259 -0.010420151986181736 0.03909483924508095
v -0.00543636130169034 -0.01133374311029911 0.03824503719806671
v -0.0054100980050861835 -0.0119105139747262 0.037028852850198746
v -0.005436136852949858 -0.011339077726006508 0.0382363423705101
v -0.005363475531339645 -0.011558604426681995 0.036825139075517654
v -0.005411461461335421 -0.011098952032625675 0.03810137137770653
v -0.005298688542097807 -0.012136951088905334 0.034118566662073135
v -0.005393194500356913 -0.012722688727080822 0.03425154462456703
v -0.005405917763710022 -0.012007759883999825 0.03676657751202583
v -0.005662152078002691 -0.013134476728737354 0.023036086931824684
v -0.005494177807122469 -0.0128576485440135 0.023015378043055534
v -0.005561951547861099 -0.01282134372740984 0.021623851731419563
v -0.00584837980568409 -0.013057103380560875 0.020250394940376282
v -0.005637434311211109 -0.012756883166730404 0.020235132426023483
v -0.005384194198995829 -0.012848889455199242 0.025805316865444183
v -0.005781953688710928 -0.013430960476398468 0.023053595796227455
v -0.005477030295878649 -0.013178883120417595 0.02864985167980194
v -0.0053968289867043495 -0.012876147404313087 0.03142859414219856
v -0.005282421130686998 -0.012502022087574005 0.03136620298027992
v -0.005430561024695635 -0.01304350420832634 0.030041595920920372
v -0.005291762761771679 -0.012631934136152267 0.029981782659888268
v -0.0053121475502848625 -0.012731879949569702 0.028593135997653008
v -0.005027604289352894 -0.01241844892501831 0.025753987953066826
v -0.005044804885983467 -0.012337320484220982 0.028537750244140625
v -0.005039718002080917 -0.012405822984874249 0.022967558354139328
v -0.004757600836455822 -0.012158946134150028 0.02016204036772251
v -0.005076564382761717 -0.012299218215048313 0.020189637318253517
v -0.005055372137576342 -0.012364554218947887 0.021577421575784683
v -0.005095519125461578 -0.012157803401350975 0.03130677714943886
v -0.005065738223493099 -0.012260657735168934 0.029924357309937477
v -0.005873543210327625 -0.01403458695858717 0.023078955709934235
v -0.005530049093067646 -0.013639166951179504 0.028703156858682632
v -0.005517639219760895 -0.013605648651719093 0.028993748128414154
v -0.0054334173910319805 -0.013252286240458488 0.03152501955628395
v -0.0053754341788589954 -0.012500395998358727 0.020214492455124855
v -0.005326377227902412 -0.012569342739880085 0.021601984277367592
v -0.0052837105467915535 -0.01261178869754076 0.022992219775915146
v -0.012970752082765102 0.019917156547307968 -0.01765463873744011
v -0.01313603576272726 -0.016016406938433647 -0.01983446627855301
v -0.013015583157539368 0.019897133111953735 -0.017321160063147545
v -0.013180872425436974 -0.016036435961723328 -0.019500909373164177
v -0.013022101484239101 0.01989044062793255 -0.01721034198999405
v -0.01318738516420126 -0.016043122857809067 -0.01939016953110695
v -0.01317187212407589 -0.016070308163762093 -0.018943212926387787
v -0.013006588444113731 0.019863255321979523 -0.016763383522629738
v -0.013089844025671482 -0.016097355633974075 -0.018503565341234207
v -0.012924560345709324 0.01983620785176754 -0.016323735937476158
v -0.012326439842581749 0.019956860691308975 -0.018358003348112106
v -0.012911707162857056 0.019935516640543938 -0.017961764708161354
v -0.012812802568078041 0.02130161039531231 -0.01786108687520027
v -0.012232478708028793 0.021254651248455048 -0.018262360244989395
v -0.012288813479244709 0.0233804639428854 -0.017636079341173172
v -0.011734691448509693 0.023229561746120453 -0.01804860308766365
v -0.011337419971823692 0.025291843339800835 -0.017338914796710014
v -0.010830865241587162 0.025045370683073997 -0.017766296863555908
v -0.010002831928431988 0.02694692648947239 -0.016983401030302048
v -0.009563006460666656 0.02661770209670067 -0.017428558319807053
v -0.008347063325345516 0.028268810361623764 -0.01658605970442295
v -0.007990026846528053 0.027873490005731583 -0.017051083967089653
v -0.006447054911404848 0.029196064919233322 -0.0161653533577919
v -0.006185020785778761 0.028754381462931633 -0.016651414334774017
v -0.004391098394989967 0.029685603454709053 -0.015740832313895226
v -0.004231859464198351 0.02921944297850132 -0.01624811813235283
v -0.0030451109632849693 0.02975793555378914 -0.015477742068469524
v -0.0029531714972108603 0.0292881578207016 -0.01599818281829357
v 0.0023806882090866566 -0.004146453458815813 -0.018501514568924904
v 0.002491922117769718 -0.0036452815402299166 -0.018450170755386353
v 0.0028004366904497147 -0.0032402805518358946 -0.018366647884249687
v 0.0032492014579474926 -0.003006315091624856 -0.018266387283802032
v 0.0037552642170339823 -0.0029866318218410015 -0.018167920410633087
v 0.0042250799015164375 -0.003184871282428503 -0.018089447170495987
v 0.0044185323640704155 -0.0033556954003870487 -0.018062468618154526
v 0.004677722696214914 -0.0038011898286640644 -0.018039269372820854
v 0.004730148706585169 -0.004314036574214697 -0.018059847876429558
v 0.00456612091511488 -0.004799433518201113 -0.018120398744940758
v 0.004215959459543228 -0.005167658906430006 -0.018209729343652725
v 0.003990253433585167 -0.005285332445055246 -0.018260154873132706
v 0.0034898670855909586 -0.005360544193536043 -0.01836085133254528
v 0.0030022920109331608 -0.005214862525463104 -0.018445879220962524
v 0.0026176548562943935 -0.004875216167420149 -0.018499521538615227
v 0.00240705581381917 -0.0044043888337910175 -0.01851186342537403
v -0.00547585915774107 -0.004019150976091623 -0.020004326477646828
v -0.005364625249058008 -0.003517978824675083 -0.019952982664108276
v -0.005056112539023161 -0.0031129783019423485 -0.01986945979297161
v -0.004607345908880234 -0.0028790123760700226 -0.019769199192523956
v -0.004101283848285675 -0.0028593295719474554 -0.01967073231935501
v -0.003631467232480645 -0.003057569032534957 -0.01959225907921791
v -0.003438014769926667 -0.0032283933833241463 -0.01956528052687645
v -0.0031788256019353867 -0.0036738875787705183 -0.019542081281542778
v -0.003126399591565132 -0.00418673362582922 -0.01956265978515148
v -0.0032904264517128468 -0.00467213150113821 -0.01962321065366268
v -0.003640587907284498 -0.005040355958044529 -0.01971254125237465
v -0.003866294864565134 -0.005158029496669769 -0.01976296678185463
v -0.004366680979728699 -0.005233242176473141 -0.019863663241267204
v -0.004854255355894566 -0.005087560508400202 -0.019948691129684448
v -0.0052388934418559074 -0.004747913684695959 -0.02000233344733715
v -0.005449491553008556 -0.004277086816728115 -0.020014675334095955
v -0.008306113071739674 -0.01982799731194973 -0.0020103193819522858
v -0.007698345929384232 -0.01904694177210331 0.0012252158485352993
v -0.008529525250196457 -0.017765063792467117 0.0023460148368030787
v -0.005136899650096893 -0.013134612701833248 0.0478767454624176
v -0.005609902087599039 -0.012325841002166271 0.050877925008535385
v -0.006700593046844006 -0.011182032525539398 0.05073661357164383
v -0.006270145066082478 -0.011930017732083797 0.04812299460172653
v -0.005787533242255449 -0.012832099571824074 0.0439627468585968
v -0.004656241275370121 -0.014028546400368214 0.04342770576477051
v -0.004532267805188894 -0.014297696761786938 0.04172006994485855
v -0.005543540231883526 -0.013385491445660591 0.04049099236726761
v -0.004478571005165577 -0.014427625574171543 0.04081014171242714
v -0.005502538289874792 -0.013501354493200779 0.03963058441877365
v -0.005405120551586151 -0.014166432432830334 0.0333796963095665
v -0.004323417320847511 -0.015001242980360985 0.03589834272861481
v -0.00442951126024127 -0.015566580928862095 0.029184972867369652
v -0.005522578489035368 -0.014524804428219795 0.028920885175466537
v -0.004467897582799196 -0.01563265733420849 0.028290975838899612
v -0.005547381937503815 -0.014567307196557522 0.028352627530694008
v -0.004931536503136158 -0.01614810712635517 0.021401608362793922
v -0.006058976519852877 -0.01513851061463356 0.020857971161603928
v -0.005404605530202389 -0.01657332479953766 0.016686519607901573
v -0.006358876824378967 -0.015413882210850716 0.017784973606467247
v -0.006677080411463976 -0.015710916370153427 0.01495301816612482
v -0.005848322995007038 -0.016987664625048637 0.013043335638940334
v -0.00671502947807312 -0.015747323632240295 0.01463653426617384
v -0.0061955526471138 -0.01733454130589962 0.010497301816940308
v -0.00749142374843359 -0.016546819359064102 0.008833788335323334
v -0.007192525546997786 -0.018434369936585426 0.004107762593775988
v -0.007632979191839695 -0.018965821713209152 0.001587125938385725
v -0.011247988790273666 -0.022923970595002174 -0.013356207869946957
v -0.010977193713188171 -0.023771509528160095 -0.014226543717086315
v -0.009786349721252918 -0.021918460726737976 -0.009113684296607971
v -0.011539211496710777 -0.02293926477432251 -0.013864484615623951
v -0.0114405183121562 -0.023145340383052826 -0.014021544717252254
v -0.011328649707138538 -0.023329462856054306 -0.014122175052762032
v -0.011158183217048645 -0.023561736568808556 -0.014200408011674881
v -0.01163533516228199 -0.02254803664982319 -0.013411029241979122
v -0.011630012653768063 -0.022604458034038544 -0.013491114601492882
v -0.011584682390093803 -0.02281215973198414 -0.013741549104452133
v -0.009145013056695461 -0.01856059953570366 -0.0010752294911071658
v -0.009620839729905128 -0.019210275262594223 -0.00356107484549284
v -0.009283286519348621 -0.02117972820997238 -0.006804957054555416
v -0.010297424159944057 -0.02018299140036106 -0.00689946673810482
v -0.009580054320394993 -0.02161215990781784 -0.00817866064608097
v -0.010871858336031437 -0.021051164716482162 -0.009579594247043133
v -0.011524384841322899 -0.022080978378653526 -0.012475709430873394
v -0.011618262156844139 -0.022310351952910423 -0.01300473790615797
v -0.0061263591051101685 0.007662252988666296 0.048941466957330704
v -0.0047998433001339436 0.009598203003406525 0.046893760561943054
v -0.004532186780124903 0.010470257140696049 0.04402303695678711
v -0.0066194054670631886 0.006468530744314194 0.05180734768509865
v -0.005574066657572985 0.00763815687969327 0.052078235894441605
v -0.005338799208402634 0.008189753629267216 0.050771865993738174
v -0.005289305932819843 0.010990493930876255 0.03735733777284622
v -0.005436542443931103 0.009884399361908436 0.04190327227115631
v -0.004444933496415615 0.010819274932146072 0.042757611721754074
v -0.005502243060618639 0.009592195972800255 0.04298106208443642
v -0.005640929564833641 0.009073449298739433 0.04477277398109436
v -0.0042818207293748856 0.011776834726333618 0.03891709819436073
v -0.004282733891159296 0.013000600039958954 0.03325534611940384
v -0.0053930035792291164 0.012386484071612358 0.03069412149488926
v -0.0043290541507303715 0.013326125219464302 0.031639859080314636
v -0.005398680455982685 0.012414245866239071 0.0305547583848238
v -0.004556308966130018 0.014223134145140648 0.027096407487988472
v -0.00589510053396225 0.013932653702795506 0.022961419075727463
v -0.004973575007170439 0.01527166087180376 0.02191939763724804
v -0.006351078860461712 0.014918857254087925 0.01841265708208084
v -0.00653494568541646 0.015289713628590107 0.016829757019877434
v -0.00550171360373497 0.016351452097296715 0.017076635733246803
v -0.005784153006970882 0.016897018998861313 0.014864347875118256
v -0.007119940593838692 0.01644003577530384 0.012362375855445862
v -0.006242717150598764 0.01777048408985138 0.011613303795456886
v -0.00809111911803484 0.01833323761820793 0.0061271716840565205
v -0.0076669249683618546 0.020492851734161377 0.0031533713918179274
v -0.00855628214776516 0.019250910729169846 0.0034768676850944757
v -0.007172952406108379 0.019540470093488693 0.005876449868083
v -0.0066682943142950535 0.018578024581074715 0.008872068487107754
v -0.010111683048307896 0.02241457626223564 -0.004363518673926592
v -0.008994560688734055 0.020126469433307648 0.001125839538872242
v -0.008965665474534035 0.02006838284432888 0.00127696362324059
v -0.010121792554855347 0.025446243584156036 -0.008349260315299034
v -0.011330507695674896 0.025007769465446472 -0.009715880267322063
v -0.00921574980020523 0.023572362959384918 -0.004421328194439411
v -0.008855817839503288 0.022842925041913986 -0.0027687365654855967
v -0.010792708955705166 0.02686704695224762 -0.01107047125697136
v -0.01099296286702156 0.026621216908097267 -0.011091050691902637
v -0.011038640514016151 0.026557859033346176 -0.011087380349636078
v -0.011178310960531235 0.02633875049650669 -0.011046853847801685
v -0.011239702813327312 0.026224767789244652 -0.01100856065750122
v -0.01133483462035656 0.026007477194070816 -0.01090188417583704
v -0.01138367224484682 0.025855189189314842 -0.010799502953886986
v -0.011429292149841785 0.025606852024793625 -0.010579380206763744
v -0.011434695683419704 0.025464337319135666 -0.010420287027955055
v -0.011380377225577831 0.025135362520813942 -0.009946299716830254
v -0.012048212811350822 0.023940160870552063 -0.01272988598793745
v -0.011816667392849922 0.024354113265872 -0.011772171594202518
v -0.011811730451881886 0.024927586317062378 -0.011993594467639923
v -0.010875270701944828 0.026687202975153923 -0.012353009544312954
v -0.011411392129957676 0.026028255000710487 -0.01251244731247425
v -0.01051785983145237 0.027108503505587578 -0.011450531892478466
v -0.011046145111322403 0.026554908603429794 -0.011423258110880852
v -0.011760345660150051 0.02521960437297821 -0.012118082493543625
v -0.012785634957253933 0.021563688293099403 -0.01572156511247158
v -0.012774626724421978 0.02217421494424343 -0.015755563974380493
v -0.012869245372712612 0.020918933674693108 -0.01606747880578041
v -0.012928674928843975 0.021094277501106262 -0.01636447012424469
v -0.01291315071284771 0.02030409500002861 -0.016260376200079918
v -0.012917141430079937 0.021075213328003883 -0.017472974956035614
v -0.012931997887790203 0.02138093300163746 -0.01702088490128517
v -0.012724397704005241 0.022679805755615234 -0.016386961564421654
v -0.012758308090269566 0.022255627438426018 -0.017048142850399017
v -0.012870675884187222 0.021515492349863052 -0.017343929037451744
v -0.012489342130720615 0.023412898182868958 -0.016368720680475235
v -0.012517651543021202 0.023312052711844444 -0.016439395025372505
v -0.01262044906616211 0.022912267595529556 -0.016697252169251442
v -0.012278744019567966 0.02407326176762581 -0.01584550179541111
v -0.01244119182229042 0.023763196542859077 -0.01554843783378601
v -0.012074480764567852 0.024605466052889824 -0.015339726582169533
v -0.012116922996938229 0.0246584415435791 -0.014595149084925652
v -0.011888251639902592 0.025026656687259674 -0.014878440648317337
v -0.011041409336030483 0.026467710733413696 -0.012770123779773712
v -0.011401854455471039 0.025929519906640053 -0.013670478016138077
v -0.011826696805655956 0.025155149400234222 -0.014725863933563232
v -0.012951693497598171 0.021239418536424637 -0.01669176109135151
v -0.012776621617376804 0.022431369870901108 -0.016069898381829262
v -0.012538335286080837 0.02342517115175724 -0.01524447463452816
v -0.012266057543456554 0.02424635738134384 -0.014304447919130325
v -0.011975114233791828 0.02493184059858322 -0.013295269571244717
v -0.011675527319312096 0.025503668934106827 -0.012247544713318348
v -0.011558445170521736 0.025774745270609856 -0.01237976923584938
v -0.01243708934634924 0.022999953478574753 -0.014313237741589546
v -0.01207269262522459 0.024420594796538353 -0.013025864958763123
v -0.012647568248212337 0.02225908450782299 -0.015162226743996143
v -0.012326876632869244 0.023808566853404045 -0.014019666239619255
v -0.011225546710193157 0.02628280222415924 -0.01129647996276617
v -0.003233579220250249 0.029699331149458885 -0.01449741329997778
v -0.003931037615984678 0.02968337945640087 -0.014588853344321251
v -0.00685356417670846 0.029069112613797188 -0.014113244600594044
v -0.005991240963339806 0.029338413849473 -0.014395023696124554
v -0.0053208316676318645 0.02949761040508747 -0.014532255940139294
v -0.004627717658877373 0.029615098610520363 -0.014599288813769817
v -0.007255021017044783 0.02891915664076805 -0.013940829783678055
v -0.008389661088585854 0.02841060794889927 -0.013305235654115677
v -0.009517612867057323 0.027778631076216698 -0.01243914756923914
v -0.009086948819458485 0.028035089373588562 -0.012799129821360111
v 0.0022413621190935373 0.015161607414484024 0.023267291486263275
v -0.005811262410134077 0.02904597297310829 -0.013903951272368431
v 0.0020963081624358892 -0.016381951048970222 0.021353406831622124
v -0.010752842761576176 -0.023927001282572746 -0.014546215534210205
v -0.009329539723694324 -0.024696970358490944 -0.01599796675145626
v -0.00763654662296176 -0.02540738694369793 -0.0171707421541214
v -0.007100794464349747 -0.025586316362023354 -0.017430534586310387
v -0.006682278122752905 -0.025710711255669594 -0.017598368227481842
v -0.005654259119182825 -0.025958312675356865 -0.01788298971951008
v -0.004583490546792746 -0.026126209646463394 -0.017988063395023346
v -0.003490686882287264 -0.026197325438261032 -0.017888257279992104
v -0.0030043376609683037 -0.011898718774318695 -0.02102026902139187
v -0.003124648006632924 -0.012254741974174976 -0.02106468193233013
v -0.011979921720921993 -0.006996529642492533 -0.022452780976891518
v -0.012020552530884743 -0.01583019644021988 -0.022988654673099518
v -0.003166553797200322 -0.012629594653844833 -0.021095145493745804
v -0.00312810274772346 -0.013005748391151428 -0.02111024037003517
v -0.011938543058931828 -0.017130838707089424 -0.023050637915730476
v -0.0030110846273601055 -0.013365617021918297 -0.02110925503075123
v -0.011458995752036572 -0.01912158541381359 -0.023077448830008507
v -0.0028209786396473646 -0.013692371547222137 -0.021092239767313004
v -0.010572008788585663 -0.020966410636901855 -0.02301720716059208
v -0.0025666686706244946 -0.013970735482871532 -0.02105998992919922
v -0.002734517212957144 -0.025463838130235672 -0.021779298782348633
v -0.004012383054941893 -0.025353698059916496 -0.02201838418841362
v -0.0019154568435624242 -0.014333092607557774 -0.020956454798579216
v -0.00596097344532609 -0.024825412780046463 -0.02236142009496689
v -0.002260049106553197 -0.014187689870595932 -0.021014010533690453
v -0.007757607381790876 -0.023886162787675858 -0.02265067584812641
v -0.009318801574409008 -0.02257958985865116 -0.02287271060049534
v -0.0004901187494397163 -0.014118851162493229 -0.02066962793469429
v -0.00020574964582920074 -0.01387891173362732 -0.020600613206624985
v -0.001549001899547875 -0.014400143176317215 -0.020890012383461
v -0.0011778216576203704 -0.0143857067450881 -0.020817790180444717
v -0.0008192727109417319 -0.014290457591414452 -0.02074316516518593
v 2.8818696591770276e-05 -0.011780747212469578 -0.02043009363114834
v -0.00019469881954137236 -0.011476404964923859 -0.02045487053692341
v -0.00047681783325970173 -0.011227286420762539 -0.020494217053055763
v -0.0008043447742238641 -0.011045040562748909 -0.020546289160847664
v -0.002245852490887046 -0.011101105250418186 -0.02082676999270916
v -0.00255442108027637 -0.011308091692626476 -0.020898466929793358
v -0.0028112533036619425 -0.011578171513974667 -0.020963987335562706
v -0.001161963795311749 -0.010938186198472977 -0.020608654245734215
v -0.0015329561429098248 -0.010911724530160427 -0.02067839540541172
v -0.0018999729072675109 -0.0109668904915452 -0.020752253010869026
v 0.00027068579220212996 -0.012685289606451988 -0.020437665283679962
v 0.0002614785626064986 -0.012496266514062881 -0.020428135991096497
v 0.0001832864072639495 -0.012126084417104721 -0.020421041175723076
v 2.0534291252261028e-05 -0.013581857085227966 -0.020539352670311928
v 0.0001781551109161228 -0.013241576962172985 -0.020488709211349487
v 0.0002597411803435534 -0.01287398487329483 -0.020451050251722336
v -0.0028310478664934635 -0.025992214679718018 -0.02131940796971321
v -0.012562892399728298 -0.00651879608631134 -0.022026266902685165
v -0.012657126411795616 -0.00654809782281518 -0.021536100655794144
v -0.011958434246480465 -0.02200266532599926 -0.01491184625774622
v -0.012008333578705788 -0.02172512747347355 -0.014753248542547226
v -0.01251869648694992 -0.020360445603728294 -0.01665617898106575
v -0.011037109419703484 -0.023655686527490616 -0.014522259123623371
v -0.011246662586927414 -0.023425400257110596 -0.014368677511811256
v -0.01161110308021307 -0.02276628464460373 -0.015400541014969349
v -0.01080318819731474 -0.023854997009038925 -0.014667998999357224
v -0.011105623096227646 -0.02339661680161953 -0.015391145832836628
v -0.011240039020776749 -0.023176541551947594 -0.015709131956100464
v -0.011622285470366478 -0.02248479425907135 -0.01660195365548134
v -0.011967594735324383 -0.022014930844306946 -0.0163914505392313
v -0.011668301187455654 -0.02239394187927246 -0.01670827344059944
v -0.012043322436511517 -0.02157631702721119 -0.017564713954925537
v -0.012312155216932297 -0.021143268793821335 -0.017329787835478783
v -0.012083517387509346 -0.021479066461324692 -0.01765536330640316
v -0.012910147197544575 -0.018943464383482933 -0.01889604702591896
v -0.012806959450244904 -0.01913974992930889 -0.019232237711548805
v -0.01271370891481638 -0.01954151876270771 -0.019036542624235153
v -0.012632682919502258 -0.020130708813667297 -0.01818193681538105
v -0.012644493021070957 -0.019810276105999947 -0.01888938806951046
v -0.012470729649066925 -0.02040649577975273 -0.01851428486406803
v -0.012239678762853146 -0.021079067140817642 -0.018005119636654854
v -0.013085265643894672 -0.01728559099137783 -0.01978086307644844
v -0.013075526803731918 -0.017395896837115288 -0.01976395584642887
v -0.013109417632222176 -0.017563199624419212 -0.019378548488020897
v -0.013048792257905006 -0.01765955425798893 -0.019715603440999985
v -0.012926069088280201 -0.01852765493094921 -0.019476458430290222
v -0.013135957531630993 -0.016161734238266945 -0.019841551780700684
v -0.012527179904282093 -0.019839806482195854 -0.016491858288645744
v -0.012753564864397049 -0.01950959488749504 -0.017499055713415146
v -0.012799914926290512 -0.018813999369740486 -0.017512695863842964
v -0.012957541272044182 -0.018512746319174767 -0.01820819079875946
v -0.012956813909113407 -0.01795727014541626 -0.018078533932566643
v -0.013104249723255634 -0.01735529862344265 -0.01869223825633526
v -0.013034551404416561 -0.0173147302120924 -0.018346773460507393
v -0.013078183867037296 -0.01668686978518963 -0.01848498545587063
v -0.01181583758443594 -0.02156846784055233 -0.01368212141096592
v -0.012009203433990479 -0.0211782343685627 -0.014465011656284332
v -0.012403546832501888 -0.02021128311753273 -0.01601778157055378
v -0.011874626390635967 -0.02227185294032097 -0.015074492432177067
v -0.011426242999732494 -0.023167582228779793 -0.01421013567596674
v -0.011758077889680862 -0.022527845576405525 -0.015238349325954914
v -0.012172097340226173 -0.021573122590780258 -0.016058869659900665
v -0.012460143305361271 -0.02076481655240059 -0.01699155569076538
v -0.012728538364171982 -0.01982819102704525 -0.017839405685663223
v -0.012961159460246563 -0.01873241923749447 -0.01855127327144146
v -0.013128257356584072 -0.017460985109210014 -0.01903468929231167
v -0.01251949556171894 -0.017220638692378998 -0.022657662630081177
v -0.01260581985116005 -0.015851540490984917 -0.022592416033148766
v -0.012014707550406456 -0.019316159188747406 -0.022685883566737175
v -0.011081038042902946 -0.02125808224081993 -0.022622469812631607
v -0.00811851117759943 -0.024331508204340935 -0.022236648947000504
v -0.009761873632669449 -0.02295616641640663 -0.022470369935035706
v -0.0062273163348436356 -0.02532019093632698 -0.021932169795036316
v -0.0041761682368814945 -0.025876278057694435 -0.021571077406406403
v -0.012382344342768192 0.012275811284780502 -0.02137807570397854
v -0.012474281713366508 0.012745587155222893 -0.020857635885477066
v 0.008754288777709007 0.012278299778699875 -0.014764244668185711
v 0.008831650018692017 0.02909720502793789 -0.013743964955210686
v -0.012360185384750366 0.012620425783097744 -0.018803052604198456
v -0.012945452705025673 0.012599080801010132 -0.018406812101602554
v -0.012483463622629642 0.010749277658760548 -0.020978737622499466
v -0.012386934831738472 0.011277656070888042 -0.02143862657248974
v -0.012577698566019535 0.010719976387917995 -0.020488573238253593
v -0.004799161106348038 0.00689029460772872 -0.01922208070755005
v -0.005183797795325518 0.007229940500110388 -0.0192757248878479
v -0.00530953099951148 0.008459875360131264 -0.019226372241973877
v -0.005420765373855829 0.007958703674376011 -0.01927771605551243
v -0.0053943973034620285 0.007700768299400806 -0.019288066774606705
v 0.0033042964059859514 0.00897154025733471 -0.017539776861667633
v 0.004732816480100155 0.00817666482180357 -0.017312660813331604
v 0.004473626613616943 0.008622159250080585 -0.017335860058665276
v 0.004280174151062965 0.008792983368039131 -0.017362838611006737
v 0.0038103582337498665 0.008991222828626633 -0.017441309988498688
v -0.0040461900644004345 0.009118525311350822 -0.01894412189722061
v -0.004552251659333706 0.009098842740058899 -0.019042588770389557
v -0.00500101875513792 0.008864876814186573 -0.01914285123348236
v -0.004311587195843458 0.006744612939655781 -0.019137052819132805
v 0.0026727498043328524 0.007102638483047485 -0.017772912979125977
v -0.00381120084784925 0.006819825619459152 -0.01903635822236538
v 0.0024357829242944717 0.007831401191651821 -0.017774904146790504
v -0.003123731818050146 0.00830396730452776 -0.018815472722053528
v -0.003382920753210783 0.0087494608014822 -0.01883867010474205
v -0.003585493890568614 0.006937497761100531 -0.0189859326928854
v -0.0032353324349969625 0.007305723149329424 -0.01889660209417343
v -0.0030713058076798916 0.007791121490299702 -0.01883605122566223
v 0.002462150761857629 0.007573465816676617 -0.01778525486588478
v 0.002855530474334955 0.008737574331462383 -0.017640039324760437
v 0.002547017065808177 0.008332572877407074 -0.017723560333251953
v -0.003576373215764761 0.008920285850763321 -0.01886565051972866
v 0.003057386027649045 0.00676299212500453 -0.017719268798828125
v 0.004621215630322695 0.007178420666605234 -0.017393790185451508
v 0.004785243421792984 0.007663818541914225 -0.017333239316940308
v 0.003544961102306843 0.006617310456931591 -0.01763424277305603
v 0.004045348148792982 0.006692522671073675 -0.017533546313643456
v 0.004271054174751043 0.006810195744037628 -0.017483120784163475
v 0.010667689144611359 -0.006776302121579647 -0.017065545544028282
v 0.011892733164131641 -0.006395385600626469 -0.023437686264514923
v 0.010721578262746334 0.004939536098390818 -0.01635483093559742
v 0.01197078451514244 0.010573240928351879 -0.022408323362469673
v 0.010745739564299583 0.0101923244073987 -0.016036182641983032
v -0.0010268064215779305 0.010383078828454018 -0.018288053572177887
v -0.010125757195055485 0.010931278578937054 -0.026634981855750084
v -0.011350801214575768 0.010550362057983875 -0.020262841135263443
v -0.01020380761474371 -0.006037347950041294 -0.027664344757795334
v -0.011428852565586567 -0.0064182644709944725 -0.021292204037308693
v -0.011374963447451591 0.0052975742146372795 -0.02058148942887783
v -0.004398790188133717 0.007613003253936768 -0.021652070805430412
v -0.004556767642498016 0.008098844438791275 -0.021653398871421814
v -0.00494557898491621 0.007709887810051441 -0.019430750980973244
v -0.004827555734664202 0.007479682099074125 -0.01942182146012783
v -0.004643816966563463 0.007299008313566446 -0.019397299736738205
v -0.003984836395829916 0.007320102769881487 -0.02158999815583229
v -0.004413601942360401 0.007186781615018845 -0.01935974881052971
v -0.004161011893302202 0.007154752034693956 -0.019313102588057518
v -0.003483724081888795 0.007339592557400465 -0.021492494270205498
v -0.003912489395588636 0.00720627186819911 -0.019262244924902916
v -0.0033332528546452522 0.007418041117489338 -0.021458875387907028
v -0.0037620181683450937 0.007284720428287983 -0.019228627905249596
v -0.003203257219865918 0.007527727633714676 -0.021427327767014503
v -0.0036320227663964033 0.007394407410174608 -0.01919707842171192
v -0.0034883797634392977 0.007605948485434055 -0.019156817346811295
v -0.0029904604889452457 0.007987122982740402 -0.021358955651521683
v -0.003419226035475731 0.007853802293539047 -0.0191287063062191
v -0.003431802149862051 0.00811201985925436 -0.019115688279271126
v -0.0030960259027779102 0.008486888371407986 -0.02134937420487404
v -0.0035247912164777517 0.00835356768220663 -0.019119126722216606
v -0.0033271722495555878 0.008739898912608624 -0.021378688514232635
v -0.003755937796086073 0.008606579154729843 -0.019148439168930054
v -0.0034768986515700817 0.008823212236166 -0.021402493119239807
v -0.003905663965269923 0.008689891546964645 -0.019172243773937225
v -0.004153675865381956 0.008749457076191902 -0.01921636424958706
v -0.003977759275585413 0.00885893777012825 -0.021496647968888283
v -0.004406524822115898 0.008725617080926895 -0.0192663986235857
v -0.004637736827135086 0.00862086657434702 -0.019317111000418663
v -0.004394344985485077 0.008579494431614876 -0.02159344032406807
v -0.004823110532015562 0.00844617374241352 -0.019363192841410637
v -0.004943233449012041 0.008219826966524124 -0.019399816170334816
v -0.0049855331890285015 0.00796552374958992 -0.01942315138876438
v -0.003681275062263012 0.007083639036864042 -0.018995609134435654
v -0.004192484077066183 0.0069171166978776455 -0.019103843718767166
v -0.004516116809099913 0.0069581554271280766 -0.01916360855102539
v -0.004811079241335392 0.007101946044713259 -0.019211720675230026
v -0.0050464957021176815 0.007333433721214533 -0.019243141636252403
v -0.00519771222025156 0.0076283845119178295 -0.01925458014011383
v -0.005248903762549162 0.00795591901987791 -0.01924484223127365
v -0.005194707307964563 0.00828174501657486 -0.019214946776628494
v -0.0050408001989126205 0.008571751415729523 -0.01916802115738392
v -0.0048032887279987335 0.008795577101409435 -0.019108980894088745
v -0.004507048521190882 0.008929787203669548 -0.019044004380702972
v -0.004183085635304451 0.008960332721471786 -0.01897989772260189
v -0.0038653225637972355 0.008884014561772346 -0.01892336830496788
v -0.003673486178740859 0.008777270093560219 -0.018892869353294373
v -0.003377326764166355 0.008453099057078362 -0.01885531097650528
v -0.003258185926824808 0.00814361684024334 -0.018850907683372498
v -0.0032420726493000984 0.007812775671482086 -0.01886758580803871
v -0.003330674720928073 0.007495212368667126 -0.01890360377728939
v -0.003514716401696205 0.007224175613373518 -0.018955187872052193
v 0.004120936151593924 -0.0039908732287585735 -0.021198147907853127
v 0.0038166178856045008 -0.00478505389764905 -0.020813794806599617
v 0.004317730199545622 -0.004765564575791359 -0.020716290920972824
v 0.0034026638604700565 -0.004492153879255056 -0.020875869318842888
v 0.003244685707613826 -0.004006312228739262 -0.02087719738483429
v 0.004810993559658527 -0.004118034150451422 -0.02058275230228901
v 0.004705429542809725 -0.003618268994614482 -0.020573172718286514
v 0.004598197061568499 -0.004577429499477148 -0.02065112441778183
v 0.004468200728297234 -0.004687116481363773 -0.020682673901319504
v 0.0038236959371715784 -0.003246219363063574 -0.02072044461965561
v 0.00340710929594934 -0.003525662934407592 -0.020817238837480545
v 0.0043245540000498295 -0.0032819444313645363 -0.020626289770007133
v 0.004474280867725611 -0.003365257987752557 -0.020602485164999962
v 0.0028558745980262756 -0.0043952688574790955 -0.01865454763174057
v 0.002973898546770215 -0.004625475034117699 -0.018645619973540306
v 0.0031576361507177353 -0.004806148819625378 -0.01862109638750553
v 0.0033878523390740156 -0.004918375052511692 -0.018583545461297035
v 0.003640443319454789 -0.004950405098497868 -0.018536899238824844
v 0.0038889646530151367 -0.004898885264992714 -0.018486041575670242
v 0.004039435181766748 -0.004820437170565128 -0.018452424556016922
v 0.0041694315150380135 -0.004710750188678503 -0.018420876935124397
v 0.004313074517995119 -0.004499208647757769 -0.01838061399757862
v 0.004382228013128042 -0.004251354839652777 -0.018352502956986427
v 0.004369652830064297 -0.003993137273937464 -0.018339484930038452
v 0.00427666399627924 -0.003751589683815837 -0.018342923372983932
v 0.004045515786856413 -0.003498578444123268 -0.01837223768234253
v 0.0038957884535193443 -0.0034152655862271786 -0.0183960422873497
v 0.0036477784160524607 -0.003355700522661209 -0.018440160900354385
v 0.0033949303906410933 -0.0033795402850955725 -0.018490195274353027
v 0.0031637167558073997 -0.003484290326014161 -0.01854090951383114
v 0.0029783437494188547 -0.003658983390778303 -0.018586989492177963
v 0.002858219901099801 -0.0038853297010064125 -0.01862361468374729
v 0.0028159203939139843 -0.004139633383601904 -0.018646948039531708
v 0.002356590237468481 0.002244077157229185 -0.024754557758569717
v 0.0011315459851175547 0.0018631605198606849 -0.018382417038083076
v 0.0023895506747066975 0.0019216586370021105 -0.024767493829131126
v 0.001164506538771093 0.0015407419996336102 -0.018395353108644485
v 0.002489850390702486 0.0016131993615999818 -0.024766650050878525
v 0.0012648063711822033 0.0012322828406468034 -0.018394511193037033
v 0.0026527983136475086 0.001333123305812478 -0.024752065539360046
v 0.0014277540612965822 0.0009522066684439778 -0.018379926681518555
v 0.002870777156203985 0.0010945271933451295 -0.02472442202270031
v 0.0016457329038530588 0.0007136105559766293 -0.018352283164858818
v 0.003133594524115324 0.0009085658239200711 -0.02468501217663288
v 0.0019085503881797194 0.0005276493029668927 -0.01831287331879139
v 0.003428961616009474 0.0007839357131160796 -0.02463567815721035
v 0.002203917596489191 0.0004030191630590707 -0.01826353743672371
v 0.0037430645897984505 0.0007264637970365584 -0.024578727781772614
v 0.0025180205702781677 0.00034554727608338 -0.018206587061285973
v 0.004061218351125717 0.0007388375815935433 -0.024516822770237923
v 0.0028361743316054344 0.00035792108974419534 -0.018144682049751282
v 0.004368547350168228 0.0008204791811294854 -0.024452857673168182
v 0.0031435030978173018 0.00043956266017630696 -0.01808071881532669
v 0.004650679882615805 0.0009675699984654784 -0.024389825761318207
v 0.0034256353974342346 0.0005866534193046391 -0.018017685040831566
v 0.0048944237641990185 0.001173232914879918 -0.02433067187666893
v 0.003669379511848092 0.0007923164521344006 -0.01795853115618229
v 0.005088381469249725 0.0014278513845056295 -0.02427816204726696
v 0.0038633374497294426 0.0010469348635524511 -0.01790602318942547
v 0.005223484709858894 0.0017195198452100158 -0.024234753102064133
v 0.003998440690338612 0.0013386033242568374 -0.01786261424422264
v 0.005293415393680334 0.002034599194303155 -0.02420247532427311
v 0.004068371374160051 0.0016536827897652984 -0.01783033460378647
v 0.0052949050441384315 0.002358357422053814 -0.02418283373117447
v 0.004069861024618149 0.0019774409011006355 -0.017810693010687828
v 0.005227882880717516 0.00267565599642694 -0.02417675219476223
v 0.004002838861197233 0.0022947394754737616 -0.01780461147427559
v 0.005095482803881168 0.002971658483147621 -0.024184511974453926
v 0.003870438551530242 0.0025907419621944427 -0.017812371253967285
v 0.0049038962461054325 0.0032325240317732096 -0.024205749854445457
v 0.003678851993754506 0.002851607510820031 -0.017833609133958817
v 0.0046620797365903854 0.003446054644882679 -0.024239474907517433
v 0.0034370352514088154 0.0030651381239295006 -0.017867334187030792
v 0.004381341859698296 0.003602266311645508 -0.024284107610583305
v 0.003156297840178013 0.0032213497906923294 -0.017911966890096664
v 0.004074810538440943 0.003693853970617056 -0.024337563663721085
v 0.00284976651892066 0.0033129374496638775 -0.017965422943234444
v 0.0037568178959190845 0.0037165360990911722 -0.024397341534495354
v 0.002531773643568158 0.003335619578137994 -0.018025200814008713
v 0.0034422327298671007 0.003669250989332795 -0.024460647255182266
v 0.002217188710346818 0.0032883344683796167 -0.018088506534695625
v 0.003145763883367181 0.0035542105324566364 -0.024524521082639694
v 0.0019207197474315763 0.003173294011503458 -0.018152380362153053
v 0.0028812747914344072 0.003376793349161744 -0.024585973471403122
v 0.0016562306554988027 0.0029958768282085657 -0.01821383461356163
v 0.002661133650690317 0.0031452958937734365 -0.024642134085297585
v 0.0014360895147547126 0.002764379372820258 -0.018269995227456093
v 0.002495634136721492 0.002870541997253895 -0.024690376594662666
v 0.0012705898843705654 0.0024896254763007164 -0.018318235874176025
v 0.0023925115820020437 0.002565379487350583 -0.0247284434735775
v 0.0011674674460664392 0.0021844629663974047 -0.018356304615736008
v 0.004120177589356899 -0.005021518096327782 -0.01821940764784813
v 0.0036089683417230844 -0.0051880404353141785 -0.01832764223217964
v 0.0032853365410119295 -0.00514700124040246 -0.018387407064437866
v 0.002990372944623232 -0.0050032115541398525 -0.018435517325997353
v 0.00275495951063931 -0.004771722946316004 -0.01846693828701973
v 0.0026037408970296383 -0.0044767726212739944 -0.018478378653526306
v 0.002552550286054611 -0.004149238578975201 -0.018468640744686127
v 0.0026067462749779224 -0.0038234125822782516 -0.01843874342739582
v 0.0027606559451669455 -0.003533405251801014 -0.018391817808151245
v 0.002998163690790534 -0.003309580497443676 -0.01833277754485607
v 0.003294405760243535 -0.003175369231030345 -0.018267802894115448
v 0.003618366550654173 -0.003144824178889394 -0.018203694373369217
v 0.00393613101914525 -0.003221142338588834 -0.018147166818380356
v 0.004127968102693558 -0.003327887039631605 -0.018116667866706848
v 0.004424126353114843 -0.003652057144790888 -0.018079109489917755
v 0.004543268121778965 -0.003961540292948484 -0.018074704334139824
v 0.004559381399303675 -0.004292381927371025 -0.018091384321451187
v 0.004470778629183769 -0.004609944298863411 -0.018127400428056717
v 0.004286735784262419 -0.004880981054157019 -0.01817898638546467
v -0.0036805174313485622 0.00811428390443325 -0.0219743512570858
v 0.004224526695907116 0.007267104461789131 -0.017694266512989998
v 0.004094529896974564 0.007157417945563793 -0.017725815996527672
v 0.004175272304564714 0.00695633701980114 -0.01749279908835888
v 0.003944058902561665 0.00707896938547492 -0.017759433016180992
v 0.0036640630569308996 0.006789814680814743 -0.017601031810045242
v 0.0036955373361706734 0.007027449551969767 -0.017810290679335594
v 0.0033404305577278137 0.006830853410065174 -0.017660798504948616
v 0.0034429463557899 0.007059479597955942 -0.017856936901807785
v 0.0030454678926616907 0.006974643096327782 -0.017708908766508102
v 0.003212731098756194 0.007171706296503544 -0.01789448782801628
v 0.0028100544586777687 0.00720613170415163 -0.01774032972753048
v 0.00302899326197803 0.007352380082011223 -0.017919009551405907
v 0.002658835845068097 0.00750108202919364 -0.017751768231391907
v 0.0029109695460647345 0.0075825853273272514 -0.01792793907225132
v 0.00260764523409307 0.00782861653715372 -0.017742030322551727
v 0.002871015341952443 0.00783822126686573 -0.017920339480042458
v 0.0026618409901857376 0.00815444253385067 -0.01771213486790657
v 0.00291331484913826 0.008092524483799934 -0.017897004261612892
v 0.002815749729052186 0.008444448933005333 -0.017665209248661995
v 0.0030334386974573135 0.008318871259689331 -0.017860380932688713
v 0.003053258405998349 0.008668274618685246 -0.01760616898536682
v 0.003218811471015215 0.00849356409162283 -0.01781429909169674
v 0.0033494997769594193 0.008802485652267933 -0.01754119247198105
v 0.0034500244073569775 0.008598314598202705 -0.017763586714863777
v 0.0036734614986926317 0.008833030238747597 -0.017477085813879967
v 0.003702872432768345 0.008622154593467712 -0.017713552340865135
v 0.0039912257343530655 0.008756712079048157 -0.017420558258891106
v 0.0039508831687271595 0.008562589064240456 -0.0176694318652153
v 0.004183061886578798 0.008649967610836029 -0.01739005744457245
v 0.0041006095707416534 0.008479276672005653 -0.01764562726020813
v 0.004479220602661371 0.008325797505676746 -0.017352499067783356
v 0.00433175778016448 0.008226265199482441 -0.017616314813494682
v 0.004598362371325493 0.00801631435751915 -0.017348095774650574
v 0.004424747079610825 0.00798471737653017 -0.017612876370549202
v 0.0046144756488502026 0.007685473188757896 -0.017364773899316788
v 0.00443732226267457 0.0077264998108148575 -0.017625894397497177
v 0.004525872878730297 0.007367910351604223 -0.017400791868567467
v 0.00436816830188036 0.007478646002709866 -0.01765400543808937
v 0.004341830965131521 0.007096872664988041 -0.01745237596333027
v 0.0034577588085085154 0.0074857003055512905 -0.02014925889670849
v 0.0032997806556522846 0.007971541956067085 -0.02015058696269989
v 0.003871711902320385 0.007192800287157297 -0.020087186247110367
v 0.004372823983430862 0.007212290074676275 -0.019989682361483574
v 0.004523295443505049 0.007290738634765148 -0.019956063479185104
v 0.004653291776776314 0.0074004256166517735 -0.01992451585829258
v 0.004866087809205055 0.007859820500016212 -0.01985614374279976
v 0.004760523326694965 0.008359585888683796 -0.019846562296152115
v 0.004529375117272139 0.008612597361207008 -0.01987587660551071
v 0.004379648715257645 0.00869590975344181 -0.019899681210517883
v 0.0038787899538874626 0.00873163528740406 -0.01999383606016636
v 0.003462204011157155 0.008452191948890686 -0.020090628415346146
v 0.004176030866801739 0.00798698142170906 -0.020471539348363876
v -0.003687116550281644 -0.004583447705954313 -0.019923686981201172
v -0.003817112185060978 -0.004693134687840939 -0.019955236464738846
v -0.0037363707087934017 -0.004894216079264879 -0.019722219556570053
v -0.003967583645135164 -0.004771582782268524 -0.019988853484392166
v -0.00424758018925786 -0.005060738418251276 -0.019830454140901566
v -0.004216105677187443 -0.004823103081434965 -0.020039711147546768
v -0.004571210592985153 -0.005019699223339558 -0.01989021897315979
v -0.004468695726245642 -0.004791072569787502 -0.02008635737001896
v -0.004866175353527069 -0.00487590953707695 -0.019938329234719276
v -0.004698911216109991 -0.004678846802562475 -0.020123908296227455
v -0.005101589486002922 -0.004644420929253101 -0.019969750195741653
v -0.00488264998421073 -0.004498173017054796 -0.02014843188226223
v -0.005252808332443237 -0.004349470138549805 -0.01998119056224823
v -0.005000672768801451 -0.004267966840416193 -0.020157359540462494
v -0.00530399801209569 -0.004021935630589724 -0.01997145265340805
v -0.005040626972913742 -0.004012330435216427 -0.02014975994825363
v -0.005249802954494953 -0.003696110099554062 -0.019941555336117744
v -0.004998327232897282 -0.003758026985451579 -0.020126426592469215
v -0.005095893982797861 -0.003406103001907468 -0.019894631579518318
v -0.004878204315900803 -0.0035316813737154007 -0.020089801400899887
v -0.004858384840190411 -0.0031822777818888426 -0.019835589453577995
v -0.004692830611020327 -0.003356988076120615 -0.020043719559907913
v -0.004562142305076122 -0.0030480665154755116 -0.019770614802837372
v -0.004461618606001139 -0.0032522378023713827 -0.01999300718307495
v -0.004238181747496128 -0.0030175219289958477 -0.01970650628209114
v -0.004208769649267197 -0.003228398272767663 -0.01994297280907631
v -0.003920418210327625 -0.0030938400886952877 -0.01964997872710228
v -0.003960759844630957 -0.003287962870672345 -0.019898854196071625
v -0.0037285801954567432 -0.003200584789738059 -0.019619479775428772
v -0.003811031812801957 -0.003371276194229722 -0.019875049591064453
v -0.0034324207808822393 -0.0035247551277279854 -0.01958192139863968
v -0.003579885233193636 -0.003624287433922291 -0.019845735281705856
v -0.0033132799435406923 -0.0038342380430549383 -0.019577516242861748
v -0.0034868961665779352 -0.0038658350240439177 -0.019842296838760376
v -0.0032971666660159826 -0.004165079910308123 -0.01959419623017311
v -0.003474320052191615 -0.004124052356928587 -0.01985531486570835
v -0.003385768737643957 -0.0044826422818005085 -0.01963021233677864
v -0.003543473780155182 -0.0043719056993722916 -0.019883425906300545
v -0.0035698122810572386 -0.004753679037094116 -0.019681796431541443
v -0.0044538844376802444 -0.004364851862192154 -0.022378679364919662
v -0.004611861426383257 -0.0038790099788457155 -0.022380009293556213
v -0.0040399301797151566 -0.004657751880586147 -0.02231660671532154
v -0.003538818098604679 -0.004638261627405882 -0.022219102829694748
v -0.0033883466385304928 -0.004559813532978296 -0.022185485810041428
v -0.0032583512365818024 -0.004450127016752958 -0.022153936326503754
v -0.00304555450566113 -0.003990731667727232 -0.022085564211010933
v -0.0031511199194937944 -0.003490966511890292 -0.022075984627008438
v -0.003382266266271472 -0.0032379552721977234 -0.022105297073721886
v -0.0035319942981004715 -0.00315464218147099 -0.022129101678729057
v -0.0040328530594706535 -0.0031189171131700277 -0.022223256528377533
v -0.004449439235031605 -0.0033983602188527584 -0.02232005074620247
v -0.0037356114480644464 -0.00386357051320374 -0.02270095981657505
v -0.0011048571905121207 -0.00658554770052433 -0.019317416474223137
v -0.0010509681887924671 0.005130290519446135 -0.018606701865792274
f 1 2 3
f 2 4 3
f 3 4 5
f 6 7 8
f 7 9 8
f 8 9 10
f 9 11 10
f 12 13 14
f 14 15 12
f 15 16 12
f 12 16 17
f 16 18 17
f 19 20 21
f 20 16 21
f 21 16 22
f 16 15 22
f 9 23 11
f 23 18 11
f 11 18 5
f 18 16 5
f 5 16 3
f 24 13 25
f 13 12 25
f 26 27 28
f 26 28 29
f 28 30 29
f 29 30 31
f 30 24 31
f 31 24 25
f 32 33 34
f 33 35 34
f 34 35 27
f 35 28 27
f 36 37 38
f 37 16 38
f 38 16 20
f 39 40 2
f 40 4 2
f 41 42 3
f 42 1 3
f 42 39 1
f 39 2 1
f 43 44 10
f 44 8 10
f 11 45 10
f 45 43 10
f 8 44 6
f 44 46 6
f 7 47 9
f 47 48 9
f 20 19 38
f 5 49 11
f 49 45 11
f 46 47 6
f 47 7 6
f 32 50 33
f 50 51 33
f 29 31 52
f 52 31 53
f 31 25 53
f 53 25 54
f 25 12 54
f 54 12 55
f 12 17 55
f 17 18 55
f 55 18 56
f 18 23 56
f 56 23 57
f 23 9 57
f 57 9 48
f 52 58 29
f 58 59 29
f 29 59 26
f 59 60 26
f 26 60 27
f 60 34 27
f 60 61 34
f 61 50 34
f 34 50 32
f 33 51 62
f 38 19 36
f 19 21 36
f 36 21 63
f 21 22 63
f 63 22 64
f 22 15 64
f 64 15 65
f 15 14 65
f 65 14 66
f 66 14 67
f 14 13 67
f 67 13 68
f 13 24 68
f 68 24 69
f 24 30 69
f 69 30 70
f 30 28 70
f 70 28 62
f 28 35 62
f 62 35 33
f 48 47 46
f 37 36 63
f 63 64 37
f 64 55 37
f 37 55 56
f 45 57 43
f 57 48 43
f 43 48 44
f 48 46 44
f 67 54 66
f 54 55 66
f 66 55 65
f 55 64 65
f 39 42 40
f 42 41 40
f 40 41 49
f 41 37 49
f 49 37 45
f 37 56 45
f 45 56 57
f 59 70 60
f 70 62 60
f 60 62 61
f 62 51 61
f 61 51 50
f 68 53 67
f 53 54 67
f 53 68 52
f 68 69 52
f 52 69 58
f 69 70 58
f 58 70 59
f 4 40 5
f 40 49 5
f 16 37 3
f 37 41 3
f 71 72 73
f 72 74 73
f 73 74 75
f 74 76 75
f 75 76 77
f 76 78 77
f 77 78 79
f 78 80 79
f 79 80 81
f 80 82 81
f 81 82 83
f 82 84 83
f 83 84 85
f 84 86 85
f 85 86 87
f 86 88 87
f 87 88 89
f 88 90 89
f 89 90 91
f 90 92 91
f 91 92 93
f 92 94 93
f 93 94 95
f 94 96 95
f 95 96 97
f 96 98 97
f 97 98 99
f 98 100 99
f 99 100 101
f 100 102 101
f 101 102 103
f 102 104 103
f 103 104 105
f 104 106 105
f 105 106 107
f 106 108 107
f 107 108 109
f 108 110 109
f 109 110 111
f 110 112 111
f 111 112 113
f 112 114 113
f 113 114 115
f 114 116 115
f 115 116 117
f 116 118 117
f 117 118 119
f 118 120 119
f 119 120 121
f 120 122 121
f 121 122 123
f 122 124 123
f 123 124 125
f 124 126 125
f 125 126 127
f 126 128 127
f 127 128 129
f 128 130 129
f 129 130 71
f 130 72 71
f 131 132 133
f 132 134 133
f 133 134 135
f 134 136 135
f 135 136 137
f 136 138 137
f 137 138 139
f 138 140 139
f 139 140 141
f 140 142 141
f 141 142 143
f 142 144 143
f 143 144 145
f 144 146 145
f 145 146 147
f 146 148 147
f 147 148 149
f 148 150 149
f 149 150 151
f 150 152 151
f 151 152 153
f 152 154 153
f 153 154 155
f 154 156 155
f 155 156 157
f 156 158 157
f 157 158 159
f 158 160 159
f 159 160 161
f 160 162 161
f 161 162 163
f 162 164 163
f 163 164 165
f 164 166 165
f 165 166 167
f 166 168 167
f 167 168 169
f 168 170 169
f 169 170 171
f 170 172 171
f 171 172 173
f 172 174 173
f 173 174 175
f 174 176 175
f 175 176 177
f 176 178 177
f 177 178 179
f 178 180 179
f 179 180 181
f 180 182 181
f 181 182 183
f 182 184 183
f 183 184 185
f 184 186 185
f 185 186 187
f 186 188 187
f 187 188 189
f 188 190 189
f 189 190 131
f 190 132 131
f 91 161 89
f 161 163 89
f 89 163 87
f 163 165 87
f 87 165 85
f 165 167 85
f 85 167 83
f 167 169 83
f 83 169 81
f 169 171 81
f 81 171 79
f 171 173 79
f 79 173 77
f 173 175 77
f 77 175 75
f 175 177 75
f 75 177 73
f 177 179 73
f 73 179 71
f 179 181 71
f 71 181 129
f 181 183 129
f 129 183 127
f 183 185 127
f 127 185 125
f 185 187 125
f 125 187 123
f 187 189 123
f 123 189 121
f 189 131 121
f 121 131 119
f 131 133 119
f 119 133 117
f 133 135 117
f 117 135 115
f 135 137 115
f 115 137 113
f 137 139 113
f 113 139 111
f 139 141 111
f 111 141 109
f 141 143 109
f 109 143 107
f 143 145 107
f 107 145 105
f 145 147 105
f 105 147 103
f 147 149 103
f 103 149 101
f 149 151 101
f 101 151 99
f 151 153 99
f 99 153 97
f 153 155 97
f 97 155 95
f 155 157 95
f 95 157 93
f 157 159 93
f 93 159 91
f 159 161 91
f 124 122 132
f 132 122 134
f 122 120 134
f 120 118 134
f 134 118 136
f 118 116 136
f 136 116 138
f 116 114 138
f 138 114 140
f 114 112 140
f 140 112 142
f 112 110 142
f 142 110 144
f 110 108 144
f 144 108 146
f 108 106 146
f 146 106 148
f 106 104 148
f 148 104 150
f 104 102 150
f 150 102 152
f 102 100 152
f 152 100 154
f 100 98 154
f 154 98 156
f 98 96 156
f 156 96 158
f 96 94 158
f 158 94 160
f 94 92 160
f 160 92 162
f 92 90 162
f 162 90 164
f 90 88 164
f 164 88 166
f 88 86 166
f 166 86 168
f 86 84 168
f 168 84 170
f 84 82 170
f 170 82 172
f 82 80 172
f 172 80 174
f 80 78 174
f 174 78 176
f 78 76 176
f 176 76 178
f 76 74 178
f 178 74 180
f 74 72 180
f 180 72 182
f 72 130 182
f 182 130 184
f 130 128 184
f 184 128 186
f 128 126 186
f 186 126 188
f 126 124 188
f 188 124 190
f 124 132 190
f 191 192 193
f 191 193 194
f 195 196 193
f 196 197 193
f 193 197 194
f 198 199 193
f 199 200 193
f 193 200 195
f 201 202 193
f 202 203 193
f 193 203 198
f 204 205 193
f 205 206 193
f 193 206 201
f 192 207 193
f 207 208 193
f 193 208 204
f 209 210 211
f 210 212 211
f 213 214 215
f 214 210 215
f 215 210 216
f 210 209 216
f 217 218 219
f 213 220 214
f 220 217 214
f 214 217 221
f 217 219 221
f 218 222 219
f 222 223 219
f 219 223 224
f 223 225 224
f 224 225 226
f 225 227 226
f 227 228 226
f 226 228 229
f 228 230 229
f 229 230 231
f 230 232 231
f 231 232 233
f 233 234 231
f 234 235 231
f 231 235 236
f 235 237 236
f 237 238 236
f 236 238 239
f 238 240 239
f 239 240 241
f 240 242 241
f 241 242 243
f 243 244 241
f 244 245 241
f 241 245 246
f 245 247 246
f 247 248 246
f 246 248 249
f 241 246 249
f 249 250 241
f 250 251 241
f 241 251 239
f 251 252 239
f 252 253 239
f 253 254 239
f 239 254 236
f 254 255 236
f 236 255 256
f 256 257 236
f 257 258 236
f 236 258 231
f 258 259 231
f 259 260 231
f 260 261 231
f 231 261 229
f 261 262 229
f 229 262 226
f 262 263 226
f 263 264 226
f 226 264 224
f 264 265 224
f 224 265 219
f 265 266 219
f 266 267 219
f 267 268 219
f 219 268 221
f 268 269 221
f 221 269 214
f 270 210 271
f 210 214 271
f 271 214 272
f 214 269 272
f 273 274 212
f 274 275 212
f 274 276 275
f 276 277 275
f 275 277 278
f 277 279 278
f 278 279 280
f 279 281 280
f 281 282 280
f 280 282 283
f 282 284 283
f 283 284 285
f 286 287 288
f 284 289 285
f 289 286 285
f 285 286 290
f 286 288 290
f 287 291 288
f 291 292 288
f 288 292 293
f 294 295 296
f 295 293 296
f 296 293 297
f 293 292 297
f 294 298 295
f 298 299 295
f 295 299 300
f 299 301 300
f 301 302 300
f 300 302 303
f 302 304 303
f 304 305 303
f 303 305 306
f 300 303 306
f 307 295 308
f 295 300 308
f 308 300 309
f 300 306 309
f 307 310 295
f 310 311 295
f 295 311 293
f 311 312 293
f 312 313 293
f 293 313 288
f 313 314 288
f 288 314 315
f 315 316 288
f 316 317 288
f 288 317 290
f 317 318 290
f 290 318 285
f 318 319 285
f 319 320 285
f 285 320 283
f 320 321 283
f 283 321 280
f 321 322 280
f 280 322 278
f 322 323 278
f 278 323 275
f 323 324 275
f 275 324 212
f 325 211 326
f 211 212 326
f 326 212 327
f 212 324 327
f 328 212 329
f 212 210 329
f 330 331 332
f 330 332 333
f 212 334 335
f 336 337 210
f 338 339 340
f 341 342 343
f 335 344 212
f 344 345 212
f 212 345 346
f 334 212 347
f 212 328 347
f 347 328 348
f 333 332 349
f 332 350 349
f 349 350 351
f 273 352 353
f 340 339 328
f 339 354 328
f 328 354 348
f 273 355 270
f 355 356 270
f 356 357 270
f 357 358 270
f 270 358 359
f 359 360 270
f 360 361 270
f 270 361 210
f 361 362 210
f 210 362 336
f 363 212 364
f 212 346 364
f 364 346 350
f 346 365 350
f 350 365 351
f 363 366 212
f 366 367 212
f 212 367 273
f 367 368 273
f 273 368 352
f 369 355 370
f 355 273 370
f 370 273 371
f 273 353 371
f 372 373 337
f 373 374 337
f 337 374 210
f 374 375 210
f 210 375 376
f 376 377 210
f 377 378 210
f 210 378 329
f 379 380 381
f 380 382 381
f 381 382 383
f 382 384 383
f 383 384 369
f 384 385 369
f 369 385 355
f 331 338 332
f 338 340 332
f 332 340 386
f 340 387 386
f 386 387 388
f 387 342 388
f 388 342 381
f 342 341 381
f 381 341 379
f 343 389 341
f 389 390 341
f 341 390 337
f 390 391 337
f 337 391 372
f 198 203 392
f 392 393 198
f 393 394 198
f 198 394 199
f 394 395 199
f 395 396 199
f 199 396 200
f 396 397 200
f 397 398 200
f 200 398 195
f 398 399 195
f 399 400 195
f 195 400 196
f 400 401 196
f 196 401 197
f 401 402 197
f 402 403 197
f 197 403 194
f 403 404 194
f 404 405 194
f 194 405 191
f 405 406 191
f 191 406 192
f 406 407 192
f 407 408 192
f 192 408 207
f 408 409 207
f 409 410 207
f 207 410 208
f 410 411 208
f 208 411 204
f 411 412 204
f 412 413 204
f 204 413 205
f 413 414 205
f 414 415 205
f 205 415 206
f 415 416 206
f 416 417 206
f 206 417 201
f 417 418 201
f 418 419 201
f 201 419 202
f 419 420 202
f 202 420 203
f 420 421 203
f 203 421 392
f 209 211 422
f 211 423 422
f 422 423 424
f 423 425 424
f 426 427 428
f 429 245 244
f 430 431 432
f 433 434 435
f 433 435 436
f 437 431 438
f 431 430 438
f 438 430 439
f 440 441 432
f 437 436 431
f 436 435 431
f 431 435 432
f 435 442 432
f 432 442 440
f 443 444 445
f 444 446 445
f 445 446 447
f 448 449 450
f 449 451 450
f 450 451 452
f 451 453 452
f 452 453 454
f 453 455 454
f 454 455 443
f 455 456 443
f 443 456 444
f 457 232 458
f 232 230 458
f 458 230 228
f 450 217 220
f 220 459 450
f 459 460 450
f 450 460 448
f 217 450 218
f 450 452 218
f 218 452 222
f 222 452 223
f 452 454 223
f 223 454 225
f 441 440 447
f 440 461 447
f 447 461 445
f 461 462 445
f 445 462 443
f 462 463 443
f 443 463 454
f 463 227 454
f 454 227 225
f 429 244 464
f 465 466 467
f 466 464 467
f 464 244 467
f 467 244 468
f 244 243 468
f 468 243 242
f 240 469 470
f 242 240 468
f 240 470 468
f 468 470 467
f 470 471 467
f 467 471 465
f 471 472 465
f 426 428 473
f 469 474 470
f 474 428 470
f 470 428 471
f 428 427 471
f 471 427 472
f 240 238 469
f 238 475 469
f 469 475 474
f 475 476 474
f 474 476 428
f 476 477 428
f 428 477 473
f 477 478 473
f 238 237 475
f 237 235 475
f 475 235 479
f 235 234 479
f 479 234 457
f 234 233 457
f 457 233 232
f 424 480 422
f 480 481 422
f 422 481 459
f 481 482 459
f 459 482 460
f 446 483 447
f 483 484 447
f 447 484 441
f 484 485 441
f 441 485 432
f 485 486 432
f 432 486 430
f 486 487 430
f 430 487 439
f 220 213 459
f 213 215 459
f 459 215 422
f 215 216 422
f 422 216 209
f 228 227 458
f 227 463 458
f 458 463 457
f 463 462 457
f 457 462 479
f 462 461 479
f 479 461 475
f 461 440 475
f 475 440 476
f 440 442 476
f 476 442 477
f 442 435 477
f 477 435 478
f 435 434 478
f 488 489 490
f 491 247 245
f 438 489 437
f 489 488 437
f 437 488 436
f 433 492 434
f 492 493 434
f 434 493 478
f 478 493 473
f 493 494 473
f 473 494 426
f 495 496 427
f 497 465 496
f 465 472 496
f 496 472 427
f 245 429 491
f 429 464 491
f 491 464 497
f 464 466 497
f 497 466 465
f 498 490 499
f 490 489 499
f 499 489 500
f 489 438 500
f 500 438 439
f 501 502 492
f 492 502 493
f 502 503 493
f 493 503 494
f 248 247 504
f 247 491 504
f 504 491 505
f 491 497 505
f 505 497 506
f 497 496 506
f 506 496 507
f 496 495 507
f 507 495 508
f 433 436 492
f 436 488 492
f 492 488 501
f 488 490 501
f 501 490 509
f 490 498 509
f 509 498 510
f 509 511 501
f 511 512 501
f 501 512 502
f 512 513 502
f 502 513 503
f 513 514 503
f 514 515 503
f 515 508 503
f 503 508 494
f 508 495 494
f 494 495 426
f 495 427 426
f 249 248 516
f 248 504 516
f 516 504 517
f 504 505 517
f 517 505 518
f 505 506 518
f 518 506 519
f 506 507 519
f 519 507 520
f 507 508 520
f 520 508 521
f 508 515 521
f 518 519 522
f 523 524 525
f 509 510 526
f 527 528 529
f 530 531 527
f 530 527 532
f 527 529 532
f 532 529 533
f 529 534 533
f 533 534 535
f 535 534 536
f 534 537 536
f 536 537 538
f 511 509 539
f 509 526 539
f 539 526 540
f 526 541 540
f 540 541 542
f 543 544 537
f 544 543 545
f 543 546 545
f 546 547 545
f 545 547 548
f 547 549 548
f 549 550 548
f 548 550 551
f 550 552 551
f 521 515 553
f 515 514 553
f 553 514 554
f 551 555 548
f 555 556 548
f 548 556 545
f 556 557 545
f 545 557 544
f 557 558 544
f 544 558 537
f 558 559 537
f 537 559 538
f 512 511 555
f 511 539 555
f 555 539 556
f 539 540 556
f 556 540 557
f 540 542 557
f 557 542 558
f 542 560 558
f 558 560 559
f 552 554 551
f 554 514 551
f 551 514 555
f 514 513 555
f 555 513 512
f 561 562 256
f 256 255 561
f 255 254 561
f 561 254 563
f 254 253 563
f 563 253 564
f 253 252 564
f 564 252 565
f 249 516 250
f 516 565 250
f 250 565 251
f 565 252 251
f 516 517 565
f 517 566 565
f 565 566 564
f 566 567 564
f 564 567 563
f 567 568 563
f 563 568 561
f 568 569 561
f 561 569 562
f 569 570 562
f 562 570 571
f 570 572 571
f 571 572 573
f 522 553 574
f 553 554 574
f 574 554 575
f 554 552 575
f 575 552 576
f 552 550 576
f 576 550 577
f 550 549 577
f 577 549 578
f 549 547 578
f 578 547 579
f 547 546 579
f 579 546 580
f 546 543 580
f 580 543 581
f 543 537 581
f 581 537 582
f 537 534 582
f 582 534 525
f 534 529 525
f 525 529 523
f 529 528 523
f 583 270 271
f 583 271 584
f 271 585 584
f 584 585 586
f 265 587 266
f 587 588 266
f 266 588 267
f 271 272 585
f 272 269 585
f 585 269 588
f 269 268 588
f 588 268 267
f 265 264 587
f 264 263 587
f 587 263 589
f 263 262 589
f 262 261 589
f 261 260 589
f 589 260 573
f 260 259 573
f 573 259 571
f 259 258 571
f 571 258 562
f 258 257 562
f 562 257 256
f 522 519 553
f 519 520 553
f 553 520 521
f 517 518 566
f 518 522 566
f 566 522 567
f 522 574 567
f 567 574 568
f 574 575 568
f 568 575 569
f 575 576 569
f 569 576 570
f 576 577 570
f 570 577 572
f 577 578 572
f 572 578 573
f 578 579 573
f 573 579 589
f 579 580 589
f 589 580 587
f 580 581 587
f 587 581 588
f 581 582 588
f 588 582 585
f 582 525 585
f 585 525 586
f 525 524 586
f 590 591 531
f 591 527 531
f 527 591 528
f 591 592 528
f 528 592 523
f 592 593 523
f 593 594 523
f 523 594 524
f 594 595 524
f 524 595 586
f 586 595 584
f 595 596 584
f 584 596 583
f 596 597 583
f 597 273 583
f 583 273 270
f 598 599 600
f 601 602 603
f 286 289 601
f 604 605 606
f 605 607 606
f 606 607 608
f 609 610 611
f 610 612 611
f 611 612 604
f 612 613 604
f 604 613 605
f 614 615 616
f 615 617 616
f 616 617 618
f 619 620 614
f 620 621 614
f 614 621 615
f 622 592 591
f 623 624 625
f 624 606 625
f 625 606 626
f 606 608 626
f 627 628 629
f 628 630 629
f 629 630 631
f 632 633 634
f 633 635 634
f 634 635 636
f 617 609 618
f 609 611 618
f 618 611 637
f 611 604 637
f 637 638 627
f 638 639 627
f 627 639 628
f 637 627 618
f 627 629 618
f 618 629 616
f 629 631 616
f 616 631 614
f 640 594 622
f 594 593 622
f 622 593 592
f 286 601 287
f 279 277 602
f 289 284 601
f 284 282 601
f 601 282 602
f 282 281 602
f 602 281 279
f 277 641 602
f 641 640 602
f 602 640 603
f 640 622 603
f 277 276 641
f 276 274 641
f 641 274 273
f 642 302 301
f 643 644 642
f 645 646 643
f 646 647 643
f 643 647 644
f 642 301 643
f 301 299 643
f 643 299 298
f 298 294 600
f 294 648 600
f 600 648 598
f 648 649 598
f 650 651 652
f 651 653 652
f 652 653 654
f 653 655 654
f 623 656 651
f 656 657 651
f 651 657 653
f 657 658 653
f 653 658 655
f 658 659 655
f 655 659 645
f 659 660 645
f 645 660 646
f 287 601 661
f 601 662 661
f 661 662 649
f 662 663 649
f 649 663 598
f 663 664 598
f 598 664 599
f 663 636 664
f 636 635 664
f 664 635 665
f 635 633 665
f 665 633 666
f 633 632 666
f 666 632 667
f 298 600 643
f 600 599 643
f 643 599 645
f 599 664 645
f 645 664 655
f 664 665 655
f 655 665 654
f 665 666 654
f 654 666 652
f 666 667 652
f 652 667 650
f 296 297 668
f 297 292 668
f 294 296 648
f 296 668 648
f 648 668 649
f 668 292 649
f 649 292 661
f 292 291 661
f 661 291 287
f 273 597 641
f 597 596 641
f 641 596 640
f 596 595 640
f 640 595 594
f 623 651 624
f 651 650 624
f 624 650 606
f 650 667 606
f 606 667 604
f 667 632 604
f 604 632 637
f 632 634 637
f 637 634 638
f 634 636 638
f 638 636 639
f 636 663 639
f 639 663 628
f 663 662 628
f 628 662 630
f 662 601 630
f 630 601 631
f 601 603 631
f 631 603 614
f 603 622 614
f 614 622 619
f 622 591 619
f 619 591 590
f 669 670 671
f 672 673 674
f 675 676 677
f 678 679 680
f 626 608 681
f 608 607 681
f 626 681 625
f 681 682 625
f 625 682 623
f 682 683 623
f 623 683 656
f 683 684 656
f 656 684 657
f 646 660 685
f 660 659 685
f 685 659 686
f 659 658 686
f 686 658 687
f 644 647 688
f 647 646 688
f 689 642 644
f 642 689 302
f 607 678 681
f 678 680 681
f 681 680 682
f 680 690 682
f 682 690 683
f 690 691 683
f 683 691 684
f 692 685 693
f 685 686 693
f 693 686 694
f 686 687 694
f 694 687 695
f 679 675 680
f 675 677 680
f 680 677 690
f 677 696 690
f 690 696 691
f 696 697 691
f 697 698 691
f 698 695 691
f 691 695 684
f 695 687 684
f 684 687 657
f 687 658 657
f 698 699 695
f 699 700 695
f 695 700 694
f 700 701 694
f 694 701 693
f 701 702 693
f 693 702 692
f 702 703 692
f 692 703 704
f 646 685 688
f 685 692 688
f 688 692 674
f 692 704 674
f 674 704 672
f 644 688 689
f 688 674 689
f 689 674 671
f 674 673 671
f 671 673 669
f 302 689 304
f 689 671 304
f 304 671 305
f 671 670 305
f 305 670 306
f 702 701 705
f 677 676 706
f 673 672 707
f 704 703 708
f 670 669 709
f 710 711 712
f 712 713 423
f 713 714 423
f 423 714 425
f 711 710 715
f 716 717 718
f 717 719 718
f 720 721 718
f 721 722 718
f 718 722 716
f 723 724 725
f 723 726 706
f 723 725 726
f 725 727 726
f 726 727 705
f 728 729 730
f 731 732 733
f 732 734 733
f 733 734 730
f 734 735 730
f 730 735 728
f 736 737 314
f 314 313 736
f 313 312 736
f 736 312 738
f 312 311 738
f 738 311 310
f 306 670 309
f 670 709 309
f 309 709 308
f 709 739 308
f 308 739 307
f 739 310 307
f 669 673 709
f 673 707 709
f 709 707 739
f 707 740 739
f 739 740 310
f 740 741 310
f 310 741 738
f 423 211 325
f 712 423 710
f 423 325 710
f 710 325 326
f 326 327 710
f 327 719 710
f 710 719 715
f 719 717 715
f 742 318 317
f 742 317 743
f 317 316 743
f 743 316 737
f 316 315 737
f 737 315 314
f 318 742 319
f 742 720 319
f 319 720 320
f 327 324 719
f 324 323 719
f 719 323 718
f 323 322 718
f 718 322 720
f 322 321 720
f 720 321 320
f 677 706 696
f 701 700 705
f 700 699 705
f 705 699 726
f 699 698 726
f 726 698 706
f 698 697 706
f 706 697 696
f 729 744 730
f 744 745 730
f 730 745 733
f 745 746 733
f 733 746 731
f 746 747 731
f 703 702 708
f 702 705 708
f 708 705 748
f 705 727 748
f 748 727 749
f 727 725 749
f 749 725 750
f 725 724 750
f 750 724 728
f 724 723 728
f 728 723 729
f 723 706 729
f 729 706 744
f 706 676 744
f 672 704 707
f 704 708 707
f 707 708 740
f 708 748 740
f 740 748 741
f 748 749 741
f 741 749 738
f 749 750 738
f 738 750 736
f 750 728 736
f 736 728 737
f 728 735 737
f 737 735 743
f 735 734 743
f 743 734 742
f 734 732 742
f 742 732 720
f 732 731 720
f 720 731 721
f 731 747 721
f 751 752 753
f 752 754 753
f 753 754 755
f 754 756 755
f 756 757 755
f 755 757 758
f 757 759 758
f 758 759 760
f 761 762 763
f 761 763 764
f 763 765 764
f 764 765 766
f 765 767 766
f 766 767 768
f 767 769 768
f 768 769 770
f 769 771 770
f 770 771 772
f 771 773 772
f 772 773 774
f 773 775 774
f 774 775 776
f 775 777 776
f 776 777 778
f 333 779 330
f 779 780 330
f 330 780 331
f 780 781 331
f 331 781 338
f 781 782 338
f 338 782 339
f 782 783 339
f 339 783 354
f 783 784 354
f 354 784 348
f 784 785 348
f 348 785 347
f 785 786 347
f 347 786 334
f 786 787 334
f 334 787 335
f 787 788 335
f 335 788 344
f 788 789 344
f 344 789 345
f 789 790 345
f 345 790 346
f 790 791 346
f 346 791 365
f 791 792 365
f 365 792 351
f 792 793 351
f 351 793 349
f 793 794 349
f 349 794 333
f 794 779 333
f 371 795 370
f 795 796 370
f 370 796 369
f 796 797 369
f 369 797 383
f 797 798 383
f 383 798 381
f 798 799 381
f 381 799 388
f 799 800 388
f 388 800 386
f 800 801 386
f 386 801 332
f 801 802 332
f 332 802 350
f 802 803 350
f 350 803 364
f 803 804 364
f 364 804 363
f 804 805 363
f 363 805 366
f 805 806 366
f 366 806 367
f 806 807 367
f 367 807 368
f 807 808 368
f 368 808 352
f 808 809 352
f 352 809 353
f 809 810 353
f 353 810 371
f 810 795 371
f 811 812 813
f 814 815 816
f 816 817 814
f 817 818 814
f 814 818 819
f 819 818 820
f 818 821 820
f 820 821 822
f 821 823 822
f 823 824 822
f 822 824 825
f 825 824 826
f 824 827 826
f 826 827 828
f 827 829 828
f 828 829 830
f 829 831 830
f 830 831 832
f 831 833 832
f 833 834 832
f 832 834 835
f 834 836 835
f 835 836 837
f 836 838 837
f 837 838 839
f 838 813 839
f 839 813 840
f 813 812 840
f 841 842 843
f 841 844 845
f 845 846 841
f 846 847 841
f 841 847 842
f 848 849 841
f 849 850 841
f 841 850 844
f 813 851 811
f 851 852 811
f 811 852 853
f 852 854 853
f 853 854 855
f 854 856 855
f 855 856 843
f 856 857 843
f 843 857 841
f 857 858 841
f 841 858 848
f 859 860 861
f 862 863 859
f 863 864 859
f 859 864 860
f 865 866 867
f 866 868 867
f 867 868 861
f 868 869 861
f 861 869 859
f 867 870 865
f 870 871 865
f 865 871 872
f 871 873 872
f 872 873 874
f 873 875 874
f 874 875 876
f 875 877 876
f 876 877 878
f 877 879 878
f 877 880 879
f 880 881 879
f 879 881 882
f 881 883 882
f 882 883 884
f 885 886 887
f 886 884 887
f 887 884 888
f 884 883 888
f 889 890 885
f 890 891 885
f 885 891 886
f 892 893 894
f 893 889 894
f 894 889 895
f 889 885 895
f 892 896 897
f 897 898 892
f 898 899 892
f 892 899 900
f 900 901 892
f 901 902 892
f 892 902 903
f 903 904 892
f 904 905 892
f 892 905 893
f 906 907 908
f 909 910 911
f 910 912 911
f 911 912 896
f 899 898 912
f 898 897 912
f 912 897 896
f 913 902 901
f 908 904 903
f 904 908 905
f 908 907 905
f 905 907 893
f 914 915 916
f 915 917 916
f 916 917 918
f 917 758 918
f 918 758 760
f 751 753 919
f 753 920 919
f 921 922 920
f 922 923 920
f 920 923 919
f 924 925 921
f 925 926 921
f 921 926 922
f 924 921 927
f 921 928 927
f 927 928 929
f 928 930 929
f 929 930 931
f 909 932 910
f 932 933 910
f 910 933 930
f 933 934 930
f 930 934 931
f 753 755 920
f 755 935 920
f 920 935 921
f 935 936 921
f 921 936 928
f 936 937 928
f 928 937 930
f 937 938 930
f 930 938 910
f 939 940 941
f 942 906 943
f 906 908 943
f 943 908 913
f 908 903 913
f 913 903 902
f 914 944 915
f 944 942 915
f 915 942 945
f 942 943 945
f 945 943 939
f 943 913 939
f 939 913 940
f 913 901 940
f 940 901 941
f 901 900 941
f 941 900 946
f 755 758 935
f 758 917 935
f 935 917 936
f 917 915 936
f 936 915 937
f 915 945 937
f 937 945 938
f 945 939 938
f 938 939 910
f 939 941 910
f 910 941 912
f 941 946 912
f 912 946 899
f 946 900 899
f 926 925 765
f 932 909 769
f 947 777 948
f 777 775 948
f 949 950 773
f 950 951 773
f 773 951 775
f 951 952 775
f 775 952 948
f 949 773 953
f 773 771 953
f 953 771 954
f 909 911 769
f 911 955 769
f 769 955 771
f 955 956 771
f 771 956 954
f 765 925 767
f 925 924 767
f 924 927 767
f 767 927 929
f 929 931 767
f 931 934 767
f 767 934 769
f 934 933 769
f 769 933 932
f 763 762 751
f 751 919 763
f 919 923 763
f 763 923 765
f 923 922 765
f 765 922 926
f 777 947 20
f 947 19 20
f 815 32 816
f 32 33 816
f 816 33 862
f 33 863 862
f 35 860 33
f 860 864 33
f 33 864 863
f 28 30 871
f 871 870 28
f 870 867 28
f 28 867 35
f 867 861 35
f 35 861 860
f 880 877 957
f 877 875 957
f 957 875 30
f 875 873 30
f 30 873 871
f 15 887 888
f 957 13 880
f 13 14 880
f 880 14 881
f 14 15 881
f 881 15 883
f 15 888 883
f 887 15 885
f 15 22 885
f 885 22 895
f 911 896 892
f 955 911 21
f 911 892 21
f 21 892 22
f 892 894 22
f 22 894 895
f 21 19 947
f 949 953 958
f 953 954 958
f 958 954 21
f 954 956 21
f 21 956 955
f 952 951 958
f 951 950 958
f 958 950 949
f 21 947 958
f 947 948 958
f 958 948 952
f 814 819 27
f 819 820 27
f 27 820 26
f 820 822 26
f 26 822 29
f 822 825 29
f 29 825 31
f 825 826 31
f 826 828 31
f 31 828 959
f 828 830 959
f 959 830 12
f 830 832 12
f 12 832 17
f 832 835 17
f 17 835 18
f 835 837 18
f 837 839 18
f 839 840 18
f 18 840 23
f 840 812 23
f 812 811 23
f 23 811 853
f 853 855 23
f 855 843 23
f 23 843 842
f 842 960 23
f 960 961 23
f 23 961 962
f 962 963 23
f 963 964 23
f 23 964 965
f 965 966 23
f 966 967 23
f 23 967 9
f 27 34 814
f 34 32 814
f 814 32 815
f 968 969 970
f 970 969 971
f 969 972 971
f 972 973 971
f 971 973 974
f 973 975 974
f 974 975 976
f 975 977 976
f 976 977 978
f 977 979 978
f 980 981 982
f 981 983 982
f 982 983 984
f 983 985 984
f 984 985 979
f 985 986 979
f 979 986 978
f 987 988 6
f 982 989 980
f 989 990 980
f 980 990 6
f 990 991 6
f 6 991 987
f 992 993 8
f 993 994 8
f 8 994 995
f 996 997 970
f 997 998 970
f 970 998 968
f 995 999 8
f 999 1000 8
f 8 1000 970
f 1000 1001 970
f 970 1001 996
f 1002 1003 8
f 1003 1004 8
f 8 1004 992
f 988 1005 6
f 1005 1006 6
f 6 1006 8
f 1006 1007 8
f 8 1007 1002
f 7 1008 6
f 1008 980 6
f 959 957 31
f 957 30 31
f 31 30 29
f 30 28 29
f 29 28 26
f 28 27 26
f 959 12 957
f 12 13 957
f 27 28 35
f 27 35 34
f 35 33 34
f 34 33 32
f 9 7 6
f 14 13 12
f 16 20 19
f 2 1 4
f 1 3 4
f 4 3 5
f 3 16 5
f 5 16 11
f 6 8 9
f 8 10 9
f 9 10 23
f 10 11 23
f 23 11 18
f 11 16 18
f 18 16 17
f 16 12 17
f 19 21 16
f 21 22 16
f 16 22 12
f 22 15 12
f 12 15 14
f 8 970 10
f 970 1009 10
f 1009 1010 10
f 1010 11 10
f 1011 1012 1013
f 1014 1015 1016
f 1017 960 842
f 847 1015 842
f 1015 1014 842
f 842 1014 1017
f 1014 1018 1017
f 1018 1014 1019
f 1014 1016 1019
f 1019 1016 1020
f 1016 1021 1020
f 1020 1021 1022
f 1022 1021 1023
f 1021 1024 1023
f 1023 1024 1025
f 1026 1027 1028
f 1026 1028 1029
f 1028 1030 1029
f 1030 1031 1029
f 1029 1031 1024
f 1031 1032 1024
f 1024 1032 1025
f 1033 1034 1035
f 1034 1036 1035
f 1035 1036 1026
f 1036 1037 1026
f 1026 1037 1027
f 1033 1035 1038
f 1035 754 1038
f 1038 754 752
f 1013 1039 1040
f 1039 1041 1040
f 1040 1041 1042
f 1041 1043 1042
f 1042 1043 1044
f 1043 1045 1044
f 1044 1045 757
f 1045 1046 757
f 757 1046 759
f 1012 858 857
f 857 1047 1012
f 1047 1048 1012
f 1012 1048 1013
f 1048 1049 1013
f 1013 1049 1039
f 1011 1050 844
f 844 850 1011
f 850 849 1011
f 1011 849 1012
f 849 848 1012
f 1012 848 858
f 846 845 1051
f 845 844 1051
f 1051 844 1052
f 844 1050 1052
f 1052 1050 1053
f 1050 1011 1053
f 1053 1011 1054
f 1011 1013 1054
f 1054 1013 1055
f 1013 1040 1055
f 1055 1040 1056
f 1040 1042 1056
f 1056 1042 1057
f 1042 1044 1057
f 1057 1044 756
f 1044 757 756
f 756 754 1057
f 754 1035 1057
f 1057 1035 1056
f 1035 1026 1056
f 1056 1026 1055
f 1026 1029 1055
f 1055 1029 1054
f 1029 1024 1054
f 1054 1024 1053
f 1024 1021 1053
f 1053 1021 1052
f 1021 1016 1052
f 1052 1016 1051
f 1016 1015 1051
f 1051 1015 846
f 1015 847 846
f 1058 1033 1059
f 1033 1038 1059
f 1059 1038 752
f 1027 1037 1060
f 1037 1036 1060
f 1060 1036 1058
f 1036 1034 1058
f 1058 1034 1033
f 1025 1032 1061
f 1032 1031 1061
f 1031 1030 1061
f 1061 1030 1060
f 1030 1028 1060
f 1060 1028 1027
f 1062 1018 1063
f 1018 1019 1063
f 1019 1020 1063
f 1020 1022 1063
f 1063 1022 1061
f 1022 1023 1061
f 1061 1023 1025
f 961 960 1017
f 1062 1064 963
f 1017 1018 961
f 1018 1062 961
f 961 1062 962
f 1062 963 962
f 1065 1008 967
f 967 966 1065
f 966 965 1065
f 1065 965 1064
f 965 964 1064
f 1064 964 963
f 967 1008 9
f 1008 7 9
f 456 865 444
f 865 872 444
f 444 872 446
f 872 874 446
f 446 874 483
f 456 455 865
f 455 453 865
f 865 453 866
f 453 451 866
f 451 449 866
f 449 448 866
f 866 448 460
f 460 482 866
f 482 481 866
f 866 481 480
f 424 425 821
f 425 714 821
f 821 714 713
f 713 712 821
f 712 711 821
f 821 711 823
f 711 715 823
f 823 715 717
f 717 716 823
f 716 722 823
f 823 722 824
f 487 486 876
f 486 485 876
f 876 485 874
f 485 484 874
f 874 484 483
f 487 876 439
f 876 878 439
f 439 878 500
f 878 879 500
f 500 879 499
f 879 882 499
f 499 882 498
f 882 884 498
f 498 884 886
f 607 857 856
f 856 854 607
f 854 852 607
f 607 852 678
f 857 607 1047
f 607 605 1047
f 1047 605 1048
f 609 617 759
f 1043 1041 613
f 1041 1039 613
f 613 1039 605
f 1039 1049 605
f 605 1049 1048
f 1043 613 1045
f 613 612 1045
f 1045 612 1046
f 1046 612 759
f 612 610 759
f 759 610 609
f 617 615 759
f 615 621 759
f 759 621 620
f 531 760 590
f 760 759 590
f 590 759 619
f 759 620 619
f 531 530 760
f 530 532 760
f 760 532 533
f 533 535 760
f 535 536 760
f 760 536 538
f 538 559 760
f 559 560 760
f 760 560 918
f 560 542 918
f 918 542 916
f 542 541 916
f 916 541 914
f 541 944 914
f 526 906 541
f 906 942 541
f 541 942 944
f 510 893 526
f 893 907 526
f 526 907 906
f 886 891 498
f 891 890 498
f 498 890 510
f 890 889 510
f 510 889 893
f 852 851 678
f 851 813 678
f 678 813 679
f 813 838 679
f 679 838 675
f 722 721 824
f 721 747 824
f 824 747 827
f 747 746 827
f 827 746 745
f 838 836 675
f 836 834 675
f 675 834 676
f 834 833 676
f 676 833 744
f 833 831 744
f 744 831 745
f 831 829 745
f 745 829 827
f 480 424 866
f 424 821 866
f 866 821 868
f 821 869 868
f 821 818 869
f 818 817 869
f 869 817 859
f 817 816 859
f 859 816 862
f 980 1008 1065
f 980 1065 981
f 1065 1064 981
f 981 1064 983
f 1064 1062 983
f 983 1062 985
f 1062 1063 985
f 985 1063 986
f 1063 1061 986
f 986 1061 978
f 1061 1060 978
f 978 1060 976
f 1060 1058 976
f 976 1058 974
f 1058 1059 974
f 974 1059 971
f 970 971 1009
f 971 1059 1009
f 1 1066 3
f 1066 1067 3
f 16 1068 20
f 1068 1069 20
f 20 1069 777
f 1069 778 777
f 1068 16 3
f 1068 3 1070
f 3 1067 1070
f 1070 1067 1071
f 778 1069 1068
f 1070 761 1068
f 761 764 1068
f 1068 764 766
f 766 768 1068
f 768 770 1068
f 1068 770 772
f 772 774 1068
f 774 776 1068
f 1068 776 778
f 4 1072 2
f 1072 1073 2
f 2 1073 1
f 1073 1066 1
f 1074 1072 5
f 1072 4 5
f 1010 1009 1059
f 1073 1072 1074
f 1073 1074 1066
f 752 751 1071
f 751 762 1071
f 1059 752 1010
f 752 1071 1010
f 1010 1071 1074
f 1071 1067 1074
f 1074 1067 1066
f 762 761 1071
f 761 1070 1071
f 783 782 1075
f 782 1076 1075
f 1077 1078 1074
f 1078 1079 1074
f 1074 1079 1076
f 796 795 1010
f 795 810 1010
f 1010 810 809
f 805 804 11
f 1080 1074 5
f 800 799 1074
f 799 798 1074
f 1074 798 1010
f 798 797 1010
f 1010 797 796
f 804 791 11
f 791 790 11
f 11 790 789
f 5 1081 1082
f 779 802 801
f 1082 1083 5
f 1083 1084 5
f 5 1084 1080
f 1085 1086 1074
f 1086 1087 1074
f 1074 1087 1077
f 809 808 1010
f 808 807 1010
f 1010 807 11
f 807 806 11
f 11 806 805
f 802 779 803
f 782 781 1076
f 781 780 1076
f 1076 780 1074
f 780 779 1074
f 1074 779 800
f 779 801 800
f 1088 785 1075
f 785 784 1075
f 1075 784 783
f 779 794 803
f 794 793 803
f 803 793 804
f 793 792 804
f 804 792 791
f 1089 1088 1090
f 1091 1092 1093
f 1090 1094 1089
f 1094 1095 1089
f 1089 1095 1096
f 1092 1091 1096
f 1091 1097 1096
f 1096 1097 1089
f 1080 1098 1074
f 1098 1099 1074
f 1074 1099 1085
f 1099 1091 1085
f 1085 1091 1100
f 1091 1093 1100
f 1088 1089 785
f 1089 1101 785
f 785 1101 786
f 11 1102 5
f 1102 1103 5
f 5 1103 1081
f 789 788 11
f 788 787 11
f 11 787 786
f 1101 1104 786
f 1104 1105 786
f 786 1105 11
f 1105 1106 11
f 11 1106 1102
f 392 969 393
f 969 968 393
f 393 968 394
f 968 998 394
f 394 998 395
f 998 997 395
f 395 997 396
f 997 996 396
f 396 996 397
f 996 1001 397
f 397 1001 398
f 1001 1000 398
f 398 1000 399
f 1000 999 399
f 399 999 400
f 999 995 400
f 400 995 401
f 995 994 401
f 401 994 402
f 994 993 402
f 402 993 403
f 993 992 403
f 403 992 404
f 992 1004 404
f 404 1004 405
f 1004 1003 405
f 405 1003 406
f 1003 1002 406
f 406 1002 407
f 1002 1007 407
f 407 1007 408
f 1007 1006 408
f 408 1006 409
f 1006 1005 409
f 409 1005 410
f 1005 988 410
f 410 988 411
f 988 987 411
f 411 987 412
f 987 991 412
f 412 991 413
f 991 990 413
f 413 990 414
f 990 989 414
f 414 989 415
f 989 982 415
f 415 982 416
f 982 984 416
f 416 984 417
f 984 979 417
f 417 979 418
f 979 977 418
f 418 977 419
f 977 975 419
f 419 975 420
f 975 973 420
f 420 973 421
f 973 972 421
f 421 972 392
f 972 969 392
f 357 1078 358
f 1078 1077 358
f 358 1077 359
f 1077 1087 359
f 359 1087 360
f 1087 1086 360
f 360 1086 361
f 1086 1085 361
f 361 1085 362
f 1085 1100 362
f 362 1100 336
f 1100 1093 336
f 336 1093 337
f 1093 1092 337
f 337 1092 341
f 1092 1096 341
f 341 1096 379
f 1096 1095 379
f 379 1095 380
f 1095 1094 380
f 380 1094 382
f 1094 1090 382
f 382 1090 384
f 1090 1088 384
f 384 1088 385
f 1088 1075 385
f 385 1075 355
f 1075 1076 355
f 355 1076 356
f 1076 1079 356
f 356 1079 357
f 1079 1078 357
f 391 1091 372
f 1091 1099 372
f 372 1099 373
f 1099 1098 373
f 373 1098 374
f 1098 1080 374
f 374 1080 375
f 1080 1084 375
f 375 1084 376
f 1084 1083 376
f 376 1083 377
f 1083 1082 377
f 377 1082 378
f 1082 1081 378
f 378 1081 329
f 1081 1103 329
f 329 1103 328
f 1103 1102 328
f 328 1102 340
f 1102 1106 340
f 340 1106 387
f 1106 1105 387
f 387 1105 342
f 1105 1104 342
f 342 1104 343
f 1104 1101 343
f 343 1101 389
f 1101 1089 389
f 389 1089 390
f 1089 1097 390
f 390 1097 391
f 1097 1091 391
f 1107 1108 1109
f 1108 1110 1109
f 1109 1110 1111
f 1111 1110 1112
f 1110 1113 1112
f 1112 1113 1114
f 1115 1116 1113
f 1116 1117 1113
f 1113 1117 1114
f 1118 1119 1120
f 1120 1121 1118
f 1121 1122 1118
f 1118 1122 1123
f 1122 1124 1123
f 1124 1125 1123
f 1123 1125 1126
f 1125 1127 1126
f 1126 1127 1128
f 1127 1129 1128
f 1128 1129 1130
f 1129 1131 1130
f 1131 1132 1130
f 1130 1132 1133
f 1132 1134 1133
f 1134 1135 1133
f 1133 1135 1136
f 1135 1137 1136
f 1136 1137 1138
f 1137 1139 1138
f 1138 1139 1140
f 1139 1141 1140
f 1141 1142 1140
f 1140 1142 1143
f 1142 1144 1143
f 1144 1145 1143
f 1143 1145 1146
f 1145 1147 1146
f 1147 1148 1146
f 1146 1148 1119
f 1148 1149 1119
f 1119 1149 1120
f 1131 1129 1150
f 1129 1127 1150
f 1150 1127 1151
f 1127 1125 1151
f 1151 1125 1152
f 1125 1124 1152
f 1152 1124 1153
f 1124 1122 1153
f 1153 1122 1154
f 1122 1121 1154
f 1154 1121 1155
f 1121 1120 1155
f 1155 1120 1156
f 1120 1149 1156
f 1156 1149 1157
f 1149 1148 1157
f 1157 1148 1158
f 1148 1147 1158
f 1158 1147 1159
f 1147 1145 1159
f 1159 1145 1160
f 1145 1144 1160
f 1160 1144 1161
f 1144 1142 1161
f 1161 1142 1162
f 1142 1141 1162
f 1162 1141 1163
f 1141 1139 1163
f 1163 1139 1164
f 1139 1137 1164
f 1164 1137 1165
f 1137 1135 1165
f 1165 1135 1166
f 1135 1134 1166
f 1166 1134 1167
f 1134 1132 1167
f 1167 1132 1168
f 1132 1131 1168
f 1168 1131 1150
f 1169 1170 1171
f 1172 1170 1169
f 1173 1172 1169
f 1169 1174 1175
f 1176 1174 1169
f 1177 1176 1169
f 1169 1178 1179
f 1180 1178 1169
f 1181 1180 1169
f 1179 1173 1169
f 1175 1181 1169
f 1171 1177 1169
f 1182 1172 1173
f 1182 1183 1172
f 1183 1184 1172
f 1172 1184 1170
f 1184 1185 1170
f 1185 1186 1170
f 1170 1186 1171
f 1186 1187 1171
f 1171 1187 1177
f 1187 1188 1177
f 1177 1188 1176
f 1188 1189 1176
f 1189 1190 1176
f 1176 1190 1174
f 1190 1191 1174
f 1191 1192 1174
f 1174 1192 1175
f 1192 1193 1175
f 1175 1193 1181
f 1193 1194 1181
f 1181 1194 1180
f 1194 1195 1180
f 1195 1196 1180
f 1180 1196 1178
f 1196 1197 1178
f 1197 1198 1178
f 1178 1198 1179
f 1198 1199 1179
f 1199 1200 1179
f 1179 1200 1173
f 1200 1201 1173
f 1173 1201 1182
f 1202 1203 1204
f 1203 1205 1204
f 1204 1205 1206
f 1205 1207 1206
f 1206 1207 1208
f 1207 1209 1208
f 1208 1209 1210
f 1209 1211 1210
f 1210 1211 1212
f 1211 1213 1212
f 1212 1213 1214
f 1213 1215 1214
f 1214 1215 1216
f 1215 1217 1216
f 1216 1217 1218
f 1217 1219 1218
f 1218 1219 1220
f 1219 1221 1220
f 1220 1221 1222
f 1221 1223 1222
f 1222 1223 1224
f 1223 1225 1224
f 1224 1225 1226
f 1225 1227 1226
f 1226 1227 1228
f 1227 1229 1228
f 1228 1229 1230
f 1229 1231 1230
f 1230 1231 1232
f 1231 1233 1232
f 1232 1233 1234
f 1233 1235 1234
f 1234 1235 1236
f 1235 1237 1236
f 1236 1237 1238
f 1237 1239 1238
f 1238 1239 1240
f 1239 1241 1240
f 1240 1241 1242
f 1241 1243 1242
f 1242 1243 1244
f 1243 1245 1244
f 1244 1245 1246
f 1245 1247 1246
f 1246 1247 1248
f 1247 1249 1248
f 1248 1249 1250
f 1249 1251 1250
f 1250 1251 1252
f 1251 1253 1252
f 1252 1253 1254
f 1253 1255 1254
f 1254 1255 1256
f 1255 1257 1256
f 1256 1257 1258
f 1257 1259 1258
f 1258 1259 1202
f 1259 1203 1202
f 1189 1188 1260
f 1188 1187 1260
f 1260 1187 1261
f 1187 1186 1261
f 1261 1186 1262
f 1186 1185 1262
f 1262 1185 1263
f 1185 1184 1263
f 1263 1184 1264
f 1184 1183 1264
f 1264 1183 1265
f 1183 1182 1265
f 1265 1182 1266
f 1182 1201 1266
f 1266 1201 1267
f 1201 1200 1267
f 1267 1200 1268
f 1200 1199 1268
f 1268 1199 1269
f 1199 1198 1269
f 1269 1198 1270
f 1198 1197 1270
f 1270 1197 1271
f 1197 1196 1271
f 1271 1196 1272
f 1196 1195 1272
f 1272 1195 1273
f 1195 1194 1273
f 1273 1194 1274
f 1194 1193 1274
f 1274 1193 1275
f 1193 1192 1275
f 1275 1192 1276
f 1192 1191 1276
f 1276 1191 1277
f 1191 1190 1277
f 1277 1190 1278
f 1190 1189 1278
f 1278 1189 1260
f 1279 1123 1126
f 1118 1123 1279
f 1119 1118 1279
f 1279 1133 1136
f 1130 1133 1279
f 1128 1130 1279
f 1279 1143 1146
f 1140 1143 1279
f 1138 1140 1279
f 1146 1119 1279
f 1136 1138 1279
f 1126 1128 1279
f 1280 1281 1282
f 1281 1283 1282
f 1282 1283 1284
f 1283 1285 1284
f 1284 1285 1286
f 1285 1287 1286
f 1286 1287 1288
f 1287 1289 1288
f 1288 1289 1290
f 1289 1291 1290
f 1290 1291 1292
f 1291 1293 1292
f 1292 1293 1294
f 1293 1295 1294
f 1294 1295 1296
f 1295 1297 1296
f 1296 1297 1298
f 1297 1299 1298
f 1298 1299 1300
f 1299 1301 1300
f 1300 1301 1302
f 1301 1303 1302
f 1302 1303 1304
f 1303 1305 1304
f 1304 1305 1306
f 1305 1307 1306
f 1306 1307 1308
f 1307 1309 1308
f 1308 1309 1310
f 1309 1311 1310
f 1310 1311 1312
f 1311 1313 1312
f 1312 1313 1314
f 1313 1315 1314
f 1314 1315 1316
f 1315 1317 1316
f 1316 1317 1318
f 1317 1280 1318
f 1318 1280 1282
f 1319 1320 1293
f 1293 1291 1319
f 1291 1289 1319
f 1319 1289 1321
f 1289 1287 1321
f 1287 1285 1321
f 1321 1285 1322
f 1285 1283 1322
f 1322 1283 1323
f 1283 1281 1323
f 1323 1281 1324
f 1281 1280 1324
f 1280 1317 1324
f 1324 1317 1325
f 1317 1315 1325
f 1315 1313 1325
f 1325 1313 1326
f 1313 1311 1326
f 1326 1311 1327
f 1311 1309 1327
f 1327 1309 1328
f 1309 1307 1328
f 1307 1305 1328
f 1328 1305 1329
f 1305 1303 1329
f 1303 1301 1329
f 1329 1301 1330
f 1301 1299 1330
f 1299 1297 1330
f 1330 1297 1320
f 1297 1295 1320
f 1320 1295 1293
f 1331 1321 1322
f 1319 1321 1331
f 1320 1319 1331
f 1331 1325 1326
f 1324 1325 1331
f 1323 1324 1331
f 1331 1329 1330
f 1328 1329 1331
f 1327 1328 1331
f 1330 1320 1331
f 1326 1327 1331
f 1322 1323 1331
f 1332 1333 1334
f 1333 1335 1334
f 1334 1335 1336
f 1335 1337 1336
f 1336 1337 1338
f 1337 1339 1338
f 1338 1339 1340
f 1339 1341 1340
f 1340 1341 1342
f 1341 1343 1342
f 1342 1343 1344
f 1343 1345 1344
f 1344 1345 1346
f 1345 1347 1346
f 1346 1347 1348
f 1347 1349 1348
f 1348 1349 1350
f 1349 1351 1350
f 1350 1351 1352
f 1351 1353 1352
f 1352 1353 1354
f 1353 1355 1354
f 1354 1355 1356
f 1355 1357 1356
f 1356 1357 1358
f 1357 1359 1358
f 1358 1359 1360
f 1359 1361 1360
f 1360 1361 1362
f 1361 1363 1362
f 1362 1363 1364
f 1363 1365 1364
f 1364 1365 1366
f 1365 1367 1366
f 1366 1367 1368
f 1367 1369 1368
f 1368 1369 1370
f 1369 1332 1370
f 1370 1332 1334
f 1371 1372 1345
f 1345 1343 1371
f 1343 1341 1371
f 1371 1341 1373
f 1341 1339 1373
f 1339 1337 1373
f 1373 1337 1374
f 1337 1335 1374
f 1374 1335 1375
f 1335 1333 1375
f 1375 1333 1376
f 1333 1332 1376
f 1332 1369 1376
f 1376 1369 1377
f 1369 1367 1377
f 1367 1365 1377
f 1377 1365 1378
f 1365 1363 1378
f 1378 1363 1379
f 1363 1361 1379
f 1379 1361 1380
f 1361 1359 1380
f 1359 1357 1380
f 1380 1357 1381
f 1357 1355 1381
f 1355 1353 1381
f 1381 1353 1382
f 1353 1351 1382
f 1351 1349 1382
f 1382 1349 1372
f 1349 1347 1372
f 1372 1347 1345
f 1383 1373 1374
f 1371 1373 1383
f 1372 1371 1383
f 1383 1377 1378
f 1376 1377 1383
f 1375 1376 1383
f 1383 1381 1382
f 1380 1381 1383
f 1379 1380 1383
f 1382 1372 1383
f 1378 1379 1383
f 1374 1375 1383
f 1234 1236 1110
f 1115 1202 1204
f 1224 1226 1108
f 1202 1115 1258
f 1115 1113 1258
f 1258 1113 1256
f 1226 1228 1108
f 1228 1230 1108
f 1108 1230 1110
f 1230 1232 1110
f 1110 1232 1234
f 1204 1206 1115
f 1206 1208 1115
f 1115 1208 1210
f 1218 1220 1108
f 1220 1222 1108
f 1108 1222 1224
f 1236 1238 1110
f 1238 1240 1110
f 1110 1240 1242
f 1210 1212 1115
f 1212 1214 1115
f 1115 1214 1108
f 1214 1216 1108
f 1108 1216 1218
f 1250 1252 1113
f 1252 1254 1113
f 1113 1254 1256
f 1242 1244 1110
f 1244 1246 1110
f 1110 1246 1113
f 1246 1248 1113
f 1113 1248 1250
f 1366 1368 1384
f 1368 1370 1384
f 1340 1342 1116
f 1358 1360 1385
f 1360 1362 1385
f 1385 1362 1384
f 1362 1364 1384
f 1384 1364 1366
f 1370 1334 1384
f 1334 1336 1384
f 1384 1336 1116
f 1336 1338 1116
f 1116 1338 1340
f 1350 1352 1117
f 1352 1354 1117
f 1117 1354 1385
f 1354 1356 1385
f 1385 1356 1358
f 1342 1344 1116
f 1344 1346 1116
f 1116 1346 1117
f 1346 1348 1117
f 1117 1348 1350
f 1275 1276 1107
f 1276 1277 1107
f 1107 1277 1278
f 1384 1263 1264
f 1278 1260 1107
f 1260 1261 1107
f 1107 1261 1384
f 1261 1262 1384
f 1384 1262 1263
f 1268 1269 1385
f 1269 1270 1385
f 1264 1265 1384
f 1265 1266 1384
f 1384 1266 1385
f 1266 1267 1385
f 1385 1267 1268
f 1235 1233 1109
f 1233 1231 1109
f 1275 1107 1274
f 1107 1109 1274
f 1274 1109 1273
f 1109 1231 1273
f 1273 1231 1272
f 1231 1229 1272
f 1272 1229 1271
f 1229 1227 1271
f 1271 1227 1225
f 1270 1207 1385
f 1207 1205 1385
f 1385 1205 1203
f 1217 1215 1270
f 1215 1213 1270
f 1203 1259 1385
f 1259 1257 1385
f 1385 1257 1255
f 1213 1211 1270
f 1211 1209 1270
f 1270 1209 1207
f 1241 1239 1109
f 1239 1237 1109
f 1109 1237 1235
f 1225 1223 1271
f 1223 1221 1271
f 1271 1221 1270
f 1221 1219 1270
f 1270 1219 1217
f 1255 1253 1385
f 1253 1251 1385
f 1385 1251 1249
f 1249 1247 1385
f 1247 1245 1385
f 1385 1245 1109
f 1245 1243 1109
f 1109 1243 1241
f 1385 1167 1168
f 1112 1165 1385
f 1165 1166 1385
f 1385 1166 1167
f 1162 1163 1112
f 1163 1164 1112
f 1112 1164 1165
f 1168 1150 1385
f 1150 1151 1385
f 1385 1151 1117
f 1151 1152 1117
f 1117 1152 1153
f 1157 1158 1114
f 1153 1154 1117
f 1154 1155 1117
f 1117 1155 1114
f 1155 1156 1114
f 1114 1156 1157
f 1158 1159 1114
f 1159 1160 1114
f 1114 1160 1112
f 1160 1161 1112
f 1112 1161 1162
f 1109 1316 1318
f 1308 1310 1111
f 1310 1312 1111
f 1111 1312 1109
f 1312 1314 1109
f 1109 1314 1316
f 1318 1282 1109
f 1282 1284 1109
f 1109 1284 1385
f 1284 1286 1385
f 1385 1286 1288
f 1296 1298 1112
f 1298 1300 1112
f 1288 1290 1385
f 1290 1292 1385
f 1385 1292 1112
f 1292 1294 1112
f 1112 1294 1296
f 1300 1302 1112
f 1302 1304 1112
f 1112 1304 1111
f 1304 1306 1111
f 1111 1306 1308
f 1108 1107 1115
f 1107 1384 1115
f 1115 1384 1116
