mtllib d405.mtl
usemtl material
v -0.0064009069465100765 -1.639119909668807e-05 0.011290422640740871
v -0.006400709506124258 0.0005085523589514196 0.011175266467034817
v -0.006397537421435118 -1.5498040738748387e-05 0.010040427558124065
v -0.0063988748006522655 -0.0011203059693798423 0.010625146329402924
v -0.006400055252015591 -0.0007726767798885703 0.011034999042749405
v -0.006400769576430321 -0.00028508351533673704 0.011261005885899067
v -0.006395420525223017 -0.0010496071772649884 0.00933820754289627
v -0.006396037060767412 -0.001176387770101428 0.009576926939189434
v -0.006397448480129242 -0.001263712765648961 0.010107208974659443
v -0.006394430994987488 0.00038447562837973237 0.008856151252985
v -0.006394157651811838 -0.00014975811063777655 0.008797664195299149
v -0.006394509691745043 -0.00065917446045205 0.008968899957835674
v -0.00639726035296917 0.0012181797064840794 0.009839082136750221
v -0.006395871751010418 0.0010196142829954624 0.009339685551822186
v -0.006395277567207813 0.000844774825964123 0.009133551269769669
v -0.006399926263839006 0.0009366261074319482 0.010850337333977222
v -0.006398701574653387 0.0011887000873684883 0.010375697165727615
v -0.0119008868932724 -1.7577418475411832e-05 0.011275595054030418
v -0.011900688521564007 0.0005073666106909513 0.011160438880324364
v -0.01189990621060133 0.0009354398935101926 0.01083550974726677
v -0.011898680590093136 0.0011875138152390718 0.010360869579017162
v -0.011897239834070206 0.0012169935507699847 0.009824253618717194
v -0.011895851232111454 0.001018428592942655 0.009324857965111732
v -0.01189525704830885 0.0008435890777036548 0.009118723683059216
v -0.011894410476088524 0.0003832894144579768 0.008841322734951973
v -0.011894137598574162 -0.0001509443245595321 0.008782835677266121
v -0.011894489638507366 -0.0006603606743738055 0.008954071439802647
v -0.01189540047198534 -0.0010507932165637612 0.009323379956185818
v -0.011896017007529736 -0.001177573692984879 0.009562098421156406
v -0.011897427961230278 -0.001264898688532412 0.010092380456626415
v -0.011898853816092014 -0.001121492125093937 0.01061031874269247
v -0.011900034733116627 -0.0007738629938103259 0.011020170524716377
v -0.011900749057531357 -0.0002862697292584926 0.011246178299188614
v -0.006346989423036575 -2.094141109409975e-06 -0.0087094996124506
v -0.006346791982650757 0.0005228498484939337 -0.00882465485483408
v -0.006343620363622904 -1.2005348253296688e-06 -0.009959494695067406
v -0.006344959139823914 -0.0011060091201215982 -0.009374775923788548
v -0.006346138194203377 -0.0007583792903460562 -0.008964922279119492
v -0.006346852518618107 -0.00027078602579422295 -0.00873891543596983
v -0.006341503467410803 -0.001035309862345457 -0.010661715641617775
v -0.006342120002955198 -0.0011620904551818967 -0.010422994382679462
v -0.006343530956655741 -0.0012494154507294297 -0.009892712347209454
v -0.006340513937175274 0.0003987731470260769 -0.011143771931529045
v -0.006340240593999624 -0.0001354610431008041 -0.011202258989214897
v -0.006340592633932829 -0.0006448769709095359 -0.011031021364033222
v -0.006343342829495668 0.001232476788572967 -0.01016084011644125
v -0.006341954227536917 0.0010339118307456374 -0.010660236701369286
v -0.006341360509395599 0.0008590723155066371 -0.010866371914744377
v -0.0063460092060267925 0.000950923131313175 -0.009149584919214249
v -0.006344784051179886 0.001202997169457376 -0.009624225087463856
v -0.011846968904137611 -3.280359578639036e-06 -0.008724328130483627
v -0.011846773326396942 0.0005216631107032299 -0.008839483372867107
v -0.011845988221466541 0.0009497369173914194 -0.009164412505924702
v -0.011844763532280922 0.0012018113629892468 -0.009639053605496883
v -0.011843322776257992 0.0012312906328588724 -0.010175667703151703
v -0.01184193417429924 0.001032725558616221 -0.010675065219402313
v -0.011841339990496635 0.0008578861015848815 -0.01088119950145483
v -0.01184049341827631 0.0003975869040004909 -0.011158599518239498
v -0.011840220540761948 -0.00013664725702255964 -0.011217087507247925
v -0.011840572580695152 -0.0006460631848312914 -0.01104584988206625
v -0.011841483414173126 -0.0010364961344748735 -0.010676543228328228
v -0.011842099949717522 -0.0011632766108959913 -0.010437821969389915
v -0.011843510903418064 -0.0012506016064435244 -0.009907539933919907
v -0.01184493862092495 -0.001107195159420371 -0.009389603510499
v -0.011846117675304413 -0.0007595655042678118 -0.008979749865829945
v -0.011846831999719143 -0.0002719722397159785 -0.008753743954002857
v 0.010990067385137081 0.019934674724936485 -0.012898526154458523
v 0.01109008863568306 0.019834697246551514 -0.01289832778275013
v 0.010993031784892082 0.01991521194577217 -0.013996805064380169
v 0.01109479833394289 0.01975747011601925 -0.014639200642704964
v 0.010996939614415169 0.019708674401044846 -0.015429618768393993
v 0.011097155511379242 0.019586684182286263 -0.0154997818171978
v 0.011000026948750019 0.01930129900574684 -0.016541996970772743
v 0.011099453084170818 0.01929083839058876 -0.016328206285834312
v 0.011101624928414822 0.018869634717702866 -0.017100198194384575
v 0.011002925224602222 0.018659276887774467 -0.017565904185175896
v 0.011103656142950058 0.018322952091693878 -0.017809869721531868
v 0.011005433276295662 0.017824631184339523 -0.018429536372423172
v 0.011105438694357872 0.017679467797279358 -0.018419455736875534
v 0.011007447727024555 0.01684068702161312 -0.019098034128546715
v 0.011109987273812294 0.013009581714868546 -0.019733181223273277
v 0.01101025752723217 0.01300963293761015 -0.01983344927430153
v 0.011109570972621441 0.014409884810447693 -0.019690686836838722
v 0.011009772308170795 0.014556857757270336 -0.01977725699543953
v 0.011108958162367344 0.015376228839159012 -0.019540654495358467
v 0.01100884098559618 0.015798896551132202 -0.019531304016709328
v 0.011108155362308025 0.01614927500486374 -0.01930478774011135
v 0.011106940917670727 0.016955897212028503 -0.018918892368674278
v 0.011019997298717499 0.019816109910607338 0.01310157123953104
v 0.010919975116848946 0.01991608925163746 0.013101373799145222
v 0.01101591531187296 -0.012990361079573631 -0.01985201984643936
v 0.011115645058453083 -0.012990410439670086 -0.01975175179541111
v 0.010902801528573036 0.012981138192117214 0.020026395097374916
v 0.011003070510923862 0.012981230393052101 0.019926665350794792
v 0.010902617126703262 0.014079420827329159 0.020006930455565453
v 0.011002902872860432 0.014722109772264957 0.01984943449497223
v 0.01090286485850811 0.015512240119278431 0.019800392910838127
v 0.011003177613019943 0.015582694672048092 0.019678650423884392
v 0.010903722606599331 0.01662462204694748 0.019393019378185272
v 0.011003796942532063 0.016411123797297478 0.01938280649483204
v 0.011004765518009663 0.01718311756849289 0.018961604684591293
v 0.010905233211815357 0.01764853298664093 0.018750999122858047
v 0.011006087064743042 0.01789279095828533 0.018414922058582306
v 0.010907297022640705 0.018512168899178505 0.017916355282068253
v 0.011007689870893955 0.018502378836274147 0.017771439626812935
v 0.01090980600565672 0.019180668517947197 0.016932412981987
v 0.011016231030225754 0.019773617386817932 0.01450186874717474
v 0.010915815830230713 0.01985989697277546 0.014648593962192535
v 0.011013657785952091 0.019623583182692528 0.01546820905059576
v 0.010912520810961723 0.019613943994045258 0.01589062809944153
v 0.011011624708771706 0.01938771829009056 0.016241254284977913
v 0.01100953295826912 0.01900181919336319 0.01704787276685238
v 0.011016098782420158 -0.014088643714785576 -0.019832555204629898
v 0.011115812696516514 -0.014731289818882942 -0.019674520939588547
v 0.011015851981937885 -0.015521463006734848 -0.019626017659902573
v 0.011115537956357002 -0.015591874718666077 -0.01950373500585556
v 0.01101499330252409 -0.01663384586572647 -0.019218644127249718
v 0.011114917695522308 -0.016420302912592888 -0.019207889214158058
v 0.011113949120044708 -0.0171922966837883 -0.018786689266562462
v 0.011013482697308064 -0.017657756805419922 -0.018576623871922493
v 0.011112628504633904 -0.01790197193622589 -0.018240008503198624
v 0.011011418886482716 -0.018521392717957497 -0.017741980031132698
v 0.01111102569848299 -0.018511557951569557 -0.017596526071429253
v 0.011008910834789276 -0.01918989233672619 -0.016758037731051445
v 0.011098718270659447 -0.019825290888547897 -0.012926656752824783
v 0.010998740792274475 -0.01992531307041645 -0.012926997616887093
v 0.011102484539151192 -0.019782796502113342 -0.014326953329145908
v 0.011002900078892708 -0.01986912079155445 -0.014474217779934406
v 0.011105057783424854 -0.019632764160633087 -0.015293294563889503
v 0.011006196029484272 -0.0196231659501791 -0.015716250985860825
v 0.01110709086060524 -0.01939689740538597 -0.016066337004303932
v 0.011109182611107826 -0.01901100017130375 -0.016872957348823547
v 0.011008728295564651 -0.01301876176148653 0.01990809477865696
v 0.010908459313213825 -0.013018855825066566 0.020007824525237083
v 0.01092864852398634 -0.019943898543715477 0.013072902336716652
v 0.011028626933693886 -0.019843876361846924 0.013073243200778961
v 0.010925684124231339 -0.019924435764551163 0.014171181246638298
v 0.011023917235434055 -0.01976664923131466 0.014814116060733795
v 0.010921776294708252 -0.019717896357178688 0.015603994950652122
v 0.011021560057997704 -0.019595863297581673 0.01567469723522663
v 0.010918689891695976 -0.019310522824525833 0.016716372221708298
v 0.011019262485206127 -0.01930001564323902 0.016503123566508293
v 0.011017090640962124 -0.018878815695643425 0.017275111749768257
v 0.010915790684521198 -0.01866850070655346 0.0177402812987566
v 0.011015058495104313 -0.01833213120698929 0.01798478327691555
v 0.010913281701505184 -0.017833855003118515 0.018603911623358727
v 0.011013277806341648 -0.017688646912574768 0.018594369292259216
v 0.010911268182098866 -0.016849908977746964 0.01927240937948227
v 0.011009144596755505 -0.014419064857065678 0.019865600392222404
v 0.010908943600952625 -0.014566081576049328 0.019951634109020233
v 0.011009757407009602 -0.015385408885776997 0.0197155699133873
v 0.01090987492352724 -0.015808120369911194 0.01970568113029003
v 0.01101056020706892 -0.0161584559828043 0.01947970502078533
v 0.011011774651706219 -0.016965078189969063 0.01909380778670311
v 0.010315917432308197 -0.012990511953830719 -0.019853906705975533
v 0.010310259647667408 0.013009481132030487 -0.0198353361338377
v 0.010290069505572319 0.019934525713324547 -0.012900413945317268
v 0.010293034836649895 0.019915061071515083 -0.013998692855238914
v 0.010296942666172981 0.01970852166414261 -0.015431506559252739
v 0.010300029069185257 0.019301148131489754 -0.016543883830308914
v 0.010302928276360035 0.01865912787616253 -0.017567791044712067
v 0.010305436328053474 0.017824480310082436 -0.018431423231959343
v 0.010307450778782368 0.016840534284710884 -0.019099920988082886
v 0.010308843106031418 0.015798747539520264 -0.019533192738890648
v 0.010309774428606033 0.014556707814335823 -0.0197791438549757
v 0.010219977237284184 0.01991593837738037 0.013099486008286476
v 0.010202803649008274 0.012980987317860126 0.020024508237838745
v 0.0102026192471385 0.014079269953072071 0.02000504359602928
v 0.010202866978943348 0.015512088313698769 0.019798506051301956
v 0.010203725658357143 0.01662447117269039 0.0193911325186491
v 0.010205235332250595 0.017648382112383842 0.018749112263321877
v 0.010207299143075943 0.018512018024921417 0.01791446842253208
v 0.010209807194769382 0.01918051950633526 0.01693052612245083
v 0.010212522931396961 0.01961379311978817 0.015888741239905357
v 0.010215818881988525 0.01985974609851837 0.01464670617133379
v 0.010208461433649063 -0.01301900576800108 0.020005935803055763
v 0.010228651575744152 -0.019944049417972565 0.013071014545857906
v 0.010225686244666576 -0.01992458663880825 0.014169293455779552
v 0.01022177841514349 -0.019718049094080925 0.015602107159793377
v 0.010218692012131214 -0.01931067369878292 0.016714485362172127
v 0.010215792804956436 -0.018668651580810547 0.01773839443922043
v 0.010213284753262997 -0.017834005877375603 0.018602024763822556
v 0.010211270302534103 -0.01685005985200405 0.0192705225199461
v 0.010209877043962479 -0.01580827124416828 0.01970379427075386
v 0.010208946652710438 -0.014566232450306416 0.019949745386838913
v 0.010298742912709713 -0.019925463944673538 -0.012928884476423264
v 0.010316101834177971 -0.014088794589042664 -0.01983444206416607
v 0.010315854102373123 -0.01552161481231451 -0.019627904519438744
v 0.010314995422959328 -0.01663399487733841 -0.019220532849431038
v 0.010313485749065876 -0.01765790767967701 -0.018578512594103813
v 0.010311421938240528 -0.018521543592214584 -0.01774386689066887
v 0.010308912955224514 -0.019190043210983276 -0.016759924590587616
v 0.010306197218596935 -0.019623316824436188 -0.015718139708042145
v 0.010302902199327946 -0.01986927166581154 -0.014476104639470577
v -0.005359073169529438 -0.0014796501491218805 -0.01573791913688183
v -0.00491764210164547 -0.001841764198616147 -0.015736989676952362
v -0.005976771004498005 -0.005821991246193647 -0.01574268937110901
v -0.004427643027156591 -0.0018416584935039282 -0.015735667198896408
v -0.004791488870978355 0.006040393374860287 -0.01573101244866848
v -0.004217102658003569 0.005466253496706486 -0.01572987623512745
v -0.005003640428185463 0.006128215231001377 -0.01573152467608452
v -0.004129189066588879 0.0052541401237249374 -0.015729790553450584
v -0.005679373629391193 0.006128069944679737 -0.015733344480395317
v -0.00597930746152997 0.005828005261719227 -0.015734368935227394
v -0.004128070082515478 0.0001094805629691109 -0.015733465552330017
v -0.004224198404699564 -0.00011066806473536417 -0.015733880922198296
v -0.00522354943677783 -0.0010363986948505044 -0.01573723740875721
v -0.005367744248360395 -0.0013666219310835004 -0.01573786325752735
v -0.005367738660424948 -0.0013918614713475108 -0.015737880021333694
v -0.004426711238920689 -0.006121656857430935 -0.015738725662231445
v -0.005676707718521357 -0.006121926475316286 -0.015742095187306404
v -0.004126779269427061 -0.005821592640131712 -0.01573770120739937
v -0.00412758020684123 -0.0021415939554572105 -0.015735073015093803
v -0.004117501433938742 0.00011228286166442558 -0.019653448835015297
v -0.004118621349334717 0.005256942473351955 -0.019649775698781013
v -0.0042136311531066895 -0.00010786602069856599 -0.019653867930173874
v -0.005212980788201094 -0.0010335961123928428 -0.01965722255408764
v -0.005357176065444946 -0.0013638193486258388 -0.01965784840285778
v -0.005357170477509499 -0.0013890588888898492 -0.019657867029309273
v -0.005348504520952702 -0.0014768476830795407 -0.019657906144857407
v -0.0049070739187300205 -0.0018389616161584854 -0.019656972959637642
v -0.004417075775563717 -0.0018388561438769102 -0.019655652344226837
v -0.004117011558264494 -0.002138791372999549 -0.019655058160424232
v -0.004116211086511612 -0.005818790290504694 -0.019657686352729797
v -0.004416144452989101 -0.006118854973465204 -0.019658708944916725
v -0.005666140932589769 -0.006119124591350555 -0.019662080332636833
v -0.005966204218566418 -0.005819189362227917 -0.01966267265379429
v -0.005968738812953234 0.005830807611346245 -0.019654352217912674
v -0.0056688059121370316 0.006130872294306755 -0.019653329625725746
v -0.004993072710931301 0.006131017580628395 -0.0196515079587698
v -0.004780921153724194 0.006043195258826017 -0.019650999456644058
v -0.004206534940749407 0.005469055380672216 -0.01964985951781273
v -0.00640883669257164 0.00652066245675087 -0.019655046984553337
v -0.0067095826379954815 -0.006055106408894062 -0.01966484636068344
v -0.006406000815331936 -0.006509233731776476 -0.019664352759718895
v -0.005951743572950363 -0.006812617182731628 -0.01966334506869316
v -0.005415966734290123 -0.006919070612639189 -0.019661976024508476
v -0.0068162656389176846 -0.0055193728767335415 -0.01966475136578083
v -0.006818670313805342 0.005530624184757471 -0.01965685747563839
v -0.006712219212204218 0.006066403817385435 -0.019656188786029816
v -0.004585969727486372 -0.006918891333043575 -0.01965973898768425
v -0.004050238523632288 -0.006812207400798798 -0.019658219069242477
v -0.003596112597733736 -0.0065086279064416885 -0.019656777381896973
v -0.003292730776593089 -0.006054369267076254 -0.019655635580420494
v -0.003186279907822609 -0.00551858963444829 -0.01965496502816677
v -0.003188560949638486 0.004965722095221281 -0.019647477194666862
v -0.003340346971526742 0.005465702153742313 -0.01964752748608589
v -0.0034523033536970615 0.005602060817182064 -0.019647732377052307
v -0.004518216475844383 0.006667515728622675 -0.019649844616651535
v -0.004979083314538002 0.006913726683706045 -0.019650911912322044
v -0.005954711697995663 0.0068242414854466915 -0.019653605297207832
v -0.005418980494141579 0.006930925417691469 -0.01965208351612091
v -0.005154666490852833 0.006930983159691095 -0.019651371985673904
v -0.008831489831209183 0.02063729055225849 -0.01611342467367649
v -0.008828946389257908 0.02027633599936962 -0.01702810637652874
v -0.009414270520210266 0.020224260166287422 -0.017004700377583504
v -0.00882806908339262 0.02011607214808464 -0.01734035648405552
v -0.008826582692563534 0.019796937704086304 -0.017866339534521103
v -0.009411927312612534 0.019748931750655174 -0.017835823819041252
v -0.008818067610263824 0.015768231824040413 -0.02070237509906292
v -0.008817257359623909 0.014555301517248154 -0.02090565115213394
v -0.009402681142091751 0.014549849554896355 -0.02084983140230179
v -0.008816785179078579 0.013006120920181274 -0.02095690742135048
v -0.009402209892868996 0.013005953282117844 -0.020900841802358627
v -0.009965912438929081 0.014533952809870243 -0.020681364461779594
v -0.009965448640286922 0.013005710206925869 -0.020731640979647636
v -0.010485311038792133 0.01450822502374649 -0.02040671929717064
v -0.010484854690730572 0.013005399145185947 -0.02045580931007862
v -0.010940911248326302 0.014473652467131615 -0.020036453381180763
v -0.01094046700745821 0.013005034066736698 -0.020083950832486153
v -0.011315210722386837 0.014431565068662167 -0.019584795460104942
v -0.011314780451357365 0.01300462894141674 -0.019630346447229385
v -0.011593819595873356 0.014383579604327679 -0.01906910352408886
v -0.011593406088650227 0.013004199601709843 -0.01911243610084057
v -0.011766038835048676 0.01433154009282589 -0.018509194254875183
v -0.011765641160309315 0.013003760017454624 -0.018550120294094086
v -0.011825240217149258 0.014277447946369648 -0.01792658492922783
v -0.011824863031506538 0.013003328815102577 -0.017965005710721016
v -0.00881842989474535 0.016141189262270927 -0.020597614347934723
v -0.009403843432664871 0.016123948618769646 -0.020544148981571198
v -0.009967049583792686 0.01607314497232437 -0.020382648333907127
v -0.010486405342817307 0.01599072478711605 -0.0201193168759346
v -0.010941947810351849 0.015879862010478973 -0.01976427622139454
v -0.011316177435219288 0.015744812786579132 -0.019331172108650208
v -0.011594707146286964 0.015590768307447433 -0.018836647272109985
v -0.01176683884114027 0.015423648059368134 -0.018299704417586327
v -0.01182595081627369 0.01524987630546093 -0.017740977928042412
v -0.008819603361189365 0.017063181847333908 -0.02023605816066265
v -0.00940500758588314 0.01703815720975399 -0.020185643807053566
v -0.009968183934688568 0.016964295879006386 -0.02003319188952446
v -0.010487492196261883 0.01684444397687912 -0.019784554839134216
v -0.010942971333861351 0.016683198511600494 -0.01944928988814354
v -0.011317121796309948 0.0164867602288723 -0.01904028095304966
v -0.011595561169087887 0.016262680292129517 -0.01857324317097664
v -0.011767596937716007 0.016019564121961594 -0.018066132441163063
v -0.011826607398688793 0.01576675847172737 -0.01753842644393444
v -0.00882174726575613 0.018218791112303734 -0.01953333243727684
v -0.009407132863998413 0.018183983862400055 -0.0194888673722744
v -0.009970256127417088 0.018081149086356163 -0.019354023039340973
v -0.010489476844668388 0.017914239317178726 -0.01913398504257202
v -0.01094483770430088 0.017689671367406845 -0.018837206065654755
v -0.011318845674395561 0.017416073009371758 -0.018475089222192764
v -0.011597122997045517 0.017103955149650574 -0.018061555922031403
v -0.011768979951739311 0.016765320673584938 -0.01761249639093876
v -0.011827807873487473 0.01641317643225193 -0.01714516244828701
v -0.008823555894196033 0.018927978351712227 -0.01891917549073696
v -0.009408926591277122 0.018887244164943695 -0.0188798438757658
v -0.00997200421988964 0.0187668539583683 -0.01876020058989525
v -0.010491152293980122 0.018571436405181885 -0.018564842641353607
v -0.010946415364742279 0.018308503553271294 -0.018301282078027725
v -0.011320305988192558 0.017988158389925957 -0.017979642376303673
v -0.011598446406424046 0.01762271113693714 -0.017612289637327194
v -0.011770155280828476 0.0172262042760849 -0.017213335260748863
v -0.011828829534351826 0.01681387796998024 -0.0167981144040823
v -0.01183053757995367 0.017304325476288795 -0.016204072162508965
v -0.01177212130278349 0.017790494486689568 -0.016529787331819534
v -0.011600658297538757 0.01825800910592079 -0.0168426763266325
v -0.011322745122015476 0.018688896670937538 -0.017130708321928978
v -0.010949055664241314 0.019066600129008293 -0.017382822930812836
v -0.010493955574929714 0.019376607611775398 -0.017589328810572624
v -0.009974930435419083 0.019607001915574074 -0.017742285504937172
v -0.008824707940220833 0.019298210740089417 -0.018521590158343315
v -0.00997721403837204 0.020070290192961693 -0.016932224854826927
v -0.010496143251657486 0.01982033997774124 -0.01681347005069256
v -0.01095111295580864 0.0194840170443058 -0.016652995720505714
v -0.011324644088745117 0.019074244424700737 -0.01645696721971035
v -0.011602377519011497 0.018606768921017647 -0.016232920810580254
v -0.011773644015192986 0.018099557608366013 -0.01598946377635002
v -0.011831858195364475 0.017572103068232536 -0.01573595590889454
v -0.00883246585726738 0.0207382682710886 -0.015759211033582687
v -0.009417761117219925 0.020682312548160553 -0.015746435150504112
v -0.00998061802238226 0.020516851916909218 -0.015705443918704987
v -0.010499405674636364 0.02024824172258377 -0.01563781313598156
v -0.010954185388982296 0.01988680474460125 -0.015546141192317009
v -0.01132748369127512 0.01944643259048462 -0.015433949418365955
v -0.011604949831962585 0.01894404925405979 -0.015305551700294018
v -0.011775929480791092 0.018398959189653397 -0.015165881253778934
v -0.01183384284377098 0.017832107841968536 -0.01502030435949564
v -0.008834507316350937 0.020889397710561752 -0.01501408964395523
v -0.009419787675142288 0.020832279697060585 -0.015007018111646175
v -0.009982598014175892 0.020663373172283173 -0.014982920140028
v -0.010501309297978878 0.020389169454574585 -0.014942720532417297
v -0.010955986566841602 0.02002020552754402 -0.01488796528428793
v -0.011329162865877151 0.019570663571357727 -0.014820759184658527
v -0.011606490239501 0.01905781589448452 -0.01474368292838335
v -0.011777316220104694 0.018501371145248413 -0.01465969905257225
v -0.011835070326924324 0.017922712489962578 -0.01457203645259142
v -0.00884009338915348 0.021000398322939873 -0.01295122317969799
v -0.009425349533557892 0.020942630246281624 -0.012952842749655247
v -0.009988089092075825 0.02077179029583931 -0.01295448187738657
v -0.010506687685847282 0.020494448021054268 -0.012956078164279461
v -0.010961214080452919 0.020121263340115547 -0.012957570143043995
v -0.01133420318365097 0.019666573032736778 -0.01295890100300312
v -0.011611317284405231 0.019147850573062897 -0.012960019521415234
v -0.011781913228332996 0.01858503557741642 -0.012960880994796753
v -0.011839429847896099 0.01799975149333477 -0.012961454689502716
v -0.00881112739443779 -0.012993873097002506 -0.020975477993488312
v -0.009396551176905632 -0.012994039803743362 -0.02091941237449646
v -0.009959788993000984 -0.012994283810257912 -0.02075021341443062
v -0.010479195974767208 -0.012994593940675259 -0.020474381744861603
v -0.010934808291494846 -0.012994959019124508 -0.020102521404623985
v -0.011309122666716576 -0.012995364144444466 -0.019648917019367218
v -0.011587749235332012 -0.012995795346796513 -0.0191310066729784
v -0.0117599843069911 -0.012996233999729156 -0.01856869086623192
v -0.011819204315543175 -0.012996664270758629 -0.01798357628285885
v -0.008910184726119041 0.020981812849640846 0.01304867584258318
v -0.009495440870523453 0.020924042910337448 0.013047056272625923
v -0.010058180429041386 0.020753202959895134 0.0130454171448946
v -0.010576779954135418 0.020475860685110092 0.013043821789324284
v -0.011031306348741055 0.02010267600417137 0.01304232981055975
v -0.011404295451939106 0.019647985696792603 0.01304099801927805
v -0.011681409552693367 0.01912926696240902 0.013039880432188511
v -0.011852005496621132 0.018566448241472244 0.013039018027484417
v -0.011909522116184235 0.017981166020035744 0.013038445264101028
v -0.008811425417661667 -0.016156086698174477 -0.02061236836016178
v -0.008812200278043747 -0.017070770263671875 -0.02025141566991806
v -0.009397613815963268 -0.017045913264155388 -0.020201044157147408
v -0.008812565356492996 -0.017383024096488953 -0.02009115181863308
v -0.008813312277197838 -0.017909007146954536 -0.019772017374634743
v -0.009398717433214188 -0.017877038568258286 -0.01972571387887001
v -0.008823560550808907 -0.020745055750012398 -0.015743326395750046
v -0.008826788514852524 -0.02094833366572857 -0.01453039888292551
v -0.009412082843482494 -0.020891062915325165 -0.014526651240885258
v -0.008830953389406204 -0.020999589934945107 -0.012981222942471504
v -0.009416235610842705 -0.020942073315382004 -0.01298275962471962
v -0.009974939748644829 -0.0207211971282959 -0.014512392692267895
v -0.009979048743844032 -0.02077147550880909 -0.012984155677258968
v -0.010493729263544083 -0.020445264875888824 -0.014488175511360168
v -0.01049776840955019 -0.020494358614087105 -0.012985356152057648
v -0.010948507115244865 -0.020073870196938515 -0.014454927295446396
v -0.01095245685428381 -0.020121367648243904 -0.012986314482986927
v -0.011321807280182838 -0.019621286541223526 -0.014413926750421524
v -0.011325644329190254 -0.01966683752834797 -0.012986995279788971
v -0.011599275283515453 -0.01910490356385708 -0.014366748742759228
v -0.011602984741330147 -0.019148238003253937 -0.01298737246543169
v -0.01177025493234396 -0.018544569611549377 -0.014315207488834858
v -0.011773825623095036 -0.01858549565076828 -0.012987431138753891
v -0.011828170157968998 -0.017961816862225533 -0.014261282980442047
v -0.011831594631075859 -0.01800023578107357 -0.01298716850578785
v -0.008822579868137836 -0.02064029686152935 -0.016116280108690262
v -0.00940790493041277 -0.020585378631949425 -0.016100743785500526
v -0.009970854967832565 -0.020422479137778282 -0.016051579266786575
v -0.010489793494343758 -0.020157860592007637 -0.01597067154943943
v -0.010944776237010956 -0.01980169303715229 -0.015861131250858307
v -0.011318320408463478 -0.019367661327123642 -0.015727169811725616
v -0.011596071533858776 -0.018872445449233055 -0.01557393278926611
v -0.011767355725169182 -0.01833507791161537 -0.015407311730086803
v -0.01182558760046959 -0.017776206135749817 -0.01523370761424303
v -0.008820170536637306 -0.02027873694896698 -0.017038270831108093
v -0.00940551795065403 -0.020226871594786644 -0.01701495051383972
v -0.009968527592718601 -0.020073020830750465 -0.01694272831082344
v -0.010487563908100128 -0.019823096692562103 -0.01682438515126705
v -0.010942677967250347 -0.01948670484125614 -0.01666446588933468
v -0.011316383257508278 -0.019076766446232796 -0.016469113528728485
v -0.011594315059483051 -0.01860904134809971 -0.01624584197998047
v -0.011765798553824425 -0.01810150407254696 -0.01600322499871254
v -0.011824238114058971 -0.017573654651641846 -0.015750586986541748
v -0.00881720706820488 -0.01957600750029087 -0.01819387637078762
v -0.009402579627931118 -0.01953009143471718 -0.018160773441195488
v -0.009965662844479084 -0.01939385011792183 -0.01805957779288292
v -0.010484820231795311 -0.01917252317070961 -0.01789417862892151
v -0.010940096341073513 -0.01887461543083191 -0.01767093315720558
v -0.011314000934362411 -0.01851157285273075 -0.017398422583937645
v -0.011592158116400242 -0.018097350373864174 -0.017087116837501526
v -0.01176388654857874 -0.017647866159677505 -0.016748977825045586
v -0.011822580359876156 -0.017180390655994415 -0.016397003084421158
v -0.00881542731076479 -0.018961848691105843 -0.018903059884905815
v -0.009400813840329647 -0.01892106421291828 -0.01886403188109398
v -0.00996394269168377 -0.018800023943185806 -0.01874528080224991
v -0.010483171790838242 -0.018603378906846046 -0.018551373854279518
v -0.010938542895019054 -0.01833869144320488 -0.01828976534307003
v -0.011312564834952354 -0.01801612600684166 -0.017970507964491844
v -0.011590857990086079 -0.017648082226514816 -0.017605869099497795
v -0.011762729845941067 -0.01724870316684246 -0.017209861427545547
v -0.011821574531495571 -0.016833338886499405 -0.016797704622149467
v -0.01182037964463234 -0.016239294782280922 -0.017288150265812874
v -0.011761355213820934 -0.016565153375267982 -0.017774151638150215
v -0.011589311063289642 -0.016878465190529823 -0.018241165205836296
v -0.011310858651995659 -0.017167188227176666 -0.018671242520213127
v -0.010936697013676167 -0.017420228570699692 -0.01904785819351673
v -0.010481209494173527 -0.017627861350774765 -0.019356541335582733
v -0.009961896575987339 -0.01778210699558258 -0.019585425034165382
v -0.008814515545964241 -0.018564261496067047 -0.019273294135928154
v -0.009960822761058807 -0.016972042620182037 -0.020048711448907852
v -0.010480181314051151 -0.01685200072824955 -0.019800271838903427
v -0.010935729369521141 -0.016690395772457123 -0.01946527510881424
v -0.011309963651001453 -0.01649344339966774 -0.019056590273976326
v -0.011588501743972301 -0.016268707811832428 -0.01858992502093315
v -0.011760639026761055 -0.01602482795715332 -0.01808321103453636
v -0.011819758452475071 -0.015771178528666496 -0.017555925995111465
v -0.008811229839920998 -0.015801871195435524 -0.02071334607899189
v -0.009396650828421116 -0.015787644311785698 -0.02065909467637539
v -0.009959883987903595 -0.01574525609612465 -0.020495275035500526
v -0.010479281656444073 -0.015676338225603104 -0.020228173583745956
v -0.010934882797300816 -0.015583538450300694 -0.019868062809109688
v -0.011309181340038776 -0.015470421873033047 -0.019428778439760208
v -0.011587792076170444 -0.015341335907578468 -0.018927205353975296
v -0.011760009452700615 -0.01520124264061451 -0.018382612615823746
v -0.011819212697446346 -0.015055522322654724 -0.017815932631492615
v -0.00881098210811615 -0.015056747011840343 -0.020864475518465042
v -0.009396406821906567 -0.015048223547637463 -0.02080906182527542
v -0.009959645569324493 -0.015022729523479939 -0.020641794428229332
v -0.010479052551090717 -0.014981243759393692 -0.02036910317838192
v -0.010934664867818356 -0.01492536161094904 -0.02000146359205246
v -0.011308979243040085 -0.014857228845357895 -0.019553009420633316
v -0.011587606742978096 -0.014779465273022652 -0.019040970131754875
v -0.011759841814637184 -0.014695057645440102 -0.018485024571418762
v -0.011819064617156982 -0.014607252553105354 -0.017906537279486656
v -0.008929713629186153 0.016138309612870216 0.020679820328950882
v -0.008928937837481499 0.017052993178367615 0.02031886577606201
v -0.00951406080275774 0.01702788472175598 0.02026534266769886
v -0.008928573690354824 0.017365247011184692 0.02015860378742218
v -0.008927825838327408 0.017891230061650276 0.019839471206068993
v -0.00951295904815197 0.01785900816321373 0.019790010526776314
v -0.008917576633393764 0.02072727680206299 0.015810778364539146
v -0.008914350531995296 0.02093055658042431 0.014597851783037186
v -0.009499591775238514 0.02087303251028061 0.014590946957468987
v -0.010062290355563164 0.020702924579381943 0.014573655091226101
v -0.010580820962786674 0.02042676880955696 0.014546641148626804
v -0.01103525422513485 0.02005518041551113 0.01451094076037407
v -0.011408131569623947 0.01960243284702301 0.014467928558588028
v -0.01168511901050806 0.01908593252301216 0.014419256709516048
v -0.011855576187372208 0.01852552220225334 0.014366794377565384
v -0.011912948451936245 0.017942743375897408 0.014312559738755226
v -0.008918559178709984 0.02062251791357994 0.01618373394012451
v -0.009503769688308239 0.02056734822690487 0.01616504229605198
v -0.010066376067698002 0.020404208451509476 0.01611284166574478
v -0.010584755800664425 0.020139364525675774 0.01602913625538349
v -0.011038986966013908 0.019783001393079758 0.01591714471578598
v -0.011411619372665882 0.019348809495568275 0.01578117161989212
v -0.011688322760164738 0.01885347254574299 0.015626441687345505
v -0.011858475394546986 0.018316032364964485 0.015458899550139904
v -0.011915529146790504 0.01775713451206684 0.01528498437255621
v -0.008920966647565365 0.02026095986366272 0.017105720937252045
v -0.009506157599389553 0.02020884118974209 0.017079247161746025
v -0.010068702511489391 0.02005474828183651 0.017003992572426796
v -0.010586985386908054 0.01980460062623024 0.016882851719856262
v -0.011041085235774517 0.01946801319718361 0.0167204812169075
v -0.011413554660975933 0.01905791461467743 0.016523117199540138
v -0.011690078303217888 0.018590068444609642 0.01629834994673729
v -0.011860031634569168 0.018082458525896072 0.01605481281876564
v -0.011916878633201122 0.01755458302795887 0.015801865607500076
v -0.008923931047320366 0.01955823041498661 0.01826133020222187
v -0.009509095922112465 0.019512061029672623 0.01822507008910179
v -0.010071568191051483 0.019375579431653023 0.018120840191841125
v -0.010589729063212872 0.019154027104377747 0.01795264333486557
v -0.011043666861951351 0.018855923786759377 0.017726948484778404
v -0.011415938846766949 0.018492721021175385 0.017452426254749298
v -0.011692235246300697 0.018078377470374107 0.017139622941613197
v -0.011861944571137428 0.01762882061302662 0.016800567507743835
v -0.011918538250029087 0.01716131903231144 0.016448281705379486
v -0.008925709873437881 0.018944071605801582 0.018970513716340065
v -0.009510860778391361 0.018903035670518875 0.018928326666355133
v -0.010073287412524223 0.01878175139427185 0.018806543201208115
v -0.010591377504169941 0.018584884703159332 0.01860984042286873
v -0.01104522030800581 0.018319999799132347 0.018345780670642853
v -0.011417374014854431 0.017997272312641144 0.018024511635303497
v -0.011693538166582584 0.01762910932302475 0.017658377066254616
v -0.0118631012737751 0.017229657620191574 0.017261449247598648
v -0.011919542215764523 0.01681426912546158 0.016848981380462646
v -0.011920737102627754 0.016220225021243095 0.017339427024126053
v -0.011864474043250084 0.016546107828617096 0.017825737595558167
v -0.01169508509337902 0.016859492287039757 0.018293673172593117
v -0.011419080197811127 0.01714833453297615 0.01872524619102478
v -0.011047064326703548 0.01740153692662716 0.019103873521089554
v -0.010593338869512081 0.0176093652844429 0.019415006041526794
v -0.010075333528220654 0.017763834446668625 0.01964668743312359
v -0.008926622569561005 0.018546484410762787 0.019340746104717255
v -0.01007640827447176 0.01695377007126808 0.020109975710511208
v -0.010594367049634457 0.016833504661917686 0.019858738407492638
v -0.011048033833503723 0.01667170412838459 0.019521288573741913
v -0.011419973336160183 0.016474591568112373 0.01911059394478798
v -0.011695892550051212 0.01624973490834236 0.01864243485033512
v -0.011865191161632538 0.016005782410502434 0.01813480071723461
v -0.011921358294785023 0.01575210690498352 0.017607204616069794
v -0.008929909206926823 0.015784095972776413 0.02078079804778099
v -0.009515024721622467 0.01576961576938629 0.020723393186926842
v -0.010077347047626972 0.015726983547210693 0.020556535571813583
v -0.01059526763856411 0.01565784402191639 0.020286638289690018
v -0.011048880405724049 0.01556484680622816 0.01992407627403736
v -0.01142075750976801 0.015451569110155106 0.01948278211057186
v -0.01169660221785307 0.015322364866733551 0.018979713320732117
v -0.011865821667015553 0.015182196162641048 0.018434200435876846
v -0.011921904049813747 0.015036450698971748 0.017867209389805794
v -0.008930156007409096 0.015038968995213509 0.020931927487254143
v -0.009515269659459591 0.015030194073915482 0.020873358473181725
v -0.010077585466206074 0.015004456974565983 0.020703056827187538
v -0.010595496743917465 0.014962747693061829 0.02042756974697113
v -0.011049098335206509 0.014906669966876507 0.020057478919625282
v -0.0114209596067667 0.014838376082479954 0.01960701122879982
v -0.011696787551045418 0.014760492369532585 0.019093478098511696
v -0.011865987442433834 0.01467601303011179 0.018536612391471863
v -0.011922052130103111 0.014588181860744953 0.017957814037799835
v -0.008930010721087456 0.01297609694302082 0.021042929962277412
v -0.009515124373137951 0.012976010330021381 0.020983709022402763
v -0.010077442042529583 0.01297601219266653 0.020811475813388824
v -0.010595353320240974 0.012976097874343395 0.020532846450805664
v -0.011048953048884869 0.012976267375051975 0.020158536732196808
v -0.011420817114412785 0.012976511381566525 0.01970292255282402
v -0.01169664692133665 0.012976822443306446 0.019183514639735222
v -0.011865846812725067 0.01297718845307827 0.01862027868628502
v -0.011921913363039494 0.012977593578398228 0.018034853041172028
v -0.008901044726371765 -0.021018175408244133 0.013018676079809666
v -0.009486326016485691 -0.02096065878868103 0.01301713939756155
v -0.010049141012132168 -0.020790062844753265 0.013015744276344776
v -0.010567859746515751 -0.02051294408738613 0.013014543801546097
v -0.011022549122571945 -0.02013995498418808 0.013013584539294243
v -0.011395735666155815 -0.019685424864292145 0.013012903742492199
v -0.011673077009618282 -0.019166823476552963 0.01301252655684948
v -0.011843917891383171 -0.018604081124067307 0.013012468814849854
v -0.011901686899363995 -0.018018823117017746 0.013012731447815895
v -0.008924352936446667 -0.01302389707416296 0.02102435752749443
v -0.009509465657174587 -0.01302398182451725 0.02096513845026493
v -0.01007178332656622 -0.013023980893194675 0.020792905241250992
v -0.01058969460427761 -0.01302389521151781 0.02051427587866783
v -0.011043296195566654 -0.013023726642131805 0.020139964297413826
v -0.011415158398449421 -0.013023481704294682 0.01968435011804104
v -0.011690988205373287 -0.01302317064255476 0.01916494406759739
v -0.011860189959406853 -0.01302280556410551 0.018601706251502037
v -0.01191625464707613 -0.013022399507462978 0.018016282469034195
v -0.008909648284316063 -0.020655065774917603 0.01618087850511074
v -0.008912192657589912 -0.020294111222028732 0.01709555648267269
v -0.009497404098510742 -0.020242290571331978 0.017068997025489807
v -0.0089130699634552 -0.02013384737074375 0.01740781031548977
v -0.008914555422961712 -0.019814714789390564 0.017933793365955353
v -0.009499749168753624 -0.01976696029305458 0.017900120466947556
v -0.008923071436583996 -0.015786008909344673 0.02076982706785202
v -0.008923879824578762 -0.014573078602552414 0.02097310498356819
v -0.009508995339274406 -0.014567878097295761 0.02091412991285324
v -0.010071318596601486 -0.014552224427461624 0.02074262499809265
v -0.01058923825621605 -0.01452672015875578 0.0204651840031147
v -0.011042851023375988 -0.014492344111204147 0.020092468708753586
v -0.011414729058742523 -0.014450417831540108 0.019638799130916595
v -0.011690573766827583 -0.014402552507817745 0.01912161149084568
v -0.011859792284667492 -0.01435058657079935 0.018560782074928284
v -0.011915876530110836 -0.01429651863873005 0.017977861687541008
v -0.008922708220779896 -0.016158966347575188 0.020665068179368973
v -0.009507832117378712 -0.0161419790238142 0.0206084456294775
v -0.01007018145173788 -0.016091415658593178 0.020443908870220184
v -0.010588143952190876 -0.016009220853447914 0.020177781581878662
v -0.011041813530027866 -0.015898553654551506 0.01982029154896736
v -0.011413762345910072 -0.0157636646181345 0.01938517577946186
v -0.01168968714773655 -0.015609740279614925 0.018889153376221657
v -0.011858992278575897 -0.015442694537341595 0.018351290374994278
v -0.011915165930986404 -0.015268946997821331 0.01779225468635559
v -0.008921533823013306 -0.01708095706999302 0.02030351012945175
v -0.009506667964160442 -0.017056185752153397 0.02024994045495987
v -0.010069046169519424 -0.01698256842792034 0.020094452425837517
v -0.0105870570987463 -0.016862938180565834 0.019843019545078278
v -0.011040791869163513 -0.016701890155673027 0.019505305215716362
v -0.011412817984819412 -0.016505612060427666 0.019094282761216164
v -0.011688832193613052 -0.016281651332974434 0.01862575113773346
v -0.01185823418200016 -0.01603860966861248 0.018117720261216164
v -0.0119145093485713 -0.015785828232765198 0.01758970320224762
v -0.008919390849769115 -0.018236568197607994 0.01960078440606594
v -0.00950454268604517 -0.01820201240479946 0.01955316588282585
v -0.010066973976790905 -0.01809942163527012 0.01941528730094433
v -0.010585072450339794 -0.01793273538351059 0.019192451611161232
v -0.011038925498723984 -0.017708363011479378 0.018893219530582428
v -0.011411094106733799 -0.017434924840927124 0.018529091030359268
v -0.011687271296977997 -0.01712292805314064 0.018114062026143074
v -0.011856851167976856 -0.016784366220235825 0.01766408234834671
v -0.011913309805095196 -0.016432246193289757 0.01719644106924534
v -0.008917581290006638 -0.018945755437016487 0.018986627459526062
v -0.009502748027443886 -0.0189052727073431 0.018944140523672104
v -0.010065226815640926 -0.018785126507282257 0.018821462988853455
v -0.010583396069705486 -0.018589932471513748 0.01862330734729767
v -0.011037345975637436 -0.018327195197343826 0.018357297405600548
v -0.011409633792936802 -0.018007010221481323 0.018033646047115326
v -0.011685946956276894 -0.017641684040427208 0.017664795741438866
v -0.011855675838887691 -0.017245249822735786 0.017264921218156815
v -0.011912287212908268 -0.016832947731018066 0.016849389299750328
v -0.011910580098628998 -0.017323395237326622 0.016255350783467293
v -0.011853709816932678 -0.017809541895985603 0.016581375151872635
v -0.011683735996484756 -0.01827698014676571 0.01689518243074417
v -0.011407194659113884 -0.018707748502492905 0.017184710130095482
v -0.011034705676138401 -0.019085291773080826 0.017438838258385658
v -0.010580593720078468 -0.019395101815462112 0.017647793516516685
v -0.010062300600111485 -0.01962527260184288 0.017803549766540527
v -0.008916430175304413 -0.019315989688038826 0.018589042127132416
v -0.010060016997158527 -0.02008856274187565 0.016993487253785133
v -0.010578406043350697 -0.019838836044073105 0.01687193661928177
v -0.011032650247216225 -0.019502708688378334 0.01670900732278824
v -0.011405294761061668 -0.019093096256256104 0.016510969027876854
v -0.011682016775012016 -0.018625741824507713 0.016285426914691925
v -0.011852187104523182 -0.0181186031550169 0.016041051596403122
v -0.011909259483218193 -0.017591174691915512 0.015787234529852867
v -0.008908672258257866 -0.02075604349374771 0.015826664865016937
v -0.009493914432823658 -0.02070034295320511 0.015810731798410416
v -0.010056613013148308 -0.020535122603178024 0.015766706317663193
v -0.010575144551694393 -0.020266735926270485 0.01569627784192562
v -0.011029577814042568 -0.019905496388673782 0.015602154657244682
v -0.011402455158531666 -0.019465286284685135 0.015487953089177608
v -0.011679443530738354 -0.018963024020195007 0.015358059667050838
v -0.011849901638925076 -0.018418004736304283 0.01521746814250946
v -0.011907273903489113 -0.017851179465651512 0.015071580186486244
v -0.008906630799174309 -0.020907174795866013 0.015081542544066906
v -0.009491887874901295 -0.02085030823945999 0.015071314759552479
v -0.01005463395267725 -0.02068164385855198 0.015044182538986206
v -0.01057323906570673 -0.02040766552090645 0.015001186169683933
v -0.011027773842215538 -0.020038899034261703 0.014943980611860752
v -0.011400775983929634 -0.019589515402913094 0.014874760992825031
v -0.011677904985845089 -0.019076788797974586 0.014796189963817596
v -0.011848514899611473 -0.0185204166918993 0.014711286872625351
v -0.01190604642033577 -0.017941784113645554 0.014623313210904598
v -0.005218952894210815 -0.009766082279384136 -0.0179634727537632
v -0.005641866475343704 -0.009479472413659096 -0.017964407801628113
v -0.005005099810659885 -0.008995194919407368 -0.017962345853447914
v -0.005805096123367548 -0.008995368145406246 -0.017964504659175873
v -0.005642077419906855 -0.0085111940279603 -0.017963718622922897
v -0.004319528117775917 -0.00940749142318964 -0.017960792407393456
v -0.004556009080260992 -0.00965724978595972 -0.01796160824596882
v -0.004708830267190933 -0.009738313034176826 -0.017962079495191574
v -0.004556296858936548 -0.008332948200404644 -0.01796066388487816
v -0.004424425773322582 -0.008444910869002342 -0.017960388213396072
v -0.004209809936583042 -0.008908528834581375 -0.017960138618946075
v -0.005219289567321539 -0.008224401623010635 -0.017962373793125153
v -0.00470915250480175 -0.008251950144767761 -0.017961015924811363
v -0.0052228705026209354 0.008233913220465183 -0.017950616776943207
v -0.00564578315243125 0.008520523086190224 -0.01795155368745327
v -0.005009016953408718 0.009004798717796803 -0.017949488013982773
v -0.005809012334793806 0.009004626423120499 -0.01795164681971073
v -0.0056459940969944 0.009488801471889019 -0.017950860783457756
v -0.004323443863540888 0.00859250407665968 -0.017947936430573463
v -0.004559924826025963 0.008342744782567024 -0.017948752269148827
v -0.004712746478617191 0.008261681534349918 -0.017949221655726433
v -0.004560213536024094 0.009667047299444675 -0.017947806045413017
v -0.004428342450410128 0.009555084630846977 -0.01794753037393093
v -0.004213727544993162 0.00909146573394537 -0.017947284504771233
v -0.005223206244409084 0.00977559294551611 -0.01794951595366001
v -0.00471307011321187 0.009748044423758984 -0.01794815994799137
v 0.0017897760262712836 0.020984120666980743 0.013077523559331894
v 0.0018598674796521664 0.02100270614027977 -0.01292237639427185
v 0.001864523277617991 0.02093629352748394 -0.014644044451415539
v 0.001868471154011786 0.02063959836959839 -0.0160845797508955
v 0.0018718913197517395 0.020118379965424538 -0.01731150969862938
v 0.0018752522300928831 0.019300520420074463 -0.018492743372917175
v 0.001878109760582447 0.01826667971909046 -0.01946985349059105
v 0.0018803580896928906 0.017064495012164116 -0.020207688212394714
v 0.0018818930257111788 0.01577053964138031 -0.02067352645099163
v 0.0018828865140676498 0.014105063863098621 -0.0209086611866951
v 0.0018831752240657806 0.013008428737521172 -0.02092805877327919
v -0.0059636845253407955 -0.00866757147014141 -0.02096470817923546
v -0.006017007865011692 -0.008993269875645638 -0.020965084433555603
v 0.0018888326594606042 -0.012991565279662609 -0.020946631208062172
v -0.0039701564237475395 -0.006996036972850561 -0.02095814049243927
v -0.003451157594099641 -0.006649089511483908 -0.0209564920514822
v -0.0052740201354026794 0.009989704936742783 -0.020949510857462883
v -0.005573520436882973 0.009851062670350075 -0.02095041796565056
v -0.006890835706144571 -0.006130753085017204 -0.020965393632650375
v -0.007012761663645506 -0.0055184862576425076 -0.02096528559923172
v -0.007015166338533163 0.00553150987252593 -0.02095739357173443
v -0.005809158552438021 -0.00837594922631979 -0.020964082330465317
v -0.0060247378423810005 -0.006996480282396078 -0.020963678136467934
v -0.006543886382132769 -0.006649755872786045 -0.02096482925117016
v -0.00306888110935688 0.005387627519667149 -0.02094685658812523
v -0.0033074086531996727 0.005744442343711853 -0.02094724401831627
v -0.004373321775346994 0.006809897255152464 -0.020949356257915497
v -0.004730238113552332 0.00704827019944787 -0.02095014788210392
v -0.003986936528235674 0.009117444045841694 -0.020946664735674858
v -0.004075299017131329 0.00943543016910553 -0.020946675911545753
v -0.005813075229525566 0.00962404627352953 -0.020951226353645325
v -0.0059676021337509155 0.009332423098385334 -0.020951852202415466
v -0.006020925007760525 0.009006723761558533 -0.02095222845673561
v -0.0044244201853871346 -0.009837170131504536 -0.020961394533514977
v -0.004122907295823097 -0.009518727660179138 -0.020960353314876556
v -0.0040008146315813065 -0.009212106466293335 -0.020959805697202682
v -0.0031044352799654007 -0.006129936780780554 -0.02095518633723259
v -0.002982776379212737 -0.005517617333680391 -0.020954420790076256
v -0.002985057421028614 0.004966693930327892 -0.020946931093931198
v -0.00442833686247468 0.008162825368344784 -0.020948538556694984
v -0.004126823507249355 0.008481267839670181 -0.020947497338056564
v -0.004260568879544735 0.009708556346595287 -0.020946979522705078
v -0.004428704269230366 0.009851310402154922 -0.020947331562638283
v -0.00494593009352684 0.010025459341704845 -0.02094860188663006
v -0.003983018454164267 -0.008882551454007626 -0.02095952257514
v -0.004071383271366358 -0.00856456533074379 -0.020959533751010895
v -0.004256651271134615 -0.008291438221931458 -0.02095983736217022
v -0.004424788057804108 -0.008148685097694397 -0.020960187539458275
v -0.004582421388477087 -0.007117961999028921 -0.020959878340363503
v -0.004942013416439295 -0.0079745352268219 -0.0209614597260952
v -0.005412418395280838 -0.007118140812963247 -0.02096211537718773
v -0.005270102526992559 -0.008010288700461388 -0.020962368696928024
v -0.005569603759795427 -0.00814893189817667 -0.02096327394247055
v -0.005967459641396999 0.008681047707796097 -0.020952316001057625
v -0.006027784664183855 0.007009930443018675 -0.020953673869371414
v -0.006546784192323685 0.006662982050329447 -0.020955320447683334
v -0.0068935067392885685 0.0061438302509486675 -0.020956628024578094
v -0.004004731774330139 0.008787889033555984 -0.02094694972038269
v -0.005963543895632029 -0.009318947792053223 -0.020965173840522766
v -0.005808889400213957 -0.009610502980649471 -0.020964965224266052
v -0.005569235887378454 -0.009837416931986809 -0.0209644827991724
v -0.0052696759812533855 -0.00997593067586422 -0.020963773131370544
v -0.004941569175571203 -0.010011542588472366 -0.0209629125893116
v -0.004619267303496599 -0.009940525516867638 -0.02096199430525303
v -0.005812807008624077 0.008389491587877274 -0.02095210924744606
v -0.005573153495788574 0.00816257856786251 -0.02095162495970726
v -0.00541551923379302 0.00713185453787446 -0.02095193602144718
v -0.005273592658340931 0.008024063892662525 -0.020950915291905403
v -0.005151205230504274 0.007131912279874086 -0.020951222628355026
v -0.004945486783981323 0.007988451980054379 -0.020950056612491608
v -0.00462318304926157 0.008059469982981682 -0.020949138328433037
v 0.0018890253268182278 -0.01471323985606432 -0.020880214869976044
v 0.0018885362660512328 -0.01615377888083458 -0.020583519712090492
v 0.0018873956287279725 -0.017380714416503906 -0.02006230317056179
v 0.0018854447407647967 -0.018561951816082 -0.019244445487856865
v 0.001882868935354054 -0.019539067521691322 -0.018210608512163162
v 0.0018797871889546514 -0.020276904106140137 -0.017008427530527115
v 0.0018763989210128784 -0.0207427479326725 -0.015714477747678757
v 0.0018719594227150083 -0.02097788266837597 -0.014049007557332516
v 0.001869006548076868 -0.02099728025496006 -0.012952376157045364
v -0.0021649689879268408 -0.02100987546145916 0.00345079367980361
v -0.0014618650311604142 -0.021009458228945732 0.0030804553534835577
v 0.0017989156767725945 -0.021015867590904236 0.01304752379655838
v -0.00684718694537878 -0.021007344126701355 -0.0015189284458756447
v -0.0071029579266905785 -0.02100793831050396 -0.0007665393059141934
v -0.0071910046972334385 -0.02100852131843567 2.3242349925567396e-05
v -0.007107216399163008 -0.021009067073464394 0.0008134872769005597
v -0.006855507846921682 -0.021009551361203194 0.001567244529724121
v -0.006447646766901016 -0.02100994996726513 0.0022492692805826664
v -0.00590270571410656 -0.021010244265198708 0.002827670890837908
v -0.00524616613984108 -0.021010421216487885 0.0032754032872617245
v -0.0044896360486745834 -0.021005410701036453 -0.003510533133521676
v -0.005228661000728607 -0.021005779504776 -0.003218384925276041
v -0.000854809011798352 -0.021008959040045738 0.002567628864198923
v -0.00037218761281110346 -0.021008402109146118 0.0019362927414476871
v -3.6569366784533486e-05 -0.02100781537592411 0.0012159679317846894
v -0.005887602921575308 -0.02100623957812786 -0.0027741987723857164
v -0.006435655523091555 -0.021006768569350243 -0.002198744099587202
v -0.004508727230131626 -0.021010473370552063 0.0035715322010219097
v -0.003724871901795268 -0.021010395139455795 0.003702209796756506
v -0.00293124932795763 -0.02101019211113453 0.0036613265983760357
v -0.0003619727212935686 -0.021005693823099136 -0.0018530134111642838
v -0.0008411826565861702 -0.02100534550845623 -0.0024869428016245365
v -0.0014454650226980448 -0.021005108952522278 -0.0030030349735170603
v 0.000136352886329405 -0.021007224917411804 0.0004403356579132378
v 0.00013849565584678203 -0.02100665494799614 -0.00035433605080470443
v -3.024218494829256e-05 -0.021006138995289803 -0.0011308894027024508
v -0.0021465627942234278 -0.021004995331168175 -0.0033771588932722807
v -0.002911696443334222 -0.02100500650703907 -0.003591820364817977
v -0.003705087350681424 -0.02100514806807041 -0.0036369822919368744
v 0.0017942594131454825 -0.020949454978108406 0.014769190922379494
v 0.0017903117695823312 -0.020652759820222855 0.01620972529053688
v 0.0017868912545964122 -0.020131541416049004 0.01743665710091591
v 0.0017835305770859122 -0.01931368187069893 0.018617888912558556
v 0.0017806730465963483 -0.01827983930706978 0.01959500089287758
v 0.001778424484655261 -0.017077656462788582 0.020332833752036095
v 0.0017768898978829384 -0.015783701092004776 0.02079867571592331
v 0.0017758960602805018 -0.014118224382400513 0.021033810451626778
v 0.001775607350282371 -0.013021589256823063 0.02105320617556572
v -0.0003751465119421482 -0.00952205341309309 0.02104990929365158
v -0.00037928056553937495 0.009477940388023853 0.021063480526208878
v 0.0017699499148875475 0.012978403829038143 0.021071776747703552
v -0.0004173827765043825 0.009669275023043156 0.021063514053821564
v -0.006275014020502567 -0.010023325681686401 0.021033646538853645
v -0.00087503541726619 -0.010022160597145557 0.021048204973340034
v -0.0006837029359303415 -0.009984059259295464 0.02104874700307846
v -0.006779257208108902 0.009476560167968273 0.02104622684419155
v -0.006775123532861471 -0.00952343363314867 0.021032653748989105
v -0.006737020332366228 -0.009714767336845398 0.02103262022137642
v -0.006470699794590473 0.009938566014170647 0.02104738913476467
v -0.006279366556555033 0.009976668283343315 0.021047931164503098
v -0.0008793877204880118 0.009977832436561584 0.021062489598989487
v 0.0017697579460218549 0.014700077474117279 0.021005364134907722
v 0.0017702470067888498 0.016140617430210114 0.02070866897702217
v 0.0017713874112814665 0.01736755482852459 0.02018745057284832
v 0.0017733376007527113 0.018548792228102684 0.019369594752788544
v 0.0017759139882400632 0.019525907933712006 0.018335755914449692
v 0.0017789958510547876 0.02026374265551567 0.017133574932813644
v 0.001782383886165917 0.020729586482048035 0.015839625149965286
v 0.001786823500879109 0.020964723080396652 0.01417415402829647
v 0.0018601116025820374 0.01988270692527294 -0.012923176400363445
v 0.0017900195671245456 0.019864121451973915 0.013076722621917725
v 0.0017858901992440224 0.019808825105428696 0.01461274828761816
v 0.0017826179973781109 0.01956580951809883 0.01584598235785961
v 0.0017799237975850701 0.01913711614906788 0.016879593953490257
v 0.0017774386797100306 0.018476368859410286 0.017854275181889534
v 0.0017753896536305547 0.0176211129873991 0.018682800233364105
v 0.0017738888273015618 0.01660650223493576 0.019320636987686157
v 0.0017730343388393521 0.015504786744713783 0.019725574180483818
v 0.0017727843951433897 0.014084914699196815 0.019931865856051445
v 0.0017729693790897727 0.012979204766452312 0.019951781257987022
v 0.0017786268144845963 -0.013020789250731468 0.01993321068584919
v 0.001779107260517776 -0.014556818641722202 0.01987791433930397
v 0.0017800289206206799 -0.0157900582998991 0.019634902477264404
v 0.0017814068123698235 -0.016823673620820045 0.0192062109708786
v 0.0017833991441875696 -0.01779835857450962 0.018545467406511307
v 0.0017858833307400346 -0.018626883625984192 0.01769021525979042
v 0.0017887568101286888 -0.01926472596824169 0.016675608232617378
v 0.0017918137600645423 -0.019669661298394203 0.0155738964676857
v 0.0017956857336685061 -0.01987595111131668 0.014154029078781605
v 0.0017986719030886889 -0.019895870238542557 0.013048323802649975
v 0.001868763705715537 -0.01987728290259838 -0.01295157615095377
v 0.0018728928407654166 -0.01982198655605316 -0.01448760088533163
v 0.001876165042631328 -0.019578970968723297 -0.015720834955573082
v 0.001878859126009047 -0.019150277599692345 -0.016754448413848877
v 0.0018813441274687648 -0.018489530310034752 -0.017729129642248154
v 0.0018833931535482407 -0.017634274438023567 -0.018557652831077576
v 0.0018848939798772335 -0.016619663685560226 -0.019195491448044777
v 0.001885748584754765 -0.015517947264015675 -0.019600428640842438
v 0.0018859985284507275 -0.014098075218498707 -0.019806718453764915
v 0.0018858130788430572 -0.012992366217076778 -0.019826635718345642
v 0.0018801556434482336 0.013007627800107002 -0.01980806514620781
v 0.0018796753138303757 0.014543658122420311 -0.01975276879966259
v 0.0018787541193887591 0.015776896849274635 -0.019509755074977875
v 0.0018773759948089719 0.01681051217019558 -0.01908106543123722
v 0.0018753837794065475 0.017785197123885155 -0.018420320004224777
v 0.001872899360023439 0.018613724038004875 -0.01756506785750389
v 0.0018700264627113938 0.019251564517617226 -0.01655046083033085
v 0.001866969047114253 0.019656499847769737 -0.01544874906539917
v 0.0018630967242643237 0.019862789660692215 -0.01402888260781765
v -0.004420848097652197 0.009557072073221207 -0.020727520808577538
v -0.004552719183266163 0.009669034741818905 -0.020727796480059624
v -0.004705575294792652 0.009750031866133213 -0.020728150382637978
v -0.00495838513597846 0.009805622510612011 -0.020728792995214462
v -0.0052157118916511536 0.009777580387890339 -0.020729506388306618
v -0.005450614728033543 0.009668841026723385 -0.020730217918753624
v -0.005638499278575182 0.009490787982940674 -0.02073085308074951
v -0.005759697873145342 0.009262064471840858 -0.02073134109377861
v -0.00580151891335845 0.009006612934172153 -0.02073163539171219
v -0.005759587045758963 0.00875118188560009 -0.02073170803487301
v -0.0056382883340120316 0.008522509597241879 -0.020731542259454727
v -0.005450327415019274 0.008344538509845734 -0.020731164142489433
v -0.005215375684201717 0.008235899731516838 -0.020730607211589813
v -0.004958037286996841 0.00820796936750412 -0.02072993479669094
v -0.0047052521258592606 0.008263668976724148 -0.02072921209037304
v -0.004552430473268032 0.008344732224941254 -0.020728742703795433
v -0.004315949510782957 0.008594491519033909 -0.02072792686522007
v -0.004220191854983568 0.008834978565573692 -0.020727496594190598
v -0.004206233192235231 0.0090934531763196 -0.02072727307677269
v -0.004275537561625242 0.009342853911221027 -0.020727282389998436
v -0.004416930489242077 -0.008442923426628113 -0.02074037864804268
v -0.004548801574856043 -0.00833095982670784 -0.020740652456879616
v -0.004701659083366394 -0.008249962702393532 -0.02074100822210312
v -0.00495446752756834 -0.008194372989237309 -0.020741648972034454
v -0.0052117942832410336 -0.008222414180636406 -0.02074236236512661
v -0.005446698050945997 -0.008331154473125935 -0.020743073895573616
v -0.005634583532810211 -0.008509206585586071 -0.020743707194924355
v -0.005755782593041658 -0.008737930096685886 -0.020744197070598602
v -0.0057976022362709045 -0.008993380703032017 -0.02074449323117733
v -0.005755669437348843 -0.009248812682926655 -0.02074456214904785
v -0.005634372588247061 -0.009477484971284866 -0.02074440009891987
v -0.005446410272270441 -0.009655456990003586 -0.020744020119309425
v -0.005211459007114172 -0.009764094837009907 -0.020743465051054955
v -0.004954120609909296 -0.009792025201022625 -0.020742790773510933
v -0.0047013345174491405 -0.009736325591802597 -0.02074206992983818
v -0.004548513796180487 -0.009655262343585491 -0.020741598680615425
v -0.004312032833695412 -0.00940550398081541 -0.020740782842040062
v -0.004216275177896023 -0.009165016934275627 -0.02074035257101059
v -0.004202316515147686 -0.008906541392207146 -0.02074013091623783
v -0.0042716204188764095 -0.008657139725983143 -0.020740140229463577
v -0.003185595851391554 0.004966508597135544 -0.02074747160077095
v -0.0031833145767450333 -0.005517803598195314 -0.020754961296916008
v -0.003449337324127555 0.005602847784757614 -0.020747728645801544
v -0.003254178212955594 0.005310908891260624 -0.020747411996126175
v 0.011059833690524101 0.02100469172000885 -0.012897573411464691
v 0.0022598663344979286 0.021002793684601784 -0.01292129885405302
v 0.01098974235355854 0.020986104384064674 0.013102325610816479
v 0.002189774764701724 0.020984206348657608 0.013078601099550724
v 0.011083141900599003 0.013010412454605103 -0.02090325579047203
v 0.0022831738460808992 0.013008514419198036 -0.020926980301737785
v 0.002282616915181279 0.014730092138051987 -0.02085810713469982
v 0.002262826543301344 0.020984964445233345 -0.014017956331372261
v 0.011062794364988804 0.020986860617995262 -0.013994230888783932
v 0.0022640235256403685 0.020954763516783714 -0.014459395781159401
v 0.011063991114497185 0.02095666341483593 -0.014435671269893646
v 0.002266958123072982 0.02078784629702568 -0.015534565784037113
v 0.011066925711929798 0.020789742469787598 -0.015510841272771358
v 0.0022673679050058126 0.020752208307385445 -0.01568376086652279
v 0.011067335493862629 0.02075410634279251 -0.015660036355257034
v 0.002269735559821129 0.020478634163737297 -0.016539977863430977
v 0.011069703847169876 0.020480532199144363 -0.016516253352165222
v 0.002270958386361599 0.020288214087486267 -0.016978375613689423
v 0.011070925742387772 0.020290112122893333 -0.01695464923977852
v 0.0022724024020135403 0.02001546137034893 -0.017492234706878662
v 0.011072370223701 0.020017359405755997 -0.017468510195612907
v 0.0022736936807632446 0.019723083823919296 -0.01794777810573578
v 0.011073661968111992 0.019724981859326363 -0.017924051731824875
v 0.0022743609733879566 0.019552098587155342 -0.018181608989834785
v 0.011074328795075417 0.01955399662256241 -0.01815788447856903
v 0.0022749172057956457 0.019398290663957596 -0.018375562503933907
v 0.011074884794652462 0.019400188699364662 -0.018351837992668152
v 0.002276073209941387 0.019042061641812325 -0.018775802105665207
v 0.011076041497290134 0.01904395967721939 -0.018752077594399452
v 0.0022773626260459423 0.01857646182179451 -0.019216841086745262
v 0.011077330447733402 0.018578359857201576 -0.019193116575479507
v 0.0022790716029703617 0.01781083643436432 -0.01978963240981102
v 0.011079039424657822 0.017812734469771385 -0.019765907898545265
v 0.002279826672747731 0.017396394163370132 -0.02003638446331024
v 0.01107979379594326 0.017398294061422348 -0.020012659952044487
v 0.002280627377331257 0.016879158094525337 -0.02029195800423622
v 0.01108059473335743 0.016881056129932404 -0.020268233492970467
v 0.0022815007250756025 0.016170205548405647 -0.02055935561656952
v 0.011081468313932419 0.016172103583812714 -0.020535629242658615
v 0.0022817456629127264 0.01592886634171009 -0.020630694925785065
v 0.011081713251769543 0.015930764377117157 -0.02060697041451931
v 0.0022822371684014797 0.015344065614044666 -0.020766329020261765
v 0.011082204058766365 0.015345963649451733 -0.02074260450899601
v 0.0022826041094958782 0.01475394144654274 -0.020855408161878586
v 0.011082571931183338 0.014755839481949806 -0.02083168365061283
v 0.011082584038376808 0.014731990173459053 -0.020834382623434067
v 0.011088799685239792 -0.012989581562578678 -0.020921826362609863
v 0.002288831863552332 -0.01299147866666317 -0.020945550873875618
v 0.011068972758948803 -0.02099529653787613 -0.012927573174238205
v 0.0022690058685839176 -0.020997194573283195 -0.01295129768550396
v 0.0022736326791346073 -0.02092832140624523 -0.014672868885099888
v 0.0022890197578817606 -0.014088141731917858 -0.02092772163450718
v 0.011088987812399864 -0.014086243696510792 -0.020903997123241425
v 0.002289034193381667 -0.014529581181704998 -0.020897524431347847
v 0.011089001782238483 -0.014527684077620506 -0.020873799920082092
v 0.0022888153325766325 -0.015604756772518158 -0.020730603486299515
v 0.011088782921433449 -0.015602858737111092 -0.02070687897503376
v 0.002288751769810915 -0.01575395278632641 -0.020694967359304428
v 0.011088719591498375 -0.015752054750919342 -0.020671240985393524
v 0.0022881990298628807 -0.016610173508524895 -0.02042139321565628
v 0.011088166385889053 -0.01660827361047268 -0.020397668704390526
v 0.0022877799347043037 -0.01704857125878334 -0.02023097313940525
v 0.011087747290730476 -0.017046673223376274 -0.020207248628139496
v 0.0022871557157486677 -0.01756243407726288 -0.019958220422267914
v 0.011087123304605484 -0.017560536041855812 -0.01993449591100216
v 0.0022864651400595903 -0.018017977476119995 -0.01966584287583828
v 0.011086433194577694 -0.01801607944071293 -0.019642118364572525
v 0.0022860553581267595 -0.01825181022286415 -0.019494859501719475
v 0.011086022481322289 -0.018249912187457085 -0.01947113499045372
v 0.0022856821306049824 -0.018445763736963272 -0.01934105157852173
v 0.011085649952292442 -0.018443867564201355 -0.019317325204610825
v 0.0022848087828606367 -0.01884600706398487 -0.018984824419021606
v 0.011084775440394878 -0.018844107165932655 -0.018961099907755852
v 0.002283647656440735 -0.019287046045064926 -0.01851922646164894
v 0.011083615943789482 -0.01928514987230301 -0.018495501950383186
v 0.0022817072458565235 -0.019859839230775833 -0.0177536029368639
v 0.011081675067543983 -0.019857941195368767 -0.017729878425598145
v 0.0022806436754763126 -0.020106595009565353 -0.01733916439116001
v 0.011080610565841198 -0.020104695111513138 -0.017315439879894257
v 0.0022793044336140156 -0.020362168550491333 -0.016821930184960365
v 0.011079272255301476 -0.020360270515084267 -0.01679820567369461
v 0.0022774504031986 -0.02062956616282463 -0.016112977638840675
v 0.011077417992055416 -0.020627668127417564 -0.01608925312757492
v 0.0022768154740333557 -0.020700905472040176 -0.015871640294790268
v 0.011076782830059528 -0.02069900929927826 -0.015847915783524513
v 0.002275267383083701 -0.020836541429162025 -0.015286841429769993
v 0.011075234971940517 -0.02083464339375496 -0.015263115987181664
v 0.002273696241900325 -0.020925620570778847 -0.014696718193590641
v 0.011073663830757141 -0.02092372253537178 -0.014672993682324886
v 0.011073600500822067 -0.020926423370838165 -0.014649144373834133
v 0.010998881421983242 -0.021013883873820305 0.01307232677936554
v 0.0021989140659570694 -0.02101578190922737 0.013048602268099785
v 0.010975574143230915 -0.013019604608416557 0.02107800915837288
v 0.0021756065543740988 -0.013021503575146198 0.021054284647107124
v 0.0021761637181043625 -0.014743080362677574 0.02098540961742401
v 0.002195953158661723 -0.020997952669858932 0.014145259745419025
v 0.01099592074751854 -0.020996054634451866 0.014168985188007355
v 0.002194756641983986 -0.02096775360405445 0.014586699195206165
v 0.010994724929332733 -0.020965855568647385 0.01461042370647192
v 0.00219182251021266 -0.020800834521651268 0.015661869198083878
v 0.01099179033190012 -0.0207989364862442 0.015685593709349632
v 0.002191412029787898 -0.020765196532011032 0.015811065211892128
v 0.010991379618644714 -0.020763298496603966 0.015834789723157883
v 0.002189044840633869 -0.020491622388362885 0.016667282208800316
v 0.010989012196660042 -0.020489724352955818 0.01669100672006607
v 0.002187821315601468 -0.020301202312111855 0.017105678096413612
v 0.010987789370119572 -0.020299306139349937 0.017129404470324516
v 0.0021863775327801704 -0.020028449594974518 0.017619539052248
v 0.010986345820128918 -0.02002655155956745 0.017643263563513756
v 0.0021850867196917534 -0.019736072048544884 0.018075082451105118
v 0.010985054075717926 -0.019734174013137817 0.018098806962370872
v 0.0021844194270670414 -0.01956508681178093 0.018308911472558975
v 0.010984387248754501 -0.019563190639019012 0.01833263598382473
v 0.0021838629618287086 -0.019411278888583183 0.018502866849303246
v 0.010983831249177456 -0.019409380853176117 0.018526591360569
v 0.002182706957682967 -0.019055049866437912 0.018903106451034546
v 0.010982674546539783 -0.019053151831030846 0.0189268309623003
v 0.0021814180072396994 -0.018589450046420097 0.0193441454321146
v 0.010981385596096516 -0.01858755387365818 0.019367869943380356
v 0.0021797080989927053 -0.017823824658989906 0.01991693675518036
v 0.010979675687849522 -0.01782192848622799 0.019940661266446114
v 0.002178953727707267 -0.01740938425064087 0.02016368880867958
v 0.010978921316564083 -0.017407486215233803 0.020187413319945335
v 0.0021781534887850285 -0.016892148181796074 0.02041926048696041
v 0.010978120379149914 -0.016890250146389008 0.020442984998226166
v 0.002177279209718108 -0.016183193773031235 0.02068665809929371
v 0.010977246798574924 -0.016181297600269318 0.020710384473204613
v 0.002177034504711628 -0.015941856428980827 0.020757997408509254
v 0.010977002792060375 -0.01593995839357376 0.02078172191977501
v 0.0021765429992228746 -0.015357054769992828 0.020893633365631104
v 0.010976511053740978 -0.015355156734585762 0.020917357876896858
v 0.00217617629095912 -0.014766929671168327 0.020982712507247925
v 0.010976143181324005 -0.014765031635761261 0.02100643701851368
v 0.010976131074130535 -0.014741182327270508 0.021009134128689766
v 0.010969916358590126 0.012980388477444649 0.02109657973051071
v 0.0021699487697333097 0.012978490442037582 0.021072855219244957
v 0.0021851479541510344 0.020915333181619644 0.014800172299146652
v 0.0021697606425732374 0.014075151644647121 0.02105502411723137
v 0.010969728231430054 0.014077050611376762 0.021078748628497124
v 0.002169746207073331 0.014516593888401985 0.021024826914072037
v 0.010969714261591434 0.014518490992486477 0.02104855142533779
v 0.002169964835047722 0.015591767616569996 0.020857905969023705
v 0.010969932191073895 0.015593665651977062 0.02088163048028946
v 0.0021700283978134394 0.01574096269905567 0.020822269842028618
v 0.010969996452331543 0.015742860734462738 0.020845994353294373
v 0.0021705818362534046 0.016597183421254158 0.02054869756102562
v 0.01097054872661829 0.016599083319306374 0.020572422072291374
v 0.0021710004657506943 0.017035581171512604 0.02035827748477459
v 0.010970967821776867 0.01703747920691967 0.020382003858685493
v 0.0021716246847063303 0.01754944585263729 0.020085524767637253
v 0.01097159180790186 0.017551342025399208 0.020109249278903008
v 0.0021723147947341204 0.018004989251494408 0.01979314722120762
v 0.01097228191792965 0.018006885424256325 0.019816873595118523
v 0.002172725275158882 0.018238821998238564 0.019622163847088814
v 0.010972692631185055 0.01824071817100048 0.01964588835835457
v 0.002173098037019372 0.018432775512337685 0.019468355923891068
v 0.010973066091537476 0.01843467354774475 0.019492080435156822
v 0.0021739720832556486 0.018833018839359283 0.019112128764390945
v 0.010973939672112465 0.0188349150121212 0.0191358532756567
v 0.002175132045522332 0.01927405782043934 0.01864652894437313
v 0.010975100100040436 0.019275955855846405 0.018670253455638885
v 0.0021770731545984745 0.019846851006150246 0.017880907282233238
v 0.010977040976285934 0.019848747178912163 0.017904631793498993
v 0.0021781374234706163 0.020093603059649467 0.0174664668738842
v 0.010978104546666145 0.020095502957701683 0.017490191385149956
v 0.002179476199671626 0.020349180325865746 0.016949232667684555
v 0.010979443788528442 0.020351078361272812 0.01697295717895031
v 0.002181329997256398 0.020616577938199043 0.016240281984210014
v 0.010981298051774502 0.02061847597360611 0.01626400463283062
v 0.002181965159252286 0.02068791724741459 0.015998944640159607
v 0.01098193321377039 0.020689815282821655 0.01602266915142536
v 0.0021835127845406532 0.02082355134189129 0.015414143912494183
v 0.010983480140566826 0.020825449377298355 0.015437869355082512
v 0.002185084391385317 0.02091263234615326 0.014824021607637405
v 0.010985052213072777 0.020914530381560326 0.01484774611890316
v 0.01098511554300785 0.02091722935438156 0.014823896810412407
v 0.011160051450133324 0.02000471204519272 -0.012898017652332783
v 0.011159855872392654 0.02090471237897873 -0.012897375039756298
v 0.011089959181845188 0.019986124709248543 0.013101880438625813
v 0.011089763604104519 0.020886126905679703 0.013102523982524872
v 0.011084780097007751 0.019880807027220726 0.015031397342681885
v 0.011084445752203465 0.02078316919505596 0.015083211474120617
v 0.011081457138061523 0.019551025703549385 0.01629040762782097
v 0.011080771684646606 0.020442809909582138 0.01647324673831463
v 0.011078834533691406 0.019046006724238396 0.01730370707809925
v 0.01107768714427948 0.01988189108669758 0.017662128433585167
v 0.011076445691287518 0.018308183178305626 0.018248695880174637
v 0.011074873618781567 0.01905137673020363 0.01877211406826973
v 0.0110756391659379 0.01796952448785305 0.018574627116322517
v 0.011073085479438305 0.018268387764692307 0.019498255103826523
v 0.011073940433561802 0.016981538385152817 0.019283926114439964
v 0.011071310378611088 0.017077401280403137 0.020251816138625145
v 0.011072873137891293 0.015879252925515175 0.019768187776207924
v 0.011070292443037033 0.01578110083937645 0.020733283832669258
v 0.011072438210248947 0.014699503779411316 0.020023882389068604
v 0.01106998324394226 0.014391988515853882 0.020958997309207916
v 0.011072611436247826 0.012981124222278595 0.020096853375434875
v 0.011070185340940952 0.012980480678379536 0.020996849983930588
v 0.011078269220888615 -0.013018868863582611 0.020078282803297043
v 0.011075843125581741 -0.01301951240748167 0.020978279411792755
v 0.011078969575464725 -0.014948391355574131 0.019972965121269226
v 0.011076548136770725 -0.015000206418335438 0.020875321701169014
v 0.011080130003392696 -0.016207408159971237 0.019643185660243034
v 0.011077765375375748 -0.016390245407819748 0.020534968003630638
v 0.011081710457801819 -0.017220711335539818 0.019138168543577194
v 0.011079533956944942 -0.017579132691025734 0.01997404918074608
v 0.011083902791142464 -0.018165700137615204 0.018400348722934723
v 0.011082013137638569 -0.018689120188355446 0.019143538549542427
v 0.011084887199103832 -0.018491635099053383 0.018061691895127296
v 0.011084279976785183 -0.019415264949202538 0.018360553309321404
v 0.01108770351856947 -0.01920093595981598 0.01707371138036251
v 0.01108765322715044 -0.020168829709291458 0.017169572412967682
v 0.011090779677033424 -0.01968519762158394 0.015971427783370018
v 0.011091251857578754 -0.020650295540690422 0.015873277559876442
v 0.011094015091657639 -0.019940892234444618 0.014791682362556458
v 0.011095046065747738 -0.02087600901722908 0.014484169892966747
v 0.011098663322627544 -0.02001386135816574 0.013073310256004333
v 0.011098859831690788 -0.0209138635545969 0.013072667643427849
v 0.01116875559091568 -0.019995275884866714 -0.012926589697599411
v 0.01116895116865635 -0.020895276218652725 -0.012927232310175896
v 0.011173934675753117 -0.01988995634019375 -0.014856104739010334
v 0.011174269020557404 -0.020792318508028984 -0.014907918870449066
v 0.01117725856602192 -0.019560175016522408 -0.016115115955471992
v 0.011177943088114262 -0.02045196108520031 -0.016297955065965652
v 0.011179880239069462 -0.019055156037211418 -0.017128417268395424
v 0.011181026697158813 -0.01989103853702545 -0.01748683676123619
v 0.01118226908147335 -0.01831733249127865 -0.01807340234518051
v 0.011183841153979301 -0.01906052604317665 -0.018596820533275604
v 0.011183074675500393 -0.017978673800826073 -0.01839933730661869
v 0.011185629293322563 -0.01827753707766533 -0.019322963431477547
v 0.011184773407876492 -0.01699068769812584 -0.019108634442090988
v 0.01118740439414978 -0.01708655059337616 -0.02007652446627617
v 0.011185841634869576 -0.015888402238488197 -0.0195928942412138
v 0.011188422329723835 -0.01579025201499462 -0.020557990297675133
v 0.011186276562511921 -0.014708653092384338 -0.019848590716719627
v 0.011188731528818607 -0.014401138760149479 -0.02078370563685894
v 0.011186103336513042 -0.012990274466574192 -0.0199215617030859
v 0.011188529431819916 -0.012989630922675133 -0.02082155831158161
v 0.011180445551872253 0.013009719550609589 -0.019902991130948067
v 0.011182871647179127 0.013010363094508648 -0.02080298773944378
v 0.011179745197296143 0.014939242042601109 -0.01979767344892025
v 0.011182166635990143 0.01499105617403984 -0.020700030028820038
v 0.011178584769368172 0.016198256984353065 -0.019467893987894058
v 0.01118094939738512 0.016381096094846725 -0.020359676331281662
v 0.01117700431495905 0.017211560159921646 -0.018962876871228218
v 0.011179180815815926 0.01756998337805271 -0.019798755645751953
v 0.011174811981618404 0.01815655082464218 -0.018225057050585747
v 0.011176702566444874 0.018679969012737274 -0.0189682450145483
v 0.01117382850497961 0.01848248392343521 -0.01788639836013317
v 0.011174434795975685 0.019406115636229515 -0.018185261636972427
v 0.011171011254191399 0.019191786646842957 -0.016898419708013535
v 0.011171061545610428 0.020159680396318436 -0.016994280740618706
v 0.011167936027050018 0.019676046445965767 -0.015796136111021042
v 0.011167462915182114 0.02064114436507225 -0.015697984024882317
v 0.01116469968110323 0.019931742921471596 -0.014616390690207481
v 0.01116366870701313 0.020866859704256058 -0.014308877289295197
v 0.011075478047132492 0.021003462374210358 -0.012897532433271408
v 0.011088528670370579 0.020901769399642944 0.013102532364428043
v 0.011084862984716892 0.020917026326060295 0.013102533295750618
v 0.01103514339774847 0.02097521722316742 0.013102441094815731
v 0.011048524640500546 0.020967017859220505 0.013102470897138119
v 0.011060459539294243 0.02095683105289936 0.013102495111525059
v 0.01107065286487341 0.020944902673363686 0.013102514669299126
v 0.011078854091465473 0.02093152143061161 0.013102526776492596
v 0.011090736836194992 0.020999804139137268 -0.012897493317723274
v 0.011154954321682453 0.02093561366200447 -0.012897365726530552
v 0.01115862000733614 0.02092035673558712 -0.012897367589175701
v 0.011005386710166931 0.020984875038266182 0.013102367520332336
v 0.011020645499229431 0.020981216803193092 0.013102405704557896
v 0.011148945428431034 0.020950108766555786 -0.012897372245788574
v 0.011140745133161545 0.020963488146662712 -0.012897385284304619
v 0.011130550876259804 0.020975418388843536 -0.012897403910756111
v 0.011118616908788681 0.02098560519516468 -0.012897428125143051
v 0.011105235666036606 0.020993802696466446 -0.012897458858788013
v 0.01108256820589304 0.02078852429986 -0.015510523691773415
v 0.011082995682954788 0.015345919877290726 -0.02074238285422325
v 0.011097298003733158 0.0159304179251194 -0.020605696365237236
v 0.011112602427601814 0.015929456800222397 -0.020602112635970116
v 0.011177626438438892 0.017767062410712242 -0.0196947380900383
v 0.011175740510225296 0.01860000379383564 -0.019061747938394547
v 0.011090420186519623 0.019399389624595642 -0.01835114322602749
v 0.011176718398928642 0.0168380755931139 -0.020207172259688377
v 0.011173996143043041 0.01777532882988453 -0.0197075717151165
v 0.01117553561925888 0.016853131353855133 -0.020204775035381317
v 0.011168022640049458 0.01778317801654339 -0.019719775766134262
v 0.01116956491023302 0.016858993098139763 -0.020218051970005035
v 0.011159852147102356 0.017790425568819046 -0.01973104290664196
v 0.011172105558216572 0.018610144034028053 -0.019073158502578735
v 0.011166127398610115 0.018619775772094727 -0.019084010273218155
v 0.01115795411169529 0.018628662452101707 -0.019094029441475868
v 0.011147785931825638 0.018636591732501984 -0.019102973863482475
v 0.011173523031175137 0.019335193559527397 -0.018298102542757988
v 0.01116988342255354 0.019346976652741432 -0.01830780692398548
v 0.011163901537656784 0.01935817115008831 -0.018317032605409622
v 0.011155722662806511 0.019368501380085945 -0.018325554206967354
v 0.01114555075764656 0.01937771402299404 -0.01833316497504711
v 0.011133633553981781 0.019385583698749542 -0.018339671194553375
v 0.011168496683239937 0.019961999729275703 -0.017418639734387398
v 0.011167393997311592 0.01995779573917389 -0.017433276399970055
v 0.01116140652447939 0.019970295950770378 -0.01744063012301922
v 0.011153222993016243 0.019981833174824715 -0.017447426915168762
v 0.01114304643124342 0.019992120563983917 -0.017453493550419807
v 0.011131125502288342 0.02000090666115284 -0.017458686605095863
v 0.011117756366729736 0.02000797539949417 -0.017462873831391335
v 0.011165963485836983 0.020407240837812424 -0.016503077000379562
v 0.011164754629135132 0.020416274666786194 -0.016490735113620758
v 0.011158760637044907 0.020429767668247223 -0.016496052965521812
v 0.011150572448968887 0.020442217588424683 -0.016500968486070633
v 0.011140390299260616 0.02045332081615925 -0.01650535874068737
v 0.01112846564501524 0.020462801679968834 -0.016509119421243668
v 0.011115092784166336 0.020470429211854935 -0.016512155532836914
v 0.011100600473582745 0.02047601528465748 -0.01651439256966114
v 0.011122507974505424 0.01864880509674549 -0.019116783514618874
v 0.011108022183179855 0.018652793020009995 -0.019121311604976654
v 0.011105779558420181 0.019396547228097916 -0.01834877021610737
v 0.011109930463135242 0.017810093238949776 -0.019761715084314346
v 0.011124414391815662 0.017806844785809517 -0.019756628200411797
v 0.011137777008116245 0.01780240423977375 -0.019749699160456657
v 0.011103265918791294 0.020013149827718735 -0.017465952783823013
v 0.01108789723366499 0.020016321912407875 -0.017467856407165527
v 0.011073637753725052 0.02028653398156166 -0.016962198540568352
v 0.011096371337771416 0.016880564391613007 -0.02026703581213951
v 0.011082364246249199 0.017391832545399666 -0.02001616172492504
v 0.011111484840512276 0.01687908172607422 -0.0202636681497097
v 0.011125967837870121 0.01687665656208992 -0.020258137956261635
v 0.01113932766020298 0.016873344779014587 -0.020250603556632996
v 0.011151235550642014 0.01686922274529934 -0.020241249352693558
v 0.011098343878984451 0.01475571095943451 -0.020830366760492325
v 0.011113805696368217 0.014755268581211567 -0.02082659676671028
v 0.011127942241728306 0.014754602685570717 -0.020820705220103264
v 0.011127084493637085 0.015927862375974655 -0.02059628628194332
v 0.011141299270093441 0.014753672294318676 -0.020812520757317543
v 0.011140442453324795 0.015925683081150055 -0.0205883476883173
v 0.011153205297887325 0.014752514660358429 -0.020802365615963936
v 0.011152348481118679 0.015922972932457924 -0.020578492432832718
v 0.011163364164531231 0.014751158654689789 -0.02079048380255699
v 0.011162509210407734 0.015919798985123634 -0.020566964522004128
v 0.011171527206897736 0.014749638736248016 -0.02077716775238514
v 0.011170674115419388 0.015916239470243454 -0.02055404707789421
v 0.011177494190633297 0.014747988432645798 -0.020762749016284943
v 0.011176642030477524 0.015912380069494247 -0.020540054887533188
v 0.011181117035448551 0.014746253378689289 -0.020747581496834755
v 0.011177738197147846 0.01592564769089222 -0.020532555878162384
v 0.011079784482717514 0.020955396816134453 -0.014435509219765663
v 0.011094892397522926 0.020951775833964348 -0.014435145072638988
v 0.011109389364719391 0.020945800468325615 -0.014434566721320152
v 0.011122768744826317 0.020937636494636536 -0.014433793723583221
v 0.01113470084965229 0.020927488803863525 -0.014432847499847412
v 0.011144891381263733 0.020915605127811432 -0.014431748539209366
v 0.011153089813888073 0.020902283489704132 -0.014430523850023746
v 0.011159094050526619 0.020887847989797592 -0.014429205097258091
v 0.011162757873535156 0.020872650668025017 -0.014427825808525085
v 0.01109782513231039 0.020784957334399223 -0.015509668737649918
v 0.011112320236861706 0.02077910490334034 -0.015508295968174934
v 0.011125696823000908 0.02077111229300499 -0.015506439842283726
v 0.011137624271214008 0.02076117880642414 -0.015504145063459873
v 0.011147811077535152 0.020749546587467194 -0.015501467511057854
v 0.01115600485354662 0.02073650248348713 -0.01549847424030304
v 0.011162004433572292 0.020722368732094765 -0.0154952397570014
v 0.011165661737322807 0.020707493647933006 -0.015491842292249203
v 0.011085275560617447 0.02047942578792572 -0.016515789553523064
v 0.011161398142576218 0.01686440221965313 -0.020230311900377274
v 0.011149686761200428 0.017796887084841728 -0.019741101190447807
v 0.011135872453451157 0.01864336058497429 -0.01911062002182007
v 0.0111202672123909 0.01939191110432148 -0.01834491640329361
v 0.011074529960751534 0.019725065678358078 -0.01792411133646965
v 0.0110772168263793 0.019043972715735435 -0.0187520794570446
v 0.011094610206782818 0.01781206764280796 -0.01976485177874565
v 0.011104169301688671 0.018643874675035477 -0.019130803644657135
v 0.011181682348251343 0.013010373339056969 -0.02081863395869732
v 0.011178060434758663 0.01301038358360529 -0.020833902060985565
v 0.011172094382345676 0.013010391965508461 -0.020848413929343224
v 0.011163932271301746 0.013010400347411633 -0.02086181752383709
v 0.011153772473335266 0.013010406866669655 -0.020873775705695152
v 0.011141868308186531 0.013010411523282528 -0.02088399976491928
v 0.011128511279821396 0.013010414317250252 -0.02089223638176918
v 0.0111140301451087 0.013010415248572826 -0.020898278802633286
v 0.01109878160059452 0.013010415248572826 -0.020901981741189957
v 0.01110443938523531 -0.012989578768610954 -0.02092055417597294
v 0.011119687929749489 -0.01298957783728838 -0.020916851237416267
v 0.011177752166986465 -0.01298960018903017 -0.020866984501481056
v 0.01116958912461996 -0.012989592738449574 -0.020880388095974922
v 0.01115943118929863 -0.012989587150514126 -0.020892348140478134
v 0.01114752609282732 -0.012989582493901253 -0.020902570337057114
v 0.011134169064462185 -0.012989578768610954 -0.020910806953907013
v 0.011187340132892132 -0.012989620678126812 -0.0208372063934803
v 0.011183718219399452 -0.012989609502255917 -0.020852472633123398
v 0.011104423552751541 -0.015602579340338707 -0.020705614238977432
v 0.01107602659612894 -0.02083442360162735 -0.015263069421052933
v 0.011092369444668293 -0.02069777436554432 -0.015847520902752876
v 0.011107679456472397 -0.020694227889180183 -0.01584651693701744
v 0.011180304922163486 -0.01978701539337635 -0.01768391951918602
v 0.01118241436779499 -0.019154023379087448 -0.01851685717701912
v 0.011101184412837029 -0.018443210050463676 -0.01931648515164852
v 0.011175421066582203 -0.02029944770038128 -0.016754942014813423
v 0.011176667176187038 -0.019799843430519104 -0.017692195251584053
v 0.011174287647008896 -0.02029704675078392 -0.016769999638199806
v 0.011170685291290283 -0.019812030717730522 -0.017700064927339554
v 0.011168302036821842 -0.020310308784246445 -0.016775881871581078
v 0.011162509210407734 -0.019823279231786728 -0.017707334831357002
v 0.011178780347108841 -0.01916542649269104 -0.01852700673043728
v 0.011172804050147533 -0.019176261499524117 -0.018536658957600594
v 0.011164630763232708 -0.01918626017868519 -0.018545569851994514
v 0.01115446351468563 -0.019195180386304855 -0.01855352707207203
v 0.011184231378138065 -0.01839037612080574 -0.019252045080065727
v 0.011180602014064789 -0.018400069326162338 -0.019263839349150658
v 0.01117462944239378 -0.018409281969070435 -0.01927505061030388
v 0.011166459880769253 -0.018417784944176674 -0.019285405054688454
v 0.0111562954261899 -0.018425369635224342 -0.019294649362564087
v 0.011144385673105717 -0.01843184418976307 -0.019302552565932274
v 0.011183211579918861 -0.017510902136564255 -0.01987885870039463
v 0.011182060465216637 -0.017525535076856613 -0.019874656572937965
v 0.011176090687513351 -0.01753287762403488 -0.019887175410985947
v 0.011167923919856548 -0.017539652064442635 -0.019898734986782074
v 0.011157762259244919 -0.01754569448530674 -0.019909052178263664
v 0.011145854368805885 -0.017550857737660408 -0.019917871803045273
v 0.011132495477795601 -0.017555011436343193 -0.019924979656934738
v 0.011184245347976685 -0.01659533381462097 -0.020324096083641052
v 0.011183093301951885 -0.016582991927862167 -0.02033313363790512
v 0.01117712538689375 -0.016588294878602028 -0.020346643403172493
v 0.01116896141320467 -0.016593189910054207 -0.020359117537736893
v 0.01115880161523819 -0.016597555950284004 -0.020370248705148697
v 0.01114689465612173 -0.016601286828517914 -0.020379766821861267
v 0.011133537627756596 -0.016604289412498474 -0.0203874334692955
v 0.011119055561721325 -0.016606489196419716 -0.020393062382936478
v 0.011129187420010567 -0.01920892857015133 -0.018565814942121506
v 0.011114702560007572 -0.019213419407606125 -0.018569843843579292
v 0.011116540990769863 -0.01844087615609169 -0.019313596189022064
v 0.011112567968666553 -0.019853824749588966 -0.017727147787809372
v 0.011127055622637272 -0.019848773255944252 -0.01772385649383068
v 0.011140421964228153 -0.019841881468892097 -0.01771937869489193
v 0.011118012480437756 -0.017558054998517036 -0.019930196925997734
v 0.011102649383246899 -0.017559919506311417 -0.019933415576815605
v 0.011090430431067944 -0.017054228112101555 -0.020203664898872375
v 0.011095049791038036 -0.020359110087156296 -0.016797665506601334
v 0.011083154007792473 -0.02010820433497429 -0.017308970913290977
v 0.011110167019069195 -0.02035578154027462 -0.016796138137578964
v 0.011124656535685062 -0.02035028673708439 -0.016793671995401382
v 0.011138024739921093 -0.020342785865068436 -0.016790321096777916
v 0.011149944737553596 -0.020333461463451385 -0.01678616553544998
v 0.011089438572525978 -0.020922446623444557 -0.014672819525003433
v 0.011104907840490341 -0.0209187138825655 -0.01467233244329691
v 0.0111190564930439 -0.020912857726216316 -0.014671624638140202
v 0.011122170835733414 -0.020688436925411224 -0.015844879671931267
v 0.011132432147860527 -0.02090470865368843 -0.014670655131340027
v 0.011135542765259743 -0.020680531859397888 -0.015842663124203682
v 0.011144358664751053 -0.020894579589366913 -0.014669463969767094
v 0.011147466488182545 -0.020670708268880844 -0.015839917585253716
v 0.011154543608427048 -0.020882723852992058 -0.014668078161776066
v 0.011157645843923092 -0.020659202709794044 -0.01583671197295189
v 0.011162735521793365 -0.020869430154561996 -0.014666533097624779
v 0.011165832169353962 -0.02064630389213562 -0.015833130106329918
v 0.011168732307851315 -0.020855026319622993 -0.014664866961538792
v 0.011171824298799038 -0.02063233032822609 -0.01582925394177437
v 0.011172388680279255 -0.020839866250753403 -0.014663119800388813
v 0.011172977276146412 -0.020624833181500435 -0.015842517837882042
v 0.01110479049384594 -0.014527562074363232 -0.020872488617897034
v 0.01111989002674818 -0.014527235180139542 -0.020868821069598198
v 0.011134371161460876 -0.014526693150401115 -0.020862802863121033
v 0.011147728189826012 -0.014525952748954296 -0.02085460163652897
v 0.011159632354974747 -0.014525036327540874 -0.020844418555498123
v 0.011169791221618652 -0.014523961581289768 -0.02083250693976879
v 0.011177954263985157 -0.014522758312523365 -0.02081916108727455
v 0.01118391938507557 -0.014521454460918903 -0.02080470509827137
v 0.011187541298568249 -0.01452008355408907 -0.02078949846327305
v 0.01111967209726572 -0.01560176257044077 -0.020702000707387924
v 0.011134153231978416 -0.015600426122546196 -0.020696107298135757
v 0.011147510260343552 -0.015598602592945099 -0.020688077434897423
v 0.011159415356814861 -0.015596337616443634 -0.02067810855805874
v 0.011169574223458767 -0.01559368520975113 -0.020666448399424553
v 0.011177737265825272 -0.015590712428092957 -0.02065338008105755
v 0.011183704249560833 -0.01558749284595251 -0.02063922770321369
v 0.011187326163053513 -0.01558410469442606 -0.020624341443181038
v 0.01110373716801405 -0.016607848927378654 -0.020396515727043152
v 0.011160120368003845 -0.02032254822552204 -0.016781313344836235
v 0.011152337305247784 -0.019833311438560486 -0.017713824287056923
v 0.011142550967633724 -0.01920279674232006 -0.01856033131480217
v 0.011131024919450283 -0.018437055870890617 -0.019308919087052345
v 0.011087303049862385 -0.018016139045357704 -0.01964220032095909
v 0.011085951700806618 -0.018844112753868103 -0.018961109220981598
v 0.011097246780991554 -0.019856924191117287 -0.01772916503250599
v 0.011110799387097359 -0.01922290399670601 -0.01856093667447567
v 0.011167723685503006 -0.020910920575261116 -0.012927246280014515
v 0.011164063587784767 -0.020926177501678467 -0.012927266769111156
v 0.01115806121379137 -0.02094067633152008 -0.01292729377746582
v 0.011149865575134754 -0.020954059436917305 -0.012927325442433357
v 0.01113967690616846 -0.020965993404388428 -0.012927360832691193
v 0.011127747595310211 -0.02097618766129017 -0.012927400879561901
v 0.011114370077848434 -0.020984388887882233 -0.012927442789077759
v 0.011099874041974545 -0.020990395918488503 -0.012927485629916191
v 0.01108461618423462 -0.02099406160414219 -0.012927530333399773
v 0.011014524847269058 -0.021012648940086365 0.013072369620203972
v 0.011029781773686409 -0.021008983254432678 0.013072412461042404
v 0.011093972250819206 -0.020944764837622643 0.013072632253170013
v 0.01109763141721487 -0.020929506048560143 0.01307265367358923
v 0.01108796987682581 -0.020959261804819107 0.013072606176137924
v 0.011079774238169193 -0.02097264491021633 0.013072574511170387
v 0.0110695855692029 -0.020984580740332603 0.013072537258267403
v 0.011057655327022076 -0.020994773134589195 0.013072498142719269
v 0.011044277809560299 -0.02100297622382641 0.013072457164525986
v 0.011007433757185936 -0.020797710865736008 0.01568536087870598
v 0.010977302677929401 -0.01535511203110218 0.020917139947414398
v 0.010992594063282013 -0.015939602628350258 0.0207805335521698
v 0.011007917113602161 -0.015938635915517807 0.020777033641934395
v 0.011078625917434692 -0.017776213586330414 0.01987002231180668
v 0.011080511845648289 -0.01860915496945381 0.019237034022808075
v 0.010999370366334915 -0.01940857619047165 0.018525980412960052
v 0.011074553243815899 -0.01684722490608692 0.02038244530558586
v 0.011074930429458618 -0.0177844800055027 0.019882837310433388
v 0.011073390021920204 -0.016862282529473305 0.020380040630698204
v 0.01106889359652996 -0.01779233291745186 0.019895009696483612
v 0.011067351326346397 -0.016868147999048233 0.020393284037709236
v 0.011060666292905807 -0.017799584195017815 0.019906233996152878
v 0.011076821014285088 -0.018619295209646225 0.01924842596054077
v 0.011070787906646729 -0.018628930673003197 0.019259242340922356
v 0.011062564328312874 -0.018637821078300476 0.019269218668341637
v 0.011052350513637066 -0.01864575408399105 0.019278107210993767
v 0.011082729324698448 -0.01934434473514557 0.018473386764526367
v 0.01107904314994812 -0.019356127828359604 0.018483072519302368
v 0.011073014698922634 -0.01936732605099678 0.018492266535758972
v 0.011064795777201653 -0.019377660006284714 0.01850074529647827
v 0.011054585687816143 -0.01938687637448311 0.018508300185203552
v 0.011042638681828976 -0.019394749775528908 0.018514741212129593
v 0.011082715354859829 -0.019971152767539024 0.017593909054994583
v 0.011081531643867493 -0.01996694691479206 0.017608540132641792
v 0.011075509712100029 -0.01997945085167885 0.01761586405336857
v 0.01106729544699192 -0.019990989938378334 0.01762261614203453
v 0.011057090014219284 -0.020001282915472984 0.017628630623221397
v 0.01104514580219984 -0.020010072737932205 0.01763375848531723
v 0.011031757108867168 -0.020017148926854134 0.017637871205806732
v 0.011085310950875282 -0.020416392013430595 0.016678346320986748
v 0.011084171943366528 -0.020425425842404366 0.016665998846292496
v 0.011078155599534512 -0.020438922569155693 0.016671286895871162
v 0.01106994692236185 -0.02045137621462345 0.0166761577129364
v 0.011059746146202087 -0.020462483167648315 0.01668049581348896
v 0.011047805659472942 -0.02047196961939335 0.016684191301465034
v 0.011034419760107994 -0.020479602739214897 0.01668715290725231
v 0.011019918136298656 -0.02048519439995289 0.01668931171298027
v 0.011027004569768906 -0.018657978624105453 0.01929178275167942
v 0.011012496426701546 -0.018661972135305405 0.019296230748295784
v 0.01101473905146122 -0.019405726343393326 0.0185236893594265
v 0.011010588146746159 -0.017819272354245186 0.019936634227633476
v 0.011025098152458668 -0.01781601645052433 0.019931623712182045
v 0.011038496159017086 -0.017811574041843414 0.019924769178032875
v 0.011017252691090107 -0.020022328943014145 0.017640871927142143
v 0.01100187562406063 -0.020025508478283882 0.01764269359409809
v 0.01099045854061842 -0.020295726135373116 0.017136966809630394
v 0.010993903502821922 -0.016889750957489014 0.020441871136426926
v 0.010981470346450806 -0.01740102469921112 0.020190928131341934
v 0.0110090347006917 -0.01688826084136963 0.02043858915567398
v 0.011023545637726784 -0.016885830089449883 0.020433135330677032
v 0.011036944575607777 -0.016882512718439102 0.020425673574209213
v 0.01104890089482069 -0.016878385096788406 0.02041638456285
v 0.010991922579705715 -0.014764897525310516 0.021005205810070038
v 0.011007403023540974 -0.014764447696506977 0.02100151777267456
v 0.011021571233868599 -0.014763775281608105 0.02099570259451866
v 0.01102242898195982 -0.015937035903334618 0.020771285519003868
v 0.011034972965717316 -0.014762838371098042 0.02098759077489376
v 0.011035829782485962 -0.01593485102057457 0.020763417705893517
v 0.011046931147575378 -0.014761677011847496 0.020977498963475227
v 0.01104778703302145 -0.01593213528394699 0.02075362764298916
v 0.011057154275476933 -0.014760317280888557 0.02096567302942276
v 0.01105800922960043 -0.015928955748677254 0.020742153748869896
v 0.011065389029681683 -0.014758791774511337 0.02095240354537964
v 0.01106624212116003 -0.015925392508506775 0.02072927914559841
v 0.011071432381868362 -0.014757140539586544 0.02093801461160183
v 0.011072283610701561 -0.01592153124511242 0.020715320482850075
v 0.011075136251747608 -0.014755403622984886 0.020922865718603134
v 0.01107342541217804 -0.01593479886651039 0.020707828924059868
v 0.011010517366230488 -0.02096458524465561 0.014610347338020802
v 0.011025626212358475 -0.020960954949259758 0.014610065147280693
v 0.011040124110877514 -0.020954973995685577 0.014609565027058125
v 0.01105350349098444 -0.0209468025714159 0.014608863741159439
v 0.011065436527132988 -0.020936651155352592 0.014607981778681278
v 0.01107562705874443 -0.0209247637540102 0.014606937766075134
v 0.011083826422691345 -0.020911438390612602 0.014605757780373096
v 0.011089831590652466 -0.020896999165415764 0.014604471623897552
v 0.011093495413661003 -0.02088180184364319 0.014603111892938614
v 0.01102269347757101 -0.020794134587049484 0.015684587880969048
v 0.011037193238735199 -0.020788278430700302 0.015683293342590332
v 0.011050575412809849 -0.020780280232429504 0.01568150892853737
v 0.011062512174248695 -0.020770341157913208 0.01567927934229374
v 0.011072707362473011 -0.020758703351020813 0.015676656737923622
v 0.011080911383032799 -0.0207456573843956 0.01567370817065239
v 0.011086921207606792 -0.020731519907712936 0.015670504420995712
v 0.011090591549873352 -0.02071664296090603 0.015667127445340157
v 0.011004587635397911 -0.020488612353801727 0.016690628603100777
v 0.011059120297431946 -0.01687355898320675 0.020405499264597893
v 0.011050448752939701 -0.017806047573685646 0.019916236400604248
v 0.0110403997823596 -0.018652528524398804 0.019285690039396286
v 0.011029246263206005 -0.019401084631681442 0.018519913777709007
v 0.010985922999680042 -0.019734259694814682 0.018098866567015648
v 0.010983850806951523 -0.01905316486954689 0.018926840275526047
v 0.010995252057909966 -0.01782125234603882 0.019939688965678215
v 0.01100858859717846 -0.018653057515621185 0.019305704161524773
v 0.011074570007622242 -0.013019523583352566 0.020993920043110847
v 0.011070865206420422 -0.013019534759223461 0.021009167656302452
v 0.011064821854233742 -0.013019546866416931 0.021023647859692574
v 0.011056587100028992 -0.013019558973610401 0.021037006750702858
v 0.011046363972127438 -0.013019569218158722 0.021048912778496742
v 0.011034403927624226 -0.013019578531384468 0.021059071645140648
v 0.011021002195775509 -0.01301958691328764 0.021067233756184578
v 0.011006488464772701 -0.013019595295190811 0.021073199808597565
v 0.010991220362484455 -0.013019600883126259 0.02107682079076767
v 0.010985562577843666 0.012980392202734947 0.021095391362905502
v 0.011000831611454487 0.01298039872199297 0.021091770380735397
v 0.011059164069592953 0.01298044715076685 0.021042218431830406
v 0.011050929315388203 0.01298043504357338 0.02105557918548584
v 0.011040705256164074 0.012980424799025059 0.021067483350634575
v 0.011028746142983437 0.012980414554476738 0.02107764221727848
v 0.01101534441113472 0.012980406172573566 0.02108580432832241
v 0.011068912222981453 0.01298046950250864 0.02101249061524868
v 0.011065208353102207 0.012980458326637745 0.021027738228440285
v 0.0020900187082588673 0.019864186644554138 0.013077531941235065
v 0.002160110743716359 0.019882772117853165 -0.012922368012368679
v 0.0020729685202240944 0.012979269027709961 0.019952591508626938
v 0.0020727836526930332 0.014084979891777039 0.01993267424404621
v 0.0020730337128043175 0.015504851937294006 0.019726382568478584
v 0.00207388773560524 0.016606567427515984 0.019321447238326073
v 0.0020753887947648764 0.017621178179979324 0.01868360862135887
v 0.002077437937259674 0.01847643405199051 0.01785508543252945
v 0.0020799231715500355 0.019137181341648102 0.016880402341485023
v 0.0020826172549277544 0.019565874710679054 0.015846790745854378
v 0.0020858896896243095 0.01980888843536377 0.014613556675612926
v 0.0021630958653986454 0.019862854853272438 -0.014028073288500309
v 0.0021669683046638966 0.01965656504034996 -0.015447940677404404
v 0.002170026069507003 0.0192516278475523 -0.016549652442336082
v 0.002172898966819048 0.01861378736793995 -0.017564259469509125
v 0.0021753835026174784 0.01778526045382023 -0.01841951161623001
v 0.00217737490311265 0.016810577362775803 -0.019080255180597305
v 0.002178753959015012 0.01577696017920971 -0.01950894668698311
v 0.002179674571380019 0.014543723315000534 -0.019751958549022675
v 0.0021801551338285208 0.01300769206136465 -0.019807256758213043
v -0.00037952352431602776 0.009477876126766205 0.021153481677174568
v -0.00041762483306229115 0.009669209830462933 0.021153515204787254
v -0.0008796300389803946 0.00997776910662651 0.021152490749955177
v -0.006279609631747007 0.009976604022085667 0.021137932315468788
v -0.006470942869782448 0.009938501752912998 0.021137390285730362
v -0.006779500283300877 0.009476495906710625 0.021136227995157242
v -0.0067753661423921585 -0.009523498825728893 0.021122654899954796
v 0.01098557934165001 0.015593391843140125 0.020880451425909996
v 0.010984271764755249 0.020825229585170746 0.015437827445566654
v 0.010997522622346878 0.020688587799668312 0.01602235995233059
v 0.011012839153409004 0.020685048773884773 0.01602143608033657
v 0.011075947433710098 0.019777866080403328 0.01785920560359955
v 0.011073838919401169 0.019144874066114426 0.018692145124077797
v 0.010988605208694935 0.01843402534723282 0.019491320475935936
v 0.011075851507484913 0.020290296524763107 0.016930213198065758
v 0.011072258464992046 0.019790692254900932 0.01786746084690094
v 0.011074637994170189 0.02028789557516575 0.016945267096161842
v 0.011066230945289135 0.019802875816822052 0.017875298857688904
v 0.01106861513108015 0.020301153883337975 0.01695111393928528
v 0.01105800922960043 0.01981412060558796 0.01788252405822277
v 0.011070145294070244 0.01915627531707287 0.018702274188399315
v 0.011064112186431885 0.019167106598615646 0.018711891025304794
v 0.011055887676775455 0.01917710155248642 0.018720759078860283
v 0.011045672930777073 0.01918601803481579 0.01872866228222847
v 0.01107202097773552 0.01838122494518757 0.019427333027124405
v 0.011068323627114296 0.018390918150544167 0.019439104944467545
v 0.011062286794185638 0.018400127068161964 0.01945028454065323
v 0.01105405855923891 0.018408626317977905 0.01946059614419937
v 0.011043841019272804 0.018416205421090126 0.01946978271007538
v 0.01103188656270504 0.018422678112983704 0.019477620720863342
v 0.011068000458180904 0.017501750960946083 0.020054131746292114
v 0.011066866107285023 0.01751638390123844 0.020049922168254852
v 0.011060825549066067 0.01752372272312641 0.020062407478690147
v 0.01105259358882904 0.017530495300889015 0.020073924213647842
v 0.011042374186217785 0.017536532133817673 0.020084187388420105
v 0.011030416935682297 0.017541689798235893 0.02009294182062149
v 0.011017017997801304 0.01754583790898323 0.020099978893995285
v 0.01106702908873558 0.01658618450164795 0.020499367266893387
v 0.011065833270549774 0.016573838889598846 0.020508401095867157
v 0.011059790849685669 0.016579139977693558 0.020521879196166992
v 0.011051557026803493 0.016584031283855438 0.02053430862724781
v 0.011041334830224514 0.016588393598794937 0.020545383915305138
v 0.011029376648366451 0.0165921188890934 0.020554836839437485
v 0.01101597584784031 0.01659511588513851 0.0205624308437109
v 0.011001463048160076 0.016597310081124306 0.020567981526255608
v 0.011020325124263763 0.019199756905436516 0.018740814179182053
v 0.011005816049873829 0.019204240292310715 0.018744762986898422
v 0.011003977619111538 0.01843169704079628 0.019488515332341194
v 0.011007949709892273 0.019844647496938705 0.017902066931128502
v 0.011022457852959633 0.01983959972858429 0.01789885386824608
v 0.011035850271582603 0.019832711666822433 0.017894446849822998
v 0.011002506129443645 0.017548874020576477 0.020105116069316864
v 0.010987123474478722 0.01755073480308056 0.02010825090110302
v 0.010973665863275528 0.0170450359582901 0.02037843130528927
v 0.010995225049555302 0.020349925383925438 0.016972502693533897
v 0.010980681516230106 0.020099010318517685 0.01748373731970787
v 0.011010351590812206 0.02034660056233406 0.016971057280898094
v 0.011024856939911842 0.020341113209724426 0.01696866936981678
v 0.011038246564567089 0.02033361792564392 0.016965391114354134
v 0.011050191707909107 0.02032429911196232 0.016961298882961273
v 0.011000827886164188 0.02091326005756855 0.014847657643258572
v 0.011016301810741425 0.020909534767270088 0.014847254380583763
v 0.011030456982553005 0.020903684198856354 0.0148466220125556
v 0.011027341708540916 0.02067926526069641 0.016019877046346664
v 0.01104384008795023 0.020895538851618767 0.014845725148916245
v 0.011040729470551014 0.020671363919973373 0.0160177331417799
v 0.01105577778071165 0.020885419100522995 0.01484459824860096
v 0.011052669957280159 0.020661544054746628 0.016015052795410156
v 0.011065974831581116 0.02087356708943844 0.014843267388641834
v 0.011062872596085072 0.020650045946240425 0.016011903062462807
v 0.011074180714786053 0.020860275253653526 0.014841766096651554
v 0.011071084067225456 0.0206371508538723 0.016008364036679268
v 0.01108019333332777 0.020845873281359673 0.014840132556855679
v 0.011077102273702621 0.020623179152607918 0.016004519537091255
v 0.011083864606916904 0.02083071507513523 0.014838405884802341
v 0.011078186333179474 0.020615683868527412 0.016017789021134377
v 0.010985510423779488 0.014518375508487225 0.021047325804829597
v 0.01100062858313322 0.014518056064844131 0.021043742075562477
v 0.011015142314136028 0.014517519623041153 0.02103780210018158
v 0.011028544045984745 0.014516785740852356 0.021029669791460037
v 0.011040504090487957 0.014515873044729233 0.021019551903009415
v 0.011050727218389511 0.014514803886413574 0.02100769430398941
v 0.011058962903916836 0.014513603411614895 0.020994393154978752
v 0.011065006256103516 0.014512303285300732 0.020979970693588257
v 0.011068710125982761 0.014510934241116047 0.020964784547686577
v 0.011000847443938255 0.015592582523822784 0.020876921713352203
v 0.011015360243618488 0.015591252595186234 0.020871106535196304
v 0.011028761975467205 0.015589434653520584 0.02086314745247364
v 0.011040721088647842 0.015587174333631992 0.02085324376821518
v 0.011050944216549397 0.015584527514874935 0.020841635763645172
v 0.011059178970754147 0.015581558458507061 0.02082861214876175
v 0.011065222322940826 0.015578340739011765 0.020814495161175728
v 0.011068926192820072 0.015574953518807888 0.020799627527594566
v 0.010986126028001308 0.016598664224147797 0.020571352913975716
v 0.011060398072004318 0.020313389599323273 0.016956502571702003
v 0.01104779914021492 0.01982414908707142 0.017888957634568214
v 0.011033721268177032 0.019193630665540695 0.018735401332378387
v 0.011018488556146622 0.018427884206175804 0.019483914598822594
v 0.010973150841891766 0.01800694689154625 0.019816959276795387
v 0.010975115932524204 0.018834920600056648 0.019135868176817894
v 0.010992616415023804 0.01984773948788643 0.017904002219438553
v 0.011001957580447197 0.01921372301876545 0.018735837191343307
v 0.0021858124528080225 -0.012992301024496555 -0.019825827330350876
v 0.0021859980188310146 -0.014098010957241058 -0.019805908203125
v 0.0021857472602277994 -0.0155178839340806 -0.019599618390202522
v 0.002184893237426877 -0.016619598492980003 -0.01919468306005001
v 0.002183392411097884 -0.017634209245443344 -0.01855684444308281
v 0.0021813437342643738 -0.01848946511745453 -0.017728321254253387
v 0.0021788589656352997 -0.01915021426975727 -0.01675364002585411
v 0.002176163950935006 -0.019578907638788223 -0.015720024704933167
v 0.0021728919818997383 -0.01982192136347294 -0.01448679156601429
v 0.002168762031942606 -0.019877217710018158 -0.012950766831636429
v -0.0008752783760428429 -0.01002222578972578 0.021138206124305725
v -0.0006839450797997415 -0.009984123520553112 0.02113874815404415
v -0.00037538871401920915 -0.009522117674350739 0.021139908581972122
v -0.006275257095694542 -0.01002338994294405 0.021123647689819336
v -0.006737263407558203 -0.009714831598103046 0.02112262137234211
v 0.010316106490790844 -0.01299046166241169 -0.01992390677332878
v 0.010316279716789722 -0.01470884121954441 -0.01985093578696251
v 0.010315844789147377 -0.01588858850300312 -0.01959524117410183
v 0.010314777493476868 -0.01699087768793106 -0.01911098137497902
v 0.010313077829778194 -0.017978861927986145 -0.018401682376861572
v 0.010228666476905346 -0.020014049485325813 0.013070964254438877
v 0.01022401824593544 -0.01994108036160469 0.01478933822363615
v 0.010220782831311226 -0.01968538388609886 0.015969080850481987
v 0.010217706672847271 -0.019201122224330902 0.01707136444747448
v 0.010214890353381634 -0.018491823226213455 0.018059344962239265
v 0.010310448706150055 0.013009531423449516 -0.0199053343385458
v 0.010309748351573944 0.01493905484676361 -0.01980001851916313
v 0.010308587923645973 0.016198070719838142 -0.01947023719549179
v 0.01030700746923685 0.017211372032761574 -0.0189652219414711
v 0.010304814204573631 0.01815636456012726 -0.018227403983473778
v 0.010312272235751152 -0.01831752061843872 -0.018075749278068542
v 0.010309883393347263 -0.01905534416437149 -0.017130762338638306
v 0.010307260788977146 -0.01956036314368248 -0.016117462888360023
v 0.010303937830030918 -0.01989014446735382 -0.01485845074057579
v 0.010298758745193481 -0.019995464012026787 -0.012928934767842293
v 0.010202614590525627 0.012980937026441097 0.020094508305191994
v 0.010202441364526749 0.014699316583573818 0.020021537318825722
v 0.010202876292169094 0.015879064798355103 0.019765842705965042
v 0.010203943587839603 0.016981352120637894 0.019281581044197083
v 0.010205643251538277 0.017969336360692978 0.018572282046079636
v 0.010290054604411125 0.020004525780677795 -0.01290036365389824
v 0.010294702835381031 0.019931554794311523 -0.014618736691772938
v 0.010297938250005245 0.019675858318805695 -0.015798481181263924
v 0.0103010144084692 0.019191598519682884 -0.016900762915611267
v 0.010303831659257412 0.018482297658920288 -0.017888743430376053
v 0.01021390687674284 -0.018165890127420425 0.01839800365269184
v 0.01021171361207962 -0.01722089760005474 0.019135823473334312
v 0.010210133157670498 -0.01620759442448616 0.019640838727355003
v 0.010208972729742527 -0.014948579482734203 0.019970620051026344
v 0.01020827330648899 -0.013019056990742683 0.020075935870409012
v 0.010206448845565319 0.018307996913790703 0.018246350809931755
v 0.010208837687969208 0.019045820459723473 0.017301363870501518
v 0.010211460292339325 0.019550837576389313 0.016288062557578087
v 0.010214783251285553 0.019880620762705803 0.015029051341116428
v 0.01021996233612299 0.01998593844473362 0.013099536299705505
v 0.0020786260720342398 -0.013020724058151245 0.019934020936489105
v 0.0020986711606383324 -0.019895805045962334 0.013049132190644741
v 0.002095685573294759 -0.019875887781381607 0.014154837466776371
v 0.002091812901198864 -0.01966959610581398 0.015574704855680466
v 0.0020887551363557577 -0.01926466077566147 0.016676416620612144
v 0.0020858829375356436 -0.018626820296049118 0.017691023647785187
v 0.002083398401737213 -0.017798293381929398 0.018546275794506073
v 0.0020814063027501106 -0.01682361029088497 0.019207019358873367
v 0.0020800281781703234 -0.015789993107318878 0.01963571086525917
v 0.0020791064016520977 -0.01455675344914198 0.019878722727298737
v 0.002070016460493207 0.014390047639608383 0.020934732630848885
v 0.002070218790322542 0.012978539802134037 0.020972587168216705
v 0.002071407623589039 0.012978529557585716 0.020988235250115395
v 0.0021827174350619316 0.02082333341240883 0.015414099209010601
v 0.002169310115277767 0.020911356434226036 0.014823847450315952
v 0.002153842244297266 0.020907621830701828 0.014823369681835175
v 0.002175586763769388 0.02009711228311062 0.01745999976992607
v 0.0021638725884258747 0.020348045974969864 0.016948703676462173
v 0.0021485809702426195 0.02034468948841095 0.016947166994214058
v 0.002171444473788142 0.018005048856139183 0.019793231040239334
v 0.0021575659047812223 0.018432123586535454 0.019467510282993317
v 0.002142206532880664 0.01842978410422802 0.019464625045657158
v 0.00216829520650208 0.017043137922883034 0.02035469189286232
v 0.0021560590248554945 0.017548829317092896 0.020084435120224953
v 0.002140734577551484 0.017546962946653366 0.020081225782632828
v 0.002174131339415908 0.020982973277568817 0.013078558258712292
v 0.0021539565641433 0.01451647188514471 0.021023515611886978
v 0.0021731003653258085 0.01883302815258503 0.019112136214971542
v 0.002148296916857362 0.019211888313293457 0.018712028861045837
v 0.0021440451964735985 0.019202329218387604 0.018720872700214386
v 0.002154324436560273 0.015591488219797611 0.020856641232967377
v 0.0021388581953942776 0.014516144059598446 0.02101984992623329
v 0.002139075193554163 0.015590672381222248 0.020853029564023018
v 0.002124377293512225 0.014515601098537445 0.021013831719756126
v 0.0021245949901640415 0.0155893350020051 0.02084713615477085
v 0.0021110200323164463 0.0145148616284132 0.021005630493164062
v 0.0021112372633069754 0.015587511472404003 0.020839106291532516
v 0.002099115401506424 0.014513945206999779 0.020995447412133217
v 0.0020993328653275967 0.015585246495902538 0.020829137414693832
v 0.002088956069201231 0.014512871392071247 0.020983533933758736
v 0.00208917330019176 0.015582595020532608 0.020817475393414497
v 0.002080793958157301 0.014511668123304844 0.020970188081264496
v 0.002081010490655899 0.015579622238874435 0.020804407075047493
v 0.002074828138574958 0.014510363340377808 0.020955733954906464
v 0.0020750442054122686 0.01557640265673399 0.020790256559848785
v 0.0020712062250822783 0.014508993364870548 0.020940527319908142
v 0.0020714225247502327 0.01557301264256239 0.02077537029981613
v 0.0021548003423959017 0.016596747562289238 0.02054751105606556
v 0.0021396914962679148 0.016595399007201195 0.020544089376926422
v 0.0021252105943858624 0.016593199223279953 0.020538460463285446
v 0.002111852867528796 0.016590194776654243 0.02053079567849636
v 0.0020999466069042683 0.016586465761065483 0.02052127756178379
v 0.002089786110445857 0.016582099720835686 0.020510146394371986
v 0.0020816221367567778 0.016577204689383507 0.020497674122452736
v 0.002075654687359929 0.016571899875998497 0.020484162494540215
v 0.0020745506044477224 0.01658431813120842 0.02047528140246868
v 0.0021262522786855698 0.017543919384479523 0.020076008513569832
v 0.0021128926891833544 0.017539767548441887 0.020068900659680367
v 0.0021009857300668955 0.01753460429608822 0.02006007917225361
v 0.0020908236037939787 0.017528560012578964 0.02004976198077202
v 0.002082657068967819 0.01752178557217121 0.02003820240497589
v 0.0020766877569258213 0.017514444887638092 0.02002568542957306
v 0.0020754875149577856 0.017499733716249466 0.020029732957482338
v 0.0021277228370308876 0.018425967544317245 0.01945994794368744
v 0.0021143618505448103 0.018420754000544548 0.01945357955992222
v 0.0021024520974606276 0.018414277583360672 0.01944567635655403
v 0.0020922874100506306 0.018406692892313004 0.019436433911323547
v 0.002084119012579322 0.018398191779851913 0.019426079466938972
v 0.002078145742416382 0.018388979136943817 0.01941486820578575
v 0.0020745163783431053 0.01837928406894207 0.01940307579934597
v 0.0021612083073705435 0.01984579674899578 0.017880165949463844
v 0.002146178623661399 0.019842736423015594 0.017878174781799316
v 0.0021295601036399603 0.01919783651828766 0.0187168437987566
v 0.002131691901013255 0.01983768306672573 0.017874883487820625
v 0.002116196323186159 0.01919170841574669 0.018711360171437263
v 0.0021183257922530174 0.019830789417028427 0.017870407551527023
v 0.00210428424179554 0.019184088334441185 0.018704555928707123
v 0.0021064106840640306 0.019822221249341965 0.017864853143692017
v 0.0020941162947565317 0.019175169989466667 0.01869659684598446
v 0.0020962387789040804 0.019812187179923058 0.017858363687992096
v 0.0020859437063336372 0.019165171310305595 0.018687685951590538
v 0.002088062698021531 0.019800938665866852 0.017851093783974648
v 0.002079967176541686 0.01915433630347252 0.018678035587072372
v 0.002082080813124776 0.019788751378655434 0.017843224108219147
v 0.0020763343200087547 0.019142933189868927 0.018667887896299362
v 0.0020784432999789715 0.01977592334151268 0.017834946513175964
v 0.0021340912207961082 0.020339196547865868 0.016944700852036476
v 0.002120722783729434 0.020331693813204765 0.01694134995341301
v 0.0021088034845888615 0.020322371274232864 0.016937194392085075
v 0.0020986273884773254 0.02031145803630352 0.01693234033882618
v 0.0020904464181512594 0.020299218595027924 0.016926908865571022
v 0.0020844601094722748 0.0202859565615654 0.01692103035748005
v 0.002083377679809928 0.020288527011871338 0.01690603606402874
v 0.002166186459362507 0.02068665437400341 0.015998542308807373
v 0.00215106806717813 0.020683137699961662 0.015997545793652534
v 0.0021365766879171133 0.020677346736192703 0.01599590852856636
v 0.0021232045255601406 0.020669439807534218 0.015993690118193626
v 0.002111281966790557 0.020659616217017174 0.01599094457924366
v 0.0021011019125580788 0.020648112520575523 0.015987740829586983
v 0.0020929158199578524 0.0206352137029171 0.01598415896296501
v 0.0020869236905127764 0.02062123827636242 0.015980280935764313
v 0.0020857201889157295 0.020613571628928185 0.01599348895251751
v 0.0021396910306066275 0.020901765674352646 0.014822653494775295
v 0.002126316074281931 0.02089361660182476 0.014821683056652546
v 0.002114389557391405 0.02088348940014839 0.014820491895079613
v 0.0021042036823928356 0.020871633663773537 0.014819106087088585
v 0.002096012467518449 0.020858338102698326 0.014817561022937298
v 0.002090014982968569 0.020843934267759323 0.01481589488685131
v 0.0020863600075244904 0.020828774198889732 0.014814147725701332
v 0.0021588739473372698 0.02097930572926998 0.013078514486551285
v 0.002144378377124667 0.020973296836018562 0.013078470714390278
v 0.002131000394001603 0.0209650956094265 0.013078429736196995
v 0.00211907085031271 0.020954901352524757 0.013078389689326286
v 0.0021088821813464165 0.020942967385053635 0.013078353367745876
v 0.0021006863098591566 0.02092958614230156 0.01307832170277834
v 0.002094684634357691 0.020915087312459946 0.01307829562574625
v 0.002091024536639452 0.020899830386042595 0.013078274205327034
v 0.0021543088369071484 0.012978487648069859 0.021071583032608032
v 0.002139059593901038 0.012978486716747284 0.02106788009405136
v 0.0021245789248496294 0.012978488579392433 0.021061833947896957
v 0.0021112216636538506 0.012978491373360157 0.021053599193692207
v 0.002099317032843828 0.01297849602997303 0.021043376997113228
v 0.0020891581661999226 0.012978502549231052 0.021031416952610016
v 0.002080995822325349 0.012978510931134224 0.02101801335811615
v 0.0020750295370817184 0.012978519313037395 0.021003499627113342
v 0.0020703256595879793 0.01577915996313095 0.020709019154310226
v 0.0020713438279926777 0.01707546040415764 0.020227553322911263
v 0.002073118695989251 0.01826644502580166 0.01947399228811264
v 0.0020749073009938 0.01904943399131298 0.018747849389910698
v 0.002089796820655465 0.020884184166789055 0.013078260235488415
v 0.002084479434415698 0.020781226456165314 0.01505894772708416
v 0.0020808049011975527 0.02044087089598179 0.016448983922600746
v 0.002077721059322357 0.01987994834780693 0.017637865617871284
v 0.0020758763421326876 -0.013021452352404594 0.020954016596078873
v 0.0021599663887172937 -0.013021505437791348 0.02105301059782505
v 0.002144717611372471 -0.013021505437791348 0.02104930952191353
v 0.002086653606966138 -0.013021483086049557 0.020999442785978317
v 0.0020948154851794243 -0.013021491467952728 0.021012846380472183
v 0.002104975515976548 -0.01302149798721075 0.021024804562330246
v 0.0021168794482946396 -0.013021501712501049 0.021035028621554375
v 0.002130236942321062 -0.013021505437791348 0.021043263375759125
v 0.002077066106721759 -0.013021464459598064 0.020969662815332413
v 0.002080687554553151 -0.013021474704146385 0.02098492905497551
v 0.0020950790494680405 -0.02087794989347458 0.01445990614593029
v 0.002098892815411091 -0.02091580256819725 0.013048403896391392
v 0.0021001279819756746 -0.02093144878745079 0.01304839551448822
v 0.0021757485810667276 -0.015357010997831821 0.020893411710858345
v 0.0021604043431580067 -0.014766802079975605 0.02098139375448227
v 0.0021449446212500334 -0.014766368083655834 0.020977625623345375
v 0.002176376059651375 -0.017402924597263336 0.020167190581560135
v 0.0021625508088618517 -0.016891663894057274 0.020418088883161545
v 0.0021472631487995386 -0.01689017191529274 0.020414697006344795
v 0.0021842161659151316 -0.01973615773022175 0.018075138330459595
v 0.002168330131098628 -0.019410477951169014 0.01850217580795288
v 0.0021529686637222767 -0.019407637417316437 0.018499799072742462
v 0.0021850881166756153 -0.02029762603342533 0.017113227397203445
v 0.0021708100102841854 -0.0200274046510458 0.01761888526380062
v 0.002155481604859233 -0.020024240016937256 0.017616981640458107
v 0.002178963739424944 -0.020966487005352974 0.014586538076400757
v 0.0021818357054144144 -0.019055062904953957 0.018903115764260292
v 0.002154927235096693 -0.01865502819418907 0.019281912595033646
v 0.002150725107640028 -0.018663885071873665 0.019272340461611748
v 0.0021761790849268436 -0.02079961635172367 0.01566155068576336
v 0.002163854893296957 -0.02096286602318287 0.014586173929274082
v 0.0021609219256788492 -0.020796045660972595 0.01566069759428501
v 0.002149358158931136 -0.020956890657544136 0.014585594646632671
v 0.0021464270539581776 -0.02079019509255886 0.015659324824810028
v 0.002135979011654854 -0.020948726683855057 0.01458482351154089
v 0.0021330509334802628 -0.02078220434486866 0.015657467767596245
v 0.0021240476053208113 -0.020938580855727196 0.014583876356482506
v 0.0021211234852671623 -0.02077227085828781 0.015655172988772392
v 0.0021138563752174377 -0.020926697179675102 0.014582776464521885
v 0.002110936213284731 -0.020760638639330864 0.015652496367692947
v 0.0021056579425930977 -0.020913375541567802 0.01458155270665884
v 0.002102743601426482 -0.02074759267270565 0.015649503096938133
v 0.002099652774631977 -0.020898936316370964 0.014580233953893185
v 0.0020967437885701656 -0.020733458921313286 0.01564626768231392
v 0.0020959903486073017 -0.020883740857243538 0.014578853733837605
v 0.0020930864848196507 -0.020718583837151527 0.015642870217561722
v 0.002173262182623148 -0.020490484312176704 0.016666807234287262
v 0.0021581463515758514 -0.020487105473876 0.016665421426296234
v 0.0021436542738229036 -0.020481521263718605 0.01666318252682686
v 0.0021302818786352873 -0.020473893731832504 0.01666014827787876
v 0.002118357690051198 -0.02046441100537777 0.016656387597322464
v 0.002108175540342927 -0.020453307777643204 0.016651997342705727
v 0.002099987817928195 -0.020440857857465744 0.016647081822156906
v 0.0020939933601766825 -0.020427366718649864 0.016641762107610703
v 0.0020928331650793552 -0.02041848935186863 0.016654176637530327
v 0.0021409911569207907 -0.020019065588712692 0.017613902688026428
v 0.002127621555700898 -0.02001199685037136 0.017609715461730957
v 0.0021157022565603256 -0.02000321075320244 0.0176045224070549
v 0.0021055242978036404 -0.019992925226688385 0.017598455771803856
v 0.0020973412320017815 -0.0199813861399889 0.017591658979654312
v 0.0020913537591695786 -0.01996888592839241 0.01758430339396
v 0.002090201945975423 -0.019972937181591988 0.017569588497281075
v 0.0021384807769209146 -0.01940300315618515 0.018495945259928703
v 0.0021251144353300333 -0.019396673887968063 0.01849069818854332
v 0.0021131972316652536 -0.019388806074857712 0.018484191969037056
v 0.0021030246280133724 -0.019379593431949615 0.018476583063602448
v 0.002094847150146961 -0.01936926133930683 0.018468061462044716
v 0.0020888641010969877 -0.019358066841959953 0.018458833917975426
v 0.0020852251909673214 -0.019346285611391068 0.01844913139939308
v 0.0021638446487486362 -0.017823131754994392 0.01991584151983261
v 0.002148816827684641 -0.017821183428168297 0.01991274207830429
v 0.0021362395491451025 -0.018659895285964012 0.019267812371253967
v 0.002134332899004221 -0.017817934975028038 0.01990765519440174
v 0.0021228757686913013 -0.01865445263683796 0.019261647015810013
v 0.0021209714468568563 -0.01781349629163742 0.01990072801709175
v 0.002110962523147464 -0.018647681921720505 0.01925400085747242
v 0.002109060762450099 -0.01780797727406025 0.0198921300470829
v 0.0021007934119552374 -0.018639754503965378 0.019245056435465813
v 0.0020988951437175274 -0.017801515758037567 0.019882071763277054
v 0.0020926196593791246 -0.018630865961313248 0.0192350372672081
v 0.0020907260477542877 -0.01779427006840706 0.019870804622769356
v 0.0020866417326033115 -0.018621234223246574 0.01922418922185898
v 0.002084751147776842 -0.01778641901910305 0.019858600571751595
v 0.0020830072462558746 -0.01861109584569931 0.01921277679502964
v 0.0020811220165342093 -0.017778154462575912 0.019845765084028244
v 0.0021327806171029806 -0.01688774675130844 0.02040916681289673
v 0.002119419863447547 -0.01688443496823311 0.02040163241326809
v 0.0021075126715004444 -0.01688031479716301 0.02039227820932865
v 0.0020973493810743093 -0.01687549240887165 0.020381338894367218
v 0.0020891826134175062 -0.016870083287358284 0.02036907896399498
v 0.0020832119043916464 -0.016864221543073654 0.02035580389201641
v 0.0020820796489715576 -0.016849230974912643 0.02035837061703205
v 0.0021612581331282854 -0.015941498801112175 0.02075669728219509
v 0.0021461453288793564 -0.015940548852086067 0.02075314149260521
v 0.002131663728505373 -0.015938952565193176 0.020747315138578415
v 0.0021183055359870195 -0.015936775133013725 0.020739376544952393
v 0.0021063988097012043 -0.015934063121676445 0.02072952128946781
v 0.002096238313242793 -0.015930889174342155 0.020717991515994072
v 0.002088073408231139 -0.015927329659461975 0.020705074071884155
v 0.0020821052603423595 -0.01592347025871277 0.02069108374416828
v 0.002080959500744939 -0.015936680138111115 0.02068341337144375
v 0.002130805514752865 -0.014765693806111813 0.02097173221409321
v 0.0021174487192183733 -0.014764762483537197 0.020963551476597786
v 0.0021055429242551327 -0.014763605780899525 0.02095339447259903
v 0.0020953831262886524 -0.014762249775230885 0.020941512659192085
v 0.0020872200839221478 -0.014760728925466537 0.020928198471665382
v 0.0020812542643398046 -0.014759079553186893 0.020913777872920036
v 0.002077631186693907 -0.014757344499230385 0.0208986084908247
v 0.002183270640671253 -0.021014554426074028 0.013048560358583927
v 0.0021680109202861786 -0.02101089432835579 0.013048521243035793
v 0.002153512556105852 -0.021004892885684967 0.013048486784100533
v 0.002140131313353777 -0.02099669724702835 0.013048456981778145
v 0.002128197345882654 -0.020986508578062057 0.013048432767391205
v 0.002118003321811557 -0.020974578335881233 0.013048413209617138
v 0.0021098016295582056 -0.020961200818419456 0.013048401102423668
v 0.002103793201968074 -0.020946703851222992 0.013048394583165646
v 0.002091284841299057 -0.02065223641693592 0.01584901288151741
v 0.00208768667653203 -0.020170770585536957 0.01714530773460865
v 0.0020843129605054855 -0.019417207688093185 0.01833629049360752
v 0.0020820454228669405 -0.018691061064600945 0.019119273871183395
v 0.002076581120491028 -0.015002147294580936 0.020851057022809982
v 0.0020777983590960503 -0.016392188146710396 0.020510705187916756
v 0.0020795678719878197 -0.017581075429916382 0.019949786365032196
v 0.002253361511975527 -0.020995967090129852 -0.012951339595019817
v 0.0021689850836992264 -0.020897217094898224 -0.012951496057212353
v 0.002238102722913027 -0.020992308855056763 -0.012951376847922802
v 0.002173885004594922 -0.020928116515278816 -0.012951504439115524
v 0.0021702188532799482 -0.020912861451506615 -0.012951504439115524
v 0.002179893432185054 -0.02094261348247528 -0.012951498851180077
v 0.0021880955900996923 -0.020955992862582207 -0.012951486743986607
v 0.0021982891485095024 -0.020967921242117882 -0.01295146718621254
v 0.002210223115980625 -0.020978109911084175 -0.012951442040503025
v 0.0022236043587327003 -0.02098630554974079 -0.012951412238180637
v 0.0021887649782001972 -0.014403078705072403 -0.020807966589927673
v 0.0021885621827095747 -0.012991571798920631 -0.020845822989940643
v 0.0021898355334997177 -0.012991560623049736 -0.020861463621258736
v 0.0022744762245565653 -0.020836321637034416 -0.01528679858893156
v 0.002258113119751215 -0.020924381911754608 -0.014696630649268627
v 0.002242445945739746 -0.02092062309384346 -0.014696233905851841
v 0.0022780594881623983 -0.020110102370381355 -0.017332710325717926
v 0.0022636973299086094 -0.02036104165017605 -0.01682148315012455
v 0.0022483954671770334 -0.02035769261419773 -0.01682003028690815
v 0.002285596216097474 -0.01801803708076477 -0.019665930420160294
v 0.002270145807415247 -0.018445119261741638 -0.019340289756655693
v 0.0022547696717083454 -0.0184427872300148 -0.01933748833835125
v 0.0022850590758025646 -0.01705612801015377 -0.020227402448654175
v 0.0022715835366398096 -0.01756182499229908 -0.01995721459388733
v 0.002256241859868169 -0.017559966072440147 -0.01995408907532692
v 0.0022732370998710394 -0.01452946662902832 -0.020896296948194504
v 0.0022839363664388657 -0.018846016377210617 -0.01898483745753765
v 0.002257139189168811 -0.01922488957643509 -0.01858486980199814
v 0.002252930775284767 -0.019215332344174385 -0.018593735992908478
v 0.002273168880492449 -0.015604482963681221 -0.02072942443192005
v 0.0022581182420253754 -0.014529146254062653 -0.020892713218927383
v 0.0022579007782042027 -0.01560367364436388 -0.02072589285671711
v 0.002243604976683855 -0.014528610743582249 -0.020886773243546486
v 0.002243387745693326 -0.01560234371572733 -0.02072007767856121
v 0.0022302037104964256 -0.014527876861393452 -0.020878640934824944
v 0.0022299864795058966 -0.01560052577406168 -0.020712118595838547
v 0.0022182443644851446 -0.014526964165270329 -0.02086852304637432
v 0.002218026900663972 -0.015598265454173088 -0.020702213048934937
v 0.002208020305261016 -0.01452589500695467 -0.020856667309999466
v 0.002207803539931774 -0.015595617704093456 -0.020690608769655228
v 0.002199785551056266 -0.01452469453215599 -0.020843366160988808
v 0.0021995692513883114 -0.015592648647725582 -0.020677585154771805
v 0.002193741500377655 -0.014523394405841827 -0.020828941836953163
v 0.002193525666370988 -0.01558943185955286 -0.020663466304540634
v 0.002190037863329053 -0.014522024430334568 -0.020813755691051483
v 0.002189821330830455 -0.015586044639348984 -0.020648598670959473
v 0.0022724121809005737 -0.016609743237495422 -0.020420294255018234
v 0.0022572840098291636 -0.016608400270342827 -0.020416952669620514
v 0.002242772141471505 -0.016606206074357033 -0.020411401987075806
v 0.0022293718066066504 -0.01660320907831192 -0.02040380984544754
v 0.002217412693426013 -0.016599485650658607 -0.020394356921315193
v 0.002207190729677677 -0.01659512333571911 -0.020383279770612717
v 0.0021989578381180763 -0.016590232029557228 -0.02037084847688675
v 0.00219291471876204 -0.016584929078817368 -0.020357374101877213
v 0.002191768027842045 -0.01659734733402729 -0.020348496735095978
v 0.0022417299915105104 -0.0175569299608469 -0.01994895003736019
v 0.002228330820798874 -0.017552781850099564 -0.019941912963986397
v 0.0022163735702633858 -0.017547622323036194 -0.01993315853178501
v 0.0022061532363295555 -0.017541585490107536 -0.019922897219657898
v 0.0021979226730763912 -0.017534812912344933 -0.019911380484700203
v 0.002191881649196148 -0.017527475953102112 -0.01989889331161976
v 0.0021906972397118807 -0.017512762919068336 -0.019902946427464485
v 0.0022402589675039053 -0.018438974395394325 -0.01933288760483265
v 0.0022268621250987053 -0.018433768302202225 -0.01932659186422825
v 0.0022149074357002974 -0.018427295610308647 -0.019318753853440285
v 0.0022046889644116163 -0.018419716507196426 -0.019309567287564278
v 0.0021964609622955322 -0.018411219120025635 -0.019299255684018135
v 0.0021904236637055874 -0.018402008339762688 -0.01928807608783245
v 0.002186727477237582 -0.01839231513440609 -0.01927630417048931
v 0.002265837974846363 -0.019858792424201965 -0.01775294728577137
v 0.0022507975809276104 -0.019855735823512077 -0.017751038074493408
v 0.0022384223993867636 -0.019210845232009888 -0.01858978532254696
v 0.002236290369182825 -0.01985068991780281 -0.017747825011610985
v 0.002225027419626713 -0.019204720854759216 -0.018584372475743294
v 0.002222897717729211 -0.019843803718686104 -0.017743419855833054
v 0.002213075291365385 -0.01919710822403431 -0.018577633425593376
v 0.0022109488490968943 -0.01983523927628994 -0.01773793064057827
v 0.002202860079705715 -0.01918819360435009 -0.01856973208487034
v 0.00220073782838881 -0.01982521079480648 -0.017731495201587677
v 0.0021946358028799295 -0.019178198650479317 -0.01856086403131485
v 0.0021925175096839666 -0.019813966006040573 -0.01772426813840866
v 0.002188602462410927 -0.01916736550629139 -0.01855124533176422
v 0.0021864885929971933 -0.019801780581474304 -0.017716433852910995
v 0.002184909535571933 -0.019155964255332947 -0.018541116267442703
v 0.002182801254093647 -0.01978895626962185 -0.017708174884319305
v 0.0022338905837386847 -0.020352205261588097 -0.016817640513181686
v 0.0022205011919140816 -0.02034470997750759 -0.01681436225771904
v 0.0022085560485720634 -0.02033539116382599 -0.01681027002632618
v 0.002198349218815565 -0.020324481651186943 -0.01680547557771206
v 0.0021901330910623074 -0.020312245935201645 -0.016800086945295334
v 0.0021841099951416254 -0.02029898576438427 -0.01679423823952675
v 0.0021829470060765743 -0.02030155621469021 -0.016779249534010887
v 0.002261033747345209 -0.020699651911854744 -0.01587132178246975
v 0.0022459079045802355 -0.020696140825748444 -0.015870409086346626
v 0.002231405582278967 -0.020690353587269783 -0.01586885005235672
v 0.0022180192172527313 -0.020682454109191895 -0.015866704285144806
v 0.0022060780320316553 -0.020672636106610298 -0.015864023938775063
v 0.002195875160396099 -0.020661136135458946 -0.015860874205827713
v 0.0021876636892557144 -0.02064824104309082 -0.015857333317399025
v 0.002181645715609193 -0.02063426747918129 -0.01585349068045616
v 0.002180510200560093 -0.020626600831747055 -0.015866704285144806
v 0.0022282914724200964 -0.020914774388074875 -0.01469559408724308
v 0.0022149072028696537 -0.020906630903482437 -0.01469469629228115
v 0.00220296997576952 -0.020896507427096367 -0.014693569391965866
v 0.0021927731577306986 -0.02088465727865696 -0.014692239463329315
v 0.002184567740187049 -0.020871365442872047 -0.014690738171339035
v 0.0021785544231534004 -0.020856965333223343 -0.014689103700220585
v 0.00217488338239491 -0.020841805264353752 -0.014687377028167248
v 0.0022731851786375046 -0.012991483323276043 -0.02094436250627041
v 0.002257916145026684 -0.012991489842534065 -0.020940741524100304
v 0.0022434028796851635 -0.012991497293114662 -0.020934777334332466
v 0.0022300020791590214 -0.012991505675017834 -0.020926613360643387
v 0.0022180427331477404 -0.01299151498824358 -0.02091645449399948
v 0.0022078186739236116 -0.012991526164114475 -0.020904548466205597
v 0.0021995839197188616 -0.01299153733998537 -0.020891189575195312
v 0.002193540334701538 -0.012991548515856266 -0.02087670937180519
v 0.002188456244766712 -0.01579219289124012 -0.020582254976034164
v 0.00218743784353137 -0.017088493332266808 -0.0201007891446352
v 0.002185662742704153 -0.018279477953910828 -0.01934722810983658
v 0.002183874137699604 -0.01906246691942215 -0.018621085211634636
v 0.002174302004277706 -0.020794259384274483 -0.014932183548808098
v 0.002177976304665208 -0.02045390196144581 -0.016322217881679535
v 0.002181060379371047 -0.0198929812759161 -0.017511101439595222
v 0.0021829050965607166 0.013008421286940575 -0.02082725055515766
v 0.0022675273939967155 0.013008510693907738 -0.020925791934132576
v 0.0022522583603858948 0.013008504174649715 -0.02092217095196247
v 0.00219392660073936 0.013008455745875835 -0.02087261900305748
v 0.0022021608892828226 0.013008467853069305 -0.020885977894067764
v 0.0022123842500150204 0.013008478097617626 -0.02089788392186165
v 0.002224343828856945 0.013008488342165947 -0.020908040925860405
v 0.0022377455607056618 0.013008496724069118 -0.020916203036904335
v 0.002184178214520216 0.01300843246281147 -0.020842893049120903
v 0.0021878820843994617 0.013008443638682365 -0.02085813879966736
v 0.00216370215639472 0.02086491696536541 -0.014333141036331654
v 0.0021598886232823133 0.02090277150273323 -0.012921638786792755
v 0.002161116572096944 0.02091841585934162 -0.012921623885631561
v 0.002281441120430827 0.015344022773206234 -0.020766111090779305
v 0.0022668263409286737 0.014753805473446846 -0.020854176953434944
v 0.0022513465955853462 0.014753365889191628 -0.020850490778684616
v 0.0022772704251110554 0.0173899345099926 -0.02003989927470684
v 0.0022650191094726324 0.01687866821885109 -0.02029087021946907
v 0.0022497132886201143 0.016877170652151108 -0.020287560299038887
v 0.0022728240583091974 0.01972316764295101 -0.017947839573025703
v 0.002259381115436554 0.01939748227596283 -0.018374955281615257
v 0.00224400800652802 0.019394636154174805 -0.018372660502791405
v 0.002268266398459673 0.020284635946154594 -0.01698593981564045
v 0.0022568325512111187 0.020014408975839615 -0.017491664737462997
v 0.00224149483256042 0.020011238753795624 -0.01748984307050705
v 0.0022482299245893955 0.02095349319279194 -0.014459319412708282
v 0.0022752017248421907 0.01904207281768322 -0.0187758170068264
v 0.002250508638098836 0.01864202693104744 -0.019154751673340797
v 0.0022462508641183376 0.018650883808732033 -0.01914520375430584
v 0.0022513142321258783 0.020786618813872337 -0.015534332022070885
v 0.0022331210784614086 0.020949864760041237 -0.014459037221968174
v 0.0022360538132488728 0.020783046260476112 -0.015533559955656528
v 0.002218624111264944 0.020943881943821907 -0.01445853617042303
v 0.0022215547505766153 0.020777186378836632 -0.015532265417277813
v 0.002205244731158018 0.02093571238219738 -0.01445783581584692
v 0.0022081725765019655 0.020769188180565834 -0.01553048100322485
v 0.0021933121606707573 0.02092556096613407 -0.014456952922046185
v 0.0021962362807244062 0.020759250968694687 -0.015528250485658646
v 0.00218312069773674 0.02091367356479168 -0.014455909840762615
v 0.0021860399283468723 0.02074761502444744 -0.015525627881288528
v 0.0021749217994511127 0.02090034820139408 -0.014454728923738003
v 0.0021778366062790155 0.020734567195177078 -0.015522679314017296
v 0.002168916165828705 0.020885908976197243 -0.014453443698585033
v 0.0021718256175518036 0.020720431581139565 -0.015519477427005768
v 0.0021652530413120985 0.020870709791779518 -0.01445208303630352
v 0.0021681569050997496 0.020705552771687508 -0.015516098588705063
v 0.002253950573503971 0.02047748863697052 -0.016539588570594788
v 0.002238829620182514 0.020474104210734367 -0.016538282856345177
v 0.002224327763542533 0.020468512549996376 -0.016536125913262367
v 0.002210942329838872 0.02046087756752968 -0.01653316244482994
v 0.002199001843109727 0.020451391115784645 -0.016529465094208717
v 0.0021888012997806072 0.02044028416275978 -0.016525128856301308
v 0.002180592156946659 0.020427830517292023 -0.01652025803923607
v 0.0021745755802839994 0.020414337515830994 -0.01651497185230255
v 0.0021734863985329866 0.02040545828640461 -0.016527391970157623
v 0.0022269906476140022 0.020006056874990463 -0.017486844211816788
v 0.00221360195428133 0.019998982548713684 -0.017482729628682137
v 0.002201657509431243 0.019990192726254463 -0.017477601766586304
v 0.002191451843827963 0.019979901611804962 -0.017471587285399437
v 0.0021832380443811417 0.019968358799815178 -0.017464835196733475
v 0.002177215414121747 0.01995585858821869 -0.017457513138651848
v 0.0021759832743555307 0.019959906116127968 -0.01744280382990837
v 0.002229501726105809 0.019389992579817772 -0.018368886783719063
v 0.002216109773144126 0.019383659586310387 -0.0183637123554945
v 0.0022041620686650276 0.019375786185264587 -0.01835727132856846
v 0.0021939522121101618 0.019366569817066193 -0.018349716439843178
v 0.002185732824727893 0.01935623586177826 -0.01834123767912388
v 0.0021797053050249815 0.019345037639141083 -0.018332043662667274
v 0.002176018664613366 0.019333254545927048 -0.018322359770536423
v 0.0022632023319602013 0.017810136079788208 -0.019788624718785286
v 0.0022481593769043684 0.017808182165026665 -0.019785605370998383
v 0.0022317429538816214 0.018646888434886932 -0.019140753895044327
v 0.002233649604022503 0.01780492626130581 -0.01978059485554695
v 0.002218348439782858 0.018641436472535133 -0.019134661182761192
v 0.0022202522959560156 0.017800481989979744 -0.01977374218404293
v 0.0022063972428441048 0.01863466203212738 -0.019127078354358673
v 0.002208298770710826 0.017794957384467125 -0.019765207543969154
v 0.002196183428168297 0.018626730889081955 -0.019118189811706543
v 0.0021980812307447195 0.017788494005799294 -0.019755203276872635
v 0.002187959849834442 0.018617838621139526 -0.01910821534693241
v 0.0021898543927818537 0.017781242728233337 -0.01974398083984852
v 0.002181927440688014 0.018608205020427704 -0.019097397103905678
v 0.00218381779268384 0.01777338981628418 -0.019731810316443443
v 0.0021782361436635256 0.01859806478023529 -0.01908600516617298
v 0.002180122071877122 0.017765123397111893 -0.019718995317816734
v 0.002235202118754387 0.01687473990023136 -0.02028210647404194
v 0.002221803180873394 0.016871420666575432 -0.02027464471757412
v 0.002209847094491124 0.016867294907569885 -0.020265355706214905
v 0.002199627226218581 0.01686246693134308 -0.02025447227060795
v 0.0021913968957960606 0.016857057809829712 -0.02024225704371929
v 0.002185357501730323 0.016851192340254784 -0.02022901177406311
v 0.0021842450369149446 0.016836201772093773 -0.020231585949659348
v 0.0022659613750874996 0.01592850498855114 -0.020629478618502617
v 0.0022508306428790092 0.015927545726299286 -0.0206260047852993
v 0.002236318541690707 0.015925943851470947 -0.020620256662368774
v 0.002222918439656496 0.0159237589687109 -0.020612386986613274
v 0.0022109602577984333 0.01592104509472847 -0.020602598786354065
v 0.002200738526880741 0.015917865559458733 -0.02059112675487995
v 0.0021925061009824276 0.015914302319288254 -0.020578252151608467
v 0.0021864643786102533 0.015910441055893898 -0.02056429162621498
v 0.0021852711215615273 0.015923650935292244 -0.020556628704071045
v 0.002237176289781928 0.014752685092389584 -0.020844673737883568
v 0.0022237752564251423 0.01475174818187952 -0.020836563780903816
v 0.0022118163760751486 0.0147505858913064 -0.020826471969485283
v 0.0022015932481735945 0.014749226160347462 -0.020814644172787666
v 0.0021933591924607754 0.014747701585292816 -0.020801372826099396
v 0.002187315607443452 0.014746050350368023 -0.020786987617611885
v 0.0021836119703948498 0.01474431250244379 -0.02077183686196804
v 0.0022442236077040434 0.021001558750867844 -0.012921341694891453
v 0.0022289655171334743 0.020997893065214157 -0.012921384535729885
v 0.002214469714090228 0.020991884171962738 -0.012921428307890892
v 0.0022010919637978077 0.020983682945370674 -0.01292147021740675
v 0.0021891621872782707 0.020973488688468933 -0.012921509332954884
v 0.002178973751142621 0.02096155472099781 -0.012921546585857868
v 0.002170777879655361 0.020948173478245735 -0.01292157731950283
v 0.0021647762041538954 0.020933672785758972 -0.012921604327857494
v 0.0021674956660717726 0.0206392053514719 -0.01572224870324135
v 0.0021710945293307304 0.020157737657427788 -0.017018545418977737
v 0.002174468245357275 0.019404174759984016 -0.01820952445268631
v 0.0021767355501651764 0.018678029999136925 -0.018992509692907333
v 0.00218220055103302 0.014989115297794342 -0.02072429470717907
v 0.0021809826139360666 0.016379155218601227 -0.020383941009640694
v 0.0021792142651975155 0.017568042501807213 -0.019823020324110985
v -0.006070014555007219 -0.015008280985057354 3.055370689253323e-05
v -0.0060088541358709335 -0.015007874928414822 -0.0005180382868275046
v -0.0035173262003809214 -0.015007729642093182 3.743575871339999e-05
v -0.0060118138790130615 -0.015008660033345222 0.0005794675671495497
v -0.005175148136913776 -0.015009477734565735 0.001978543819859624
v -0.0055536688305437565 -0.01500927284359932 0.0015767791774123907
v -0.005836973432451487 -0.015008996240794659 0.0011030365712940693
v -0.0036623955238610506 -0.015009581111371517 0.002586009446531534
v -0.004206872545182705 -0.015009635128080845 0.002495239255949855
v -0.004719107411801815 -0.01500959973782301 0.0022895447909832
v -0.0020904841367155313 -0.01500893197953701 0.002154131419956684
v -0.002578869927674532 -0.015009221620857716 0.0024113729596138
v -0.0031111370772123337 -0.0150094423443079 0.002557611558586359
v -0.0011004578555002809 -0.015007791109383106 0.000859035353641957
v -0.001333580818027258 -0.015008198097348213 0.0013593819458037615
v -0.0016688149189576507 -0.015008584596216679 0.001797915785573423
v -0.0010960623621940613 -0.015006626024842262 -0.0007711203070357442
v -0.0009788544848561287 -0.015006985515356064 -0.00023171684006229043
v -0.000980342156253755 -0.0150073803961277 0.00032027182169258595
v -0.002079091966152191 -0.015005909837782383 -0.0020715356804430485
v -0.001659350236877799 -0.015006075613200665 -0.0017130514606833458
v -0.0013264864683151245 -0.01500631682574749 -0.0012727165594696999
v -0.0036486531607806683 -0.015005937777459621 -0.0025118831545114517
v -0.003097554435953498 -0.015005839988589287 -0.002480513183400035
v -0.0025660842657089233 -0.015005831606686115 -0.0023314065765589476
v -0.005164657719433308 -0.015006694942712784 -0.0019125831313431263
v -0.004706948064267635 -0.01500637549906969 -0.002221120521426201
v -0.0041936105117201805 -0.015006119385361671 -0.0024240498896688223
v -0.005831195041537285 -0.015007464215159416 -0.00104065693449229
v -0.005545340478420258 -0.015007063746452332 -0.0015128651866689324
v -0.006069797556847334 -0.0160082820802927 2.9839427952538244e-05
v -0.0060086376033723354 -0.01600787602365017 -0.0005187525530345738
v -0.00583097618073225 -0.01600746437907219 -0.00104137125890702
v -0.005545121617615223 -0.016007065773010254 -0.0015135795110836625
v -0.005164440721273422 -0.016006696969270706 -0.0019132973393425345
v -0.004706729669123888 -0.01600637659430504 -0.0022218346130102873
v -0.004193393513560295 -0.016006119549274445 -0.0024247642140835524
v -0.003648436162620783 -0.01600593887269497 -0.002512597478926182
v -0.003097337670624256 -0.01600584015250206 -0.002481227507814765
v -0.0025658656377345324 -0.016005830839276314 -0.0023321209009736776
v -0.0020788749679923058 -0.01600591279566288 -0.0020722500048577785
v -0.0016591334715485573 -0.016006076708436012 -0.001713765668682754
v -0.001326267491094768 -0.016006318852305412 -0.00127343088388443
v -0.0010958455968648195 -0.016006626188755035 -0.0007718345732428133
v -0.0009786358568817377 -0.016006985679268837 -0.00023243113537319005
v -0.0009801234118640423 -0.016007380560040474 0.0003195575554855168
v -0.0011002392275258899 -0.016007790341973305 0.0008583211456425488
v -0.0013333639362826943 -0.016008200123906136 0.0013586677378043532
v -0.001668598037213087 -0.016008585691452026 0.0017972014611586928
v -0.0020902655087411404 -0.016008932143449783 0.002153417095541954
v -0.002578651299700141 -0.016009222716093063 0.0024106584023684263
v -0.0031109184492379427 -0.016009442508220673 0.0025568970013409853
v -0.003662178758531809 -0.016009582206606865 0.0025852953549474478
v -0.0042066555470228195 -0.016009636223316193 0.0024945249315351248
v -0.00471889041364193 -0.016009600833058357 0.0022888302337378263
v -0.005174929276108742 -0.016009477898478508 0.0019778297282755375
v -0.005553451832383871 -0.016009273007512093 0.0015760649694129825
v -0.0058367568999528885 -0.016008997336030006 0.0011023222468793392
v -0.006011596880853176 -0.016008660197257996 0.0005787532427348197
v -0.006616025697439909 -0.016007911413908005 -0.0006541666807606816
v -0.006395053584128618 -0.016007399186491966 -0.001304189907386899
v -0.006039513740688562 -0.01600690186023712 -0.0018915135879069567
v -0.005566027946770191 -0.01600644364953041 -0.002388675231486559
v -0.004996736533939838 -0.016006045043468475 -0.002772427862510085
v -0.004358259961009026 -0.016005726531147957 -0.003024827688932419
v -0.0036804508417844772 -0.0160055011510849 -0.0031340729910880327
v -0.0029950044117867947 -0.0160053800791502 -0.0030950556974858046
v -0.002333972603082657 -0.016005368903279305 -0.0029096000362187624
v -0.0017282601911574602 -0.016005467623472214 -0.0025863773189485073
v -0.0012061931192874908 -0.01600567251443863 -0.002140501281246543
v -0.0007921830401755869 -0.016005974262952805 -0.0015928210923448205
v -0.0005055872024968266 -0.016006356105208397 -0.0009689451544545591
v -0.0003598053881432861 -0.01600680500268936 -0.00029804545920342207
v -0.00036165639176033437 -0.01600729487836361 0.00038850761484354734
v -0.0005110533093102276 -0.016007807105779648 0.0010586115531623363
v -0.0008010090095922351 -0.01600831374526024 0.0016809330554679036
v -0.0012179662007838488 -0.01600879430770874 0.0022263729479163885
v -0.001742429449222982 -0.016009224578738213 0.0026694275438785553
v -0.002349875634536147 -0.016009585931897163 0.002989379456266761
v -0.003011898370459676 -0.0160098597407341 0.0031712683849036694
v -0.0036975445691496134 -0.016010034829378128 0.0032065894920378923
v -0.00437475461512804 -0.01601010002195835 0.0030936908442527056
v -0.005011862609535456 -0.01601005718111992 0.002837852109223604
v -0.005579075776040554 -0.016009904444217682 0.0024510351940989494
v -0.00604987284168601 -0.016009649261832237 0.0019513277802616358
v -0.006402242463082075 -0.01600930467247963 0.0013620955869555473
v -0.006619705352932215 -0.016008887439966202 0.0007108903955668211
v -0.006692095659673214 -0.016008416190743446 2.816171218000818e-05
v -0.0066911159083247185 -0.0205084141343832 2.4947481506387703e-05
v -0.006615047343075275 -0.02050791122019291 -0.0006573808495886624
v -0.006394075229763985 -0.02050739713013172 -0.0013074041344225407
v -0.006038533989340067 -0.020506901666522026 -0.0018947278149425983
v -0.005565048195421696 -0.020506441593170166 -0.002391889225691557
v -0.004995758179575205 -0.02050604484975338 -0.0027756420895457268
v -0.004357279743999243 -0.02050572633743286 -0.003028042148798704
v -0.0036794710904359818 -0.020505499094724655 -0.003137287450954318
v -0.002994026057422161 -0.020505379885435104 -0.0030982699245214462
v -0.0023329921532422304 -0.02050536870956421 -0.0029128140304237604
v -0.0017272821860387921 -0.02050546556711197 -0.002589591545984149
v -0.0012052147649228573 -0.020505672320723534 -0.0021437157411128283
v -0.0007912031724117696 -0.02050597220659256 -0.0015960353193804622
v -0.000504608207847923 -0.020506354048848152 -0.0009721593814902008
v -0.00035882642259821296 -0.020506802946329117 -0.00030125968623906374
v -0.00036067652399651706 -0.020507292822003365 0.0003852933878079057
v -0.0005100734415464103 -0.020507805049419403 0.0010553974425420165
v -0.0008000291418284178 -0.020508311688899994 0.0016777189448475838
v -0.0012169863330200315 -0.020508792251348495 0.0022231589537113905
v -0.0017414492322131991 -0.020509224385023117 0.0026662133168429136
v -0.0023488958831876516 -0.02050958387553692 0.002986165229231119
v -0.003010918153449893 -0.020509857684373856 0.0031680541578680277
v -0.0036965643521398306 -0.020510032773017883 0.003203375032171607
v -0.0043737743981182575 -0.020510099828243256 0.003090476617217064
v -0.00501088285818696 -0.020510055124759674 0.002834637649357319
v -0.005578095559030771 -0.020509902387857437 0.0024478209670633078
v -0.006048892624676228 -0.02050964906811714 0.0019481134368106723
v -0.006401262246072292 -0.020509304478764534 0.0013588813599199057
v -0.006618726998567581 -0.020508885383605957 0.0007076761103235185
v -0.003289765678346157 -0.006053583230823278 -0.020755629986524582
v -0.0035931484308093786 -0.006507841870188713 -0.02075677365064621
v -0.004047272261232138 -0.006811420898884535 -0.020758215337991714
v -0.004583003465086222 -0.0069181048311293125 -0.020759735256433487
v -0.005413000471889973 -0.006918283645063639 -0.020761972293257713
v -0.005948779173195362 -0.006811831146478653 -0.020763341337442398
v -0.006403036415576935 -0.0065084476955235004 -0.020764349028468132
v -0.0067066168412566185 -0.006054319906979799 -0.020764842629432678
v -0.006813299376517534 -0.005518585909157991 -0.020764745771884918
v -0.006815704051405191 0.0055314102210104465 -0.020756853744387627
v -0.0067092543467879295 0.006067190319299698 -0.020756183192133904
v -0.006405871361494064 0.006521448027342558 -0.020755041390657425
v -0.005951746832579374 0.006825028453022242 -0.02075360156595707
v -0.005416015163064003 0.006931711919605732 -0.020752079784870148
v -0.005151701159775257 0.0069317687302827835 -0.02075136825442314
v -0.0045152511447668076 0.006668302230536938 -0.020749840885400772
v -0.004807273391634226 0.006863335147500038 -0.020750489085912704
f 1 2 3
f 4 5 3
f 5 6 3
f 3 6 1
f 7 8 3
f 8 9 3
f 3 9 4
f 10 11 3
f 11 12 3
f 3 12 7
f 13 14 3
f 14 15 3
f 3 15 10
f 2 16 3
f 16 17 3
f 3 17 13
f 1 18 2
f 18 19 2
f 2 19 16
f 19 20 16
f 16 20 17
f 20 21 17
f 17 21 13
f 21 22 13
f 13 22 14
f 22 23 14
f 14 23 15
f 23 24 15
f 15 24 10
f 24 25 10
f 10 25 11
f 25 26 11
f 11 26 12
f 26 27 12
f 12 27 7
f 27 28 7
f 7 28 8
f 28 29 8
f 8 29 9
f 29 30 9
f 9 30 4
f 30 31 4
f 4 31 5
f 31 32 5
f 5 32 6
f 32 33 6
f 6 33 1
f 33 18 1
f 34 35 36
f 37 38 36
f 38 39 36
f 36 39 34
f 40 41 36
f 41 42 36
f 36 42 37
f 43 44 36
f 44 45 36
f 36 45 40
f 46 47 36
f 47 48 36
f 36 48 43
f 35 49 36
f 49 50 36
f 36 50 46
f 34 51 35
f 51 52 35
f 35 52 49
f 52 53 49
f 49 53 50
f 53 54 50
f 50 54 46
f 54 55 46
f 46 55 47
f 55 56 47
f 47 56 48
f 56 57 48
f 48 57 43
f 57 58 43
f 43 58 44
f 58 59 44
f 44 59 45
f 59 60 45
f 45 60 40
f 60 61 40
f 40 61 41
f 61 62 41
f 41 62 42
f 62 63 42
f 42 63 37
f 63 64 37
f 37 64 38
f 64 65 38
f 38 65 39
f 65 66 39
f 39 66 34
f 66 51 34
f 67 68 69
f 68 70 69
f 69 70 71
f 70 72 71
f 71 72 73
f 72 74 73
f 74 75 73
f 73 75 76
f 75 77 76
f 76 77 78
f 77 79 78
f 78 79 80
f 81 82 83
f 82 84 83
f 83 84 85
f 84 86 85
f 85 86 87
f 86 80 87
f 87 80 88
f 80 79 88
f 68 67 89
f 67 90 89
f 82 81 91
f 81 92 91
f 93 94 95
f 94 96 95
f 95 96 97
f 96 98 97
f 97 98 99
f 98 100 99
f 100 101 99
f 99 101 102
f 101 103 102
f 102 103 104
f 103 105 104
f 104 105 106
f 89 90 107
f 90 108 107
f 107 108 109
f 108 110 109
f 109 110 111
f 110 106 111
f 111 106 112
f 106 105 112
f 91 92 113
f 92 114 113
f 113 114 115
f 114 116 115
f 115 116 117
f 116 118 117
f 118 119 117
f 117 119 120
f 119 121 120
f 120 121 122
f 121 123 122
f 122 123 124
f 125 126 127
f 126 128 127
f 127 128 129
f 128 130 129
f 129 130 131
f 130 124 131
f 131 124 132
f 124 123 132
f 94 93 133
f 93 134 133
f 126 125 135
f 125 136 135
f 135 136 137
f 136 138 137
f 137 138 139
f 138 140 139
f 139 140 141
f 140 142 141
f 142 143 141
f 141 143 144
f 143 145 144
f 144 145 146
f 145 147 146
f 146 147 148
f 133 134 149
f 134 150 149
f 149 150 151
f 150 152 151
f 151 152 153
f 152 148 153
f 153 148 154
f 148 147 154
f 94 133 136
f 92 81 68
f 114 92 129
f 133 149 136
f 149 151 136
f 136 151 138
f 81 83 68
f 83 85 68
f 68 85 70
f 96 94 109
f 94 107 109
f 107 94 89
f 94 136 89
f 89 136 68
f 136 125 68
f 68 125 92
f 125 127 92
f 92 127 129
f 138 151 140
f 151 153 140
f 140 153 154
f 70 85 72
f 85 87 72
f 72 87 88
f 96 109 98
f 109 111 98
f 98 111 112
f 154 147 140
f 147 145 140
f 140 145 142
f 145 143 142
f 114 129 116
f 129 131 116
f 116 131 132
f 88 79 72
f 79 77 72
f 72 77 74
f 77 75 74
f 112 105 98
f 105 103 98
f 98 103 100
f 103 101 100
f 132 123 116
f 123 121 116
f 116 121 118
f 121 119 118
f 91 155 82
f 155 156 82
f 157 67 69
f 157 69 158
f 69 71 158
f 158 71 159
f 71 73 159
f 159 73 160
f 73 76 160
f 160 76 161
f 76 78 161
f 161 78 162
f 78 80 162
f 162 80 163
f 80 86 163
f 163 86 164
f 86 84 164
f 164 84 165
f 84 82 165
f 165 82 156
f 67 157 90
f 157 166 90
f 167 93 95
f 167 95 168
f 95 97 168
f 168 97 169
f 97 99 169
f 169 99 170
f 99 102 170
f 170 102 171
f 102 104 171
f 171 104 172
f 104 106 172
f 172 106 173
f 106 110 173
f 173 110 174
f 110 108 174
f 174 108 175
f 108 90 175
f 175 90 166
f 93 167 134
f 167 176 134
f 177 135 137
f 177 137 178
f 137 139 178
f 178 139 179
f 139 141 179
f 179 141 180
f 141 144 180
f 180 144 181
f 144 146 181
f 181 146 182
f 146 148 182
f 182 148 183
f 148 152 183
f 183 152 184
f 152 150 184
f 184 150 185
f 150 134 185
f 185 134 176
f 135 177 126
f 177 186 126
f 155 91 113
f 155 113 187
f 113 115 187
f 187 115 188
f 115 117 188
f 188 117 189
f 117 120 189
f 189 120 190
f 120 122 190
f 190 122 191
f 122 124 191
f 191 124 192
f 124 130 192
f 192 130 193
f 130 128 193
f 193 128 194
f 128 126 194
f 194 126 186
f 195 196 197
f 196 198 197
f 199 200 201
f 200 202 201
f 201 202 203
f 203 202 204
f 202 205 204
f 204 205 206
f 206 207 204
f 207 208 204
f 204 208 197
f 208 209 197
f 197 209 195
f 210 211 212
f 211 197 212
f 212 197 213
f 197 198 213
f 205 202 214
f 202 215 214
f 205 214 206
f 214 216 206
f 207 206 217
f 206 216 217
f 217 218 207
f 218 208 207
f 209 208 219
f 208 218 219
f 209 219 220
f 209 220 195
f 220 221 195
f 195 221 196
f 198 196 222
f 196 221 222
f 198 222 213
f 222 223 213
f 212 213 224
f 213 223 224
f 212 224 210
f 224 225 210
f 211 210 226
f 210 225 226
f 211 226 197
f 226 227 197
f 204 197 228
f 197 227 228
f 204 228 203
f 228 229 203
f 201 203 230
f 203 229 230
f 201 230 199
f 230 231 199
f 200 199 232
f 199 231 232
f 200 232 202
f 232 215 202
f 229 228 233
f 234 227 235
f 227 226 235
f 235 226 236
f 226 237 236
f 216 214 222
f 234 238 227
f 238 239 227
f 227 239 228
f 239 240 228
f 228 240 233
f 222 221 220
f 237 226 241
f 226 225 241
f 241 225 242
f 242 225 243
f 225 224 243
f 243 224 244
f 244 224 245
f 224 223 245
f 245 223 246
f 217 216 218
f 216 222 218
f 218 222 219
f 222 220 219
f 223 222 246
f 222 214 246
f 246 214 247
f 214 215 247
f 247 215 248
f 215 232 248
f 248 232 249
f 232 231 249
f 249 231 250
f 231 230 250
f 233 251 229
f 251 252 229
f 229 252 230
f 252 253 230
f 230 253 250
f 254 255 256
f 257 258 259
f 260 261 262
f 261 263 262
f 263 264 262
f 262 264 265
f 264 266 265
f 265 266 267
f 266 268 267
f 267 268 269
f 268 270 269
f 269 270 271
f 270 272 271
f 271 272 273
f 272 274 273
f 273 274 275
f 274 276 275
f 275 276 277
f 276 278 277
f 279 260 280
f 260 262 280
f 280 262 281
f 262 265 281
f 281 265 282
f 265 267 282
f 282 267 283
f 267 269 283
f 283 269 284
f 269 271 284
f 284 271 285
f 271 273 285
f 285 273 286
f 273 275 286
f 286 275 287
f 275 277 287
f 288 279 289
f 279 280 289
f 289 280 290
f 280 281 290
f 290 281 291
f 281 282 291
f 291 282 292
f 282 283 292
f 292 283 293
f 283 284 293
f 293 284 294
f 284 285 294
f 294 285 295
f 285 286 295
f 295 286 296
f 286 287 296
f 297 288 298
f 288 289 298
f 298 289 299
f 289 290 299
f 299 290 300
f 290 291 300
f 300 291 301
f 291 292 301
f 301 292 302
f 292 293 302
f 302 293 303
f 293 294 303
f 303 294 304
f 294 295 304
f 304 295 305
f 295 296 305
f 306 297 307
f 297 298 307
f 307 298 308
f 298 299 308
f 308 299 309
f 299 300 309
f 309 300 310
f 300 301 310
f 310 301 311
f 301 302 311
f 311 302 312
f 302 303 312
f 312 303 313
f 303 304 313
f 313 304 314
f 304 305 314
f 314 315 313
f 315 316 313
f 313 316 312
f 316 317 312
f 312 317 311
f 317 318 311
f 311 318 310
f 318 319 310
f 310 319 309
f 319 320 309
f 309 320 308
f 320 321 308
f 308 321 307
f 321 259 307
f 259 258 307
f 258 322 307
f 307 322 306
f 255 257 256
f 257 259 256
f 256 259 323
f 259 321 323
f 323 321 324
f 321 320 324
f 324 320 325
f 320 319 325
f 325 319 326
f 319 318 326
f 326 318 327
f 318 317 327
f 327 317 328
f 317 316 328
f 328 316 329
f 316 315 329
f 330 254 331
f 254 256 331
f 331 256 332
f 256 323 332
f 332 323 333
f 323 324 333
f 333 324 334
f 324 325 334
f 334 325 335
f 325 326 335
f 335 326 336
f 326 327 336
f 336 327 337
f 327 328 337
f 337 328 338
f 328 329 338
f 339 330 340
f 330 331 340
f 340 331 341
f 331 332 341
f 341 332 342
f 332 333 342
f 342 333 343
f 333 334 343
f 343 334 344
f 334 335 344
f 344 335 345
f 335 336 345
f 345 336 346
f 336 337 346
f 346 337 347
f 337 338 347
f 348 339 349
f 339 340 349
f 349 340 350
f 340 341 350
f 350 341 351
f 341 342 351
f 351 342 352
f 342 343 352
f 352 343 353
f 343 344 353
f 353 344 354
f 344 345 354
f 354 345 355
f 345 346 355
f 355 346 356
f 346 347 356
f 263 357 358
f 263 358 264
f 358 359 264
f 264 359 266
f 359 360 266
f 266 360 268
f 360 361 268
f 268 361 270
f 361 362 270
f 270 362 272
f 362 363 272
f 272 363 274
f 363 364 274
f 274 364 276
f 364 365 276
f 276 365 278
f 366 348 349
f 366 349 367
f 349 350 367
f 367 350 368
f 350 351 368
f 368 351 369
f 351 352 369
f 369 352 370
f 352 353 370
f 370 353 371
f 353 354 371
f 371 354 372
f 354 355 372
f 372 355 373
f 355 356 373
f 373 356 374
f 375 376 377
f 378 379 380
f 381 382 383
f 382 384 383
f 384 385 383
f 383 385 386
f 385 387 386
f 386 387 388
f 387 389 388
f 388 389 390
f 389 391 390
f 390 391 392
f 391 393 392
f 392 393 394
f 393 395 394
f 394 395 396
f 395 397 396
f 396 397 398
f 397 399 398
f 400 381 401
f 381 383 401
f 401 383 402
f 383 386 402
f 402 386 403
f 386 388 403
f 403 388 404
f 388 390 404
f 404 390 405
f 390 392 405
f 405 392 406
f 392 394 406
f 406 394 407
f 394 396 407
f 407 396 408
f 396 398 408
f 409 400 410
f 400 401 410
f 410 401 411
f 401 402 411
f 411 402 412
f 402 403 412
f 412 403 413
f 403 404 413
f 413 404 414
f 404 405 414
f 414 405 415
f 405 406 415
f 415 406 416
f 406 407 416
f 416 407 417
f 407 408 417
f 418 409 419
f 409 410 419
f 419 410 420
f 410 411 420
f 420 411 421
f 411 412 421
f 421 412 422
f 412 413 422
f 422 413 423
f 413 414 423
f 423 414 424
f 414 415 424
f 424 415 425
f 415 416 425
f 425 416 426
f 416 417 426
f 427 418 428
f 418 419 428
f 428 419 429
f 419 420 429
f 429 420 430
f 420 421 430
f 430 421 431
f 421 422 431
f 431 422 432
f 422 423 432
f 432 423 433
f 423 424 433
f 433 424 434
f 424 425 434
f 434 425 435
f 425 426 435
f 435 436 434
f 436 437 434
f 434 437 433
f 437 438 433
f 433 438 432
f 438 439 432
f 432 439 431
f 439 440 431
f 431 440 430
f 440 441 430
f 430 441 429
f 441 442 429
f 429 442 428
f 442 380 428
f 380 379 428
f 379 443 428
f 428 443 427
f 376 378 377
f 378 380 377
f 377 380 444
f 380 442 444
f 444 442 445
f 442 441 445
f 445 441 446
f 441 440 446
f 446 440 447
f 440 439 447
f 447 439 448
f 439 438 448
f 448 438 449
f 438 437 449
f 449 437 450
f 437 436 450
f 451 375 452
f 375 377 452
f 452 377 453
f 377 444 453
f 453 444 454
f 444 445 454
f 454 445 455
f 445 446 455
f 455 446 456
f 446 447 456
f 456 447 457
f 447 448 457
f 457 448 458
f 448 449 458
f 458 449 459
f 449 450 459
f 460 451 461
f 451 452 461
f 461 452 462
f 452 453 462
f 462 453 463
f 453 454 463
f 463 454 464
f 454 455 464
f 464 455 465
f 455 456 465
f 465 456 466
f 456 457 466
f 466 457 467
f 457 458 467
f 467 458 468
f 458 459 468
f 357 460 358
f 460 461 358
f 358 461 359
f 461 462 359
f 359 462 360
f 462 463 360
f 360 463 361
f 463 464 361
f 361 464 362
f 464 465 362
f 362 465 363
f 465 466 363
f 363 466 364
f 466 467 364
f 364 467 365
f 467 468 365
f 469 470 471
f 472 473 474
f 475 476 477
f 476 366 477
f 366 367 477
f 477 367 478
f 367 368 478
f 478 368 479
f 368 369 479
f 479 369 480
f 369 370 480
f 480 370 481
f 370 371 481
f 481 371 482
f 371 372 482
f 482 372 483
f 372 373 483
f 483 373 484
f 373 374 484
f 485 475 486
f 475 477 486
f 486 477 487
f 477 478 487
f 487 478 488
f 478 479 488
f 488 479 489
f 479 480 489
f 489 480 490
f 480 481 490
f 490 481 491
f 481 482 491
f 491 482 492
f 482 483 492
f 492 483 493
f 483 484 493
f 494 485 495
f 485 486 495
f 495 486 496
f 486 487 496
f 496 487 497
f 487 488 497
f 497 488 498
f 488 489 498
f 498 489 499
f 489 490 499
f 499 490 500
f 490 491 500
f 500 491 501
f 491 492 501
f 501 492 502
f 492 493 502
f 503 494 504
f 494 495 504
f 504 495 505
f 495 496 505
f 505 496 506
f 496 497 506
f 506 497 507
f 497 498 507
f 507 498 508
f 498 499 508
f 508 499 509
f 499 500 509
f 509 500 510
f 500 501 510
f 510 501 511
f 501 502 511
f 512 503 513
f 503 504 513
f 513 504 514
f 504 505 514
f 514 505 515
f 505 506 515
f 515 506 516
f 506 507 516
f 516 507 517
f 507 508 517
f 517 508 518
f 508 509 518
f 518 509 519
f 509 510 519
f 519 510 520
f 510 511 520
f 520 521 519
f 521 522 519
f 519 522 518
f 522 523 518
f 518 523 517
f 523 524 517
f 517 524 516
f 524 525 516
f 516 525 515
f 525 526 515
f 515 526 514
f 526 527 514
f 514 527 513
f 527 474 513
f 474 473 513
f 473 528 513
f 513 528 512
f 470 472 471
f 472 474 471
f 471 474 529
f 474 527 529
f 529 527 530
f 527 526 530
f 530 526 531
f 526 525 531
f 531 525 532
f 525 524 532
f 532 524 533
f 524 523 533
f 533 523 534
f 523 522 534
f 534 522 535
f 522 521 535
f 536 469 537
f 469 471 537
f 537 471 538
f 471 529 538
f 538 529 539
f 529 530 539
f 539 530 540
f 530 531 540
f 540 531 541
f 531 532 541
f 541 532 542
f 532 533 542
f 542 533 543
f 533 534 543
f 543 534 544
f 534 535 544
f 545 536 546
f 536 537 546
f 546 537 547
f 537 538 547
f 547 538 548
f 538 539 548
f 548 539 549
f 539 540 549
f 549 540 550
f 540 541 550
f 550 541 551
f 541 542 551
f 551 542 552
f 542 543 552
f 552 543 553
f 543 544 553
f 554 545 555
f 545 546 555
f 555 546 556
f 546 547 556
f 556 547 557
f 547 548 557
f 557 548 558
f 548 549 558
f 558 549 559
f 549 550 559
f 559 550 560
f 550 551 560
f 560 551 561
f 551 552 561
f 561 552 562
f 552 553 562
f 384 563 564
f 384 564 385
f 564 565 385
f 385 565 387
f 565 566 387
f 387 566 389
f 566 567 389
f 389 567 391
f 567 568 391
f 391 568 393
f 568 569 393
f 393 569 395
f 569 570 395
f 395 570 397
f 570 571 397
f 397 571 399
f 572 554 555
f 572 555 573
f 555 556 573
f 573 556 574
f 556 557 574
f 574 557 575
f 557 558 575
f 575 558 576
f 558 559 576
f 576 559 577
f 559 560 577
f 577 560 578
f 560 561 578
f 578 561 579
f 561 562 579
f 579 562 580
f 581 582 583
f 584 585 586
f 587 588 589
f 588 572 589
f 572 573 589
f 589 573 590
f 573 574 590
f 590 574 591
f 574 575 591
f 591 575 592
f 575 576 592
f 592 576 593
f 576 577 593
f 593 577 594
f 577 578 594
f 594 578 595
f 578 579 595
f 595 579 596
f 579 580 596
f 597 587 598
f 587 589 598
f 598 589 599
f 589 590 599
f 599 590 600
f 590 591 600
f 600 591 601
f 591 592 601
f 601 592 602
f 592 593 602
f 602 593 603
f 593 594 603
f 603 594 604
f 594 595 604
f 604 595 605
f 595 596 605
f 606 597 607
f 597 598 607
f 607 598 608
f 598 599 608
f 608 599 609
f 599 600 609
f 609 600 610
f 600 601 610
f 610 601 611
f 601 602 611
f 611 602 612
f 602 603 612
f 612 603 613
f 603 604 613
f 613 604 614
f 604 605 614
f 615 606 616
f 606 607 616
f 616 607 617
f 607 608 617
f 617 608 618
f 608 609 618
f 618 609 619
f 609 610 619
f 619 610 620
f 610 611 620
f 620 611 621
f 611 612 621
f 621 612 622
f 612 613 622
f 622 613 623
f 613 614 623
f 624 615 625
f 615 616 625
f 625 616 626
f 616 617 626
f 626 617 627
f 617 618 627
f 627 618 628
f 618 619 628
f 628 619 629
f 619 620 629
f 629 620 630
f 620 621 630
f 630 621 631
f 621 622 631
f 631 622 632
f 622 623 632
f 632 633 631
f 633 634 631
f 631 634 630
f 634 635 630
f 630 635 629
f 635 636 629
f 629 636 628
f 636 637 628
f 628 637 627
f 637 638 627
f 627 638 626
f 638 639 626
f 626 639 625
f 639 586 625
f 586 585 625
f 585 640 625
f 625 640 624
f 582 584 583
f 584 586 583
f 583 586 641
f 586 639 641
f 641 639 642
f 639 638 642
f 642 638 643
f 638 637 643
f 643 637 644
f 637 636 644
f 644 636 645
f 636 635 645
f 645 635 646
f 635 634 646
f 646 634 647
f 634 633 647
f 648 581 649
f 581 583 649
f 649 583 650
f 583 641 650
f 650 641 651
f 641 642 651
f 651 642 652
f 642 643 652
f 652 643 653
f 643 644 653
f 653 644 654
f 644 645 654
f 654 645 655
f 645 646 655
f 655 646 656
f 646 647 656
f 657 648 658
f 648 649 658
f 658 649 659
f 649 650 659
f 659 650 660
f 650 651 660
f 660 651 661
f 651 652 661
f 661 652 662
f 652 653 662
f 662 653 663
f 653 654 663
f 663 654 664
f 654 655 664
f 664 655 665
f 655 656 665
f 563 657 564
f 657 658 564
f 564 658 565
f 658 659 565
f 565 659 566
f 659 660 566
f 566 660 567
f 660 661 567
f 567 661 568
f 661 662 568
f 568 662 569
f 662 663 569
f 569 663 570
f 663 664 570
f 570 664 571
f 664 665 571
f 666 667 668
f 667 669 668
f 668 669 670
f 671 672 668
f 672 673 668
f 668 673 666
f 674 675 668
f 675 676 668
f 668 676 671
f 670 677 668
f 677 678 668
f 668 678 674
f 679 680 681
f 680 682 681
f 681 682 683
f 684 685 681
f 685 686 681
f 681 686 679
f 687 688 681
f 688 689 681
f 681 689 684
f 683 690 681
f 690 691 681
f 681 691 687
f 366 692 348
f 692 693 348
f 339 348 694
f 348 693 694
f 339 694 330
f 694 695 330
f 330 695 254
f 254 695 255
f 695 696 255
f 255 696 257
f 257 696 258
f 696 697 258
f 258 697 322
f 322 697 306
f 697 698 306
f 306 698 297
f 698 699 297
f 297 699 288
f 288 699 279
f 699 700 279
f 279 700 260
f 700 701 260
f 260 701 261
f 701 702 261
f 261 702 263
f 703 704 357
f 705 706 707
f 708 709 263
f 710 357 711
f 357 263 711
f 711 263 712
f 713 703 714
f 703 357 714
f 714 357 715
f 357 710 715
f 716 717 702
f 717 718 702
f 702 718 719
f 720 721 702
f 709 722 263
f 722 723 263
f 263 723 724
f 725 726 705
f 726 727 705
f 707 728 705
f 728 729 705
f 705 729 702
f 729 730 702
f 702 730 716
f 719 731 732
f 721 733 702
f 733 734 702
f 702 734 263
f 734 735 263
f 263 735 708
f 727 736 705
f 736 737 705
f 705 737 706
f 737 738 706
f 738 739 706
f 706 739 740
f 739 741 740
f 740 741 742
f 741 743 742
f 742 743 714
f 743 744 714
f 714 744 713
f 745 746 724
f 746 747 724
f 724 747 263
f 747 748 263
f 263 748 712
f 719 732 702
f 732 749 702
f 702 749 720
f 704 750 357
f 750 751 357
f 357 751 752
f 752 753 357
f 753 754 357
f 357 754 705
f 754 755 705
f 705 755 725
f 745 756 746
f 756 757 746
f 746 757 758
f 757 759 758
f 758 759 760
f 759 761 760
f 760 761 719
f 761 762 719
f 719 762 731
f 460 357 763
f 357 705 763
f 460 763 451
f 763 764 451
f 451 764 375
f 375 764 376
f 764 765 376
f 376 765 378
f 378 765 379
f 765 766 379
f 379 766 443
f 443 766 427
f 766 767 427
f 427 767 418
f 767 768 418
f 418 768 409
f 409 768 400
f 768 769 400
f 400 769 381
f 769 770 381
f 381 770 382
f 770 771 382
f 382 771 384
f 772 773 774
f 775 776 384
f 776 777 384
f 384 777 563
f 777 778 563
f 563 778 779
f 779 780 563
f 780 781 563
f 563 781 782
f 384 783 784
f 773 785 774
f 785 786 774
f 774 786 787
f 784 788 384
f 788 789 384
f 384 789 775
f 782 790 563
f 790 791 563
f 563 791 774
f 791 792 774
f 774 792 772
f 793 794 771
f 794 795 771
f 787 796 774
f 796 797 774
f 774 797 771
f 797 798 771
f 771 798 793
f 795 799 771
f 799 800 771
f 771 800 384
f 800 801 384
f 384 801 783
f 657 563 802
f 563 774 802
f 657 802 648
f 802 803 648
f 648 803 581
f 581 803 582
f 803 804 582
f 582 804 584
f 584 804 585
f 804 805 585
f 585 805 640
f 640 805 624
f 805 806 624
f 624 806 615
f 806 807 615
f 615 807 606
f 606 807 597
f 807 808 597
f 597 808 587
f 808 809 587
f 587 809 588
f 809 810 588
f 588 810 572
f 811 810 812
f 810 813 812
f 812 813 814
f 815 572 816
f 572 810 816
f 816 810 817
f 810 811 817
f 818 554 819
f 554 572 819
f 819 572 820
f 572 815 820
f 818 821 554
f 821 822 554
f 554 822 813
f 822 823 813
f 813 823 814
f 545 554 824
f 554 813 824
f 545 824 536
f 824 825 536
f 536 825 469
f 469 825 470
f 825 826 470
f 470 826 472
f 472 826 473
f 826 827 473
f 473 827 528
f 528 827 512
f 827 828 512
f 512 828 503
f 828 829 503
f 503 829 494
f 494 829 485
f 829 830 485
f 485 830 475
f 830 831 475
f 475 831 476
f 831 692 476
f 476 692 366
f 832 693 833
f 693 692 833
f 833 692 834
f 692 831 834
f 834 831 835
f 831 830 835
f 835 830 836
f 830 829 836
f 836 829 837
f 829 828 837
f 837 828 838
f 828 827 838
f 838 827 839
f 827 826 839
f 839 826 840
f 826 825 840
f 840 825 841
f 825 824 841
f 841 824 842
f 824 813 842
f 842 813 843
f 813 810 843
f 843 810 844
f 810 809 844
f 844 809 845
f 809 808 845
f 845 808 846
f 808 807 846
f 846 807 847
f 807 806 847
f 847 806 848
f 806 805 848
f 848 805 849
f 805 804 849
f 849 804 850
f 804 803 850
f 850 803 851
f 803 802 851
f 851 802 852
f 802 774 852
f 852 774 853
f 774 771 853
f 853 771 854
f 771 770 854
f 854 770 855
f 770 769 855
f 855 769 856
f 769 768 856
f 856 768 857
f 768 767 857
f 857 767 858
f 767 766 858
f 858 766 859
f 766 765 859
f 859 765 860
f 765 764 860
f 860 764 861
f 764 763 861
f 861 763 862
f 763 705 862
f 862 705 863
f 705 702 863
f 863 702 864
f 702 701 864
f 864 701 865
f 701 700 865
f 865 700 866
f 700 699 866
f 866 699 867
f 699 698 867
f 867 698 868
f 698 697 868
f 868 697 869
f 697 696 869
f 869 696 870
f 696 695 870
f 870 695 871
f 695 694 871
f 871 694 832
f 694 693 832
f 872 873 734
f 873 874 734
f 734 874 735
f 874 875 735
f 735 875 708
f 875 876 708
f 708 876 709
f 876 877 709
f 709 877 722
f 877 878 722
f 722 878 723
f 878 879 723
f 723 879 724
f 879 880 724
f 724 880 745
f 880 881 745
f 745 881 756
f 881 882 756
f 756 882 757
f 882 883 757
f 757 883 759
f 883 884 759
f 759 884 761
f 884 885 761
f 761 885 762
f 885 886 762
f 762 886 731
f 886 887 731
f 731 887 732
f 887 888 732
f 732 888 749
f 888 889 749
f 749 889 720
f 889 890 720
f 720 890 721
f 890 891 721
f 721 891 733
f 891 872 733
f 733 872 734
f 892 893 739
f 893 894 739
f 739 894 741
f 894 895 741
f 741 895 743
f 895 896 743
f 743 896 744
f 896 897 744
f 744 897 713
f 897 898 713
f 713 898 703
f 898 899 703
f 703 899 704
f 899 900 704
f 704 900 750
f 900 901 750
f 750 901 751
f 901 902 751
f 751 902 752
f 902 903 752
f 752 903 753
f 903 904 753
f 753 904 754
f 904 905 754
f 754 905 755
f 905 906 755
f 755 906 725
f 906 907 725
f 725 907 726
f 907 908 726
f 726 908 727
f 908 909 727
f 727 909 736
f 909 910 736
f 736 910 737
f 910 911 737
f 737 911 738
f 911 892 738
f 738 892 739
f 730 729 912
f 729 913 912
f 914 717 915
f 717 716 915
f 915 716 912
f 716 730 912
f 916 917 918
f 917 919 918
f 920 921 922
f 923 917 924
f 917 916 924
f 923 924 925
f 924 926 925
f 925 926 927
f 926 928 927
f 927 928 929
f 928 930 929
f 929 930 931
f 930 932 931
f 931 932 933
f 932 934 933
f 933 934 935
f 934 936 935
f 935 936 937
f 936 938 937
f 937 938 939
f 938 940 939
f 939 940 941
f 940 942 941
f 941 942 943
f 942 944 943
f 943 944 945
f 944 946 945
f 945 946 947
f 946 948 947
f 947 948 949
f 948 950 949
f 949 950 951
f 950 952 951
f 951 952 953
f 952 954 953
f 953 954 955
f 954 956 955
f 955 956 957
f 956 958 957
f 957 958 959
f 958 960 959
f 959 960 922
f 960 961 922
f 922 961 920
f 962 963 920
f 963 921 920
f 964 965 966
f 967 963 968
f 963 962 968
f 967 968 969
f 968 970 969
f 969 970 971
f 970 972 971
f 971 972 973
f 972 974 973
f 973 974 975
f 974 976 975
f 975 976 977
f 976 978 977
f 977 978 979
f 978 980 979
f 979 980 981
f 980 982 981
f 981 982 983
f 982 984 983
f 983 984 985
f 984 986 985
f 985 986 987
f 986 988 987
f 987 988 989
f 988 990 989
f 989 990 991
f 990 992 991
f 991 992 993
f 992 994 993
f 993 994 995
f 994 996 995
f 995 996 997
f 996 998 997
f 997 998 999
f 998 1000 999
f 999 1000 1001
f 1000 1002 1001
f 1001 1002 1003
f 1002 1004 1003
f 1003 1004 966
f 1004 1005 966
f 966 1005 964
f 1006 1007 964
f 1007 965 964
f 1008 1009 1010
f 1011 1007 1012
f 1007 1006 1012
f 1011 1012 1013
f 1012 1014 1013
f 1013 1014 1015
f 1014 1016 1015
f 1015 1016 1017
f 1016 1018 1017
f 1017 1018 1019
f 1018 1020 1019
f 1019 1020 1021
f 1020 1022 1021
f 1021 1022 1023
f 1022 1024 1023
f 1023 1024 1025
f 1024 1026 1025
f 1025 1026 1027
f 1026 1028 1027
f 1027 1028 1029
f 1028 1030 1029
f 1029 1030 1031
f 1030 1032 1031
f 1031 1032 1033
f 1032 1034 1033
f 1033 1034 1035
f 1034 1036 1035
f 1035 1036 1037
f 1036 1038 1037
f 1037 1038 1039
f 1038 1040 1039
f 1039 1040 1041
f 1040 1042 1041
f 1041 1042 1043
f 1042 1044 1043
f 1043 1044 1045
f 1044 1046 1045
f 1045 1046 1047
f 1046 1048 1047
f 1047 1048 1010
f 1048 1049 1010
f 1010 1049 1008
f 1050 1051 1008
f 1051 1009 1008
f 918 919 1052
f 1053 1051 1054
f 1051 1050 1054
f 1053 1054 1055
f 1054 1056 1055
f 1055 1056 1057
f 1056 1058 1057
f 1057 1058 1059
f 1058 1060 1059
f 1059 1060 1061
f 1060 1062 1061
f 1061 1062 1063
f 1062 1064 1063
f 1063 1064 1065
f 1064 1066 1065
f 1065 1066 1067
f 1066 1068 1067
f 1067 1068 1069
f 1068 1070 1069
f 1069 1070 1071
f 1070 1072 1071
f 1071 1072 1073
f 1072 1074 1073
f 1073 1074 1075
f 1074 1076 1075
f 1075 1076 1077
f 1076 1078 1077
f 1077 1078 1079
f 1078 1080 1079
f 1079 1080 1081
f 1080 1082 1081
f 1081 1082 1083
f 1082 1084 1083
f 1083 1084 1085
f 1084 1086 1085
f 1085 1086 1087
f 1086 1088 1087
f 1087 1088 1089
f 1088 1090 1089
f 1089 1090 1052
f 1090 1091 1052
f 1052 1091 918
f 1092 1093 1094
f 1093 1095 1094
f 1094 1095 1096
f 1095 1097 1096
f 1096 1097 1098
f 1097 1099 1098
f 1098 1099 1100
f 1099 1101 1100
f 1100 1101 1102
f 1101 1103 1102
f 1102 1103 1104
f 1103 1105 1104
f 1104 1105 1106
f 1105 1107 1106
f 1106 1107 1108
f 1107 1109 1108
f 1108 1109 1110
f 1109 1111 1110
f 1110 1111 1112
f 1111 1113 1112
f 1112 1113 1114
f 1113 1115 1114
f 1114 1115 1116
f 1115 1117 1116
f 1116 1117 1118
f 1117 1119 1118
f 1118 1119 1120
f 1119 1121 1120
f 1120 1121 1122
f 1121 1123 1122
f 1122 1123 1124
f 1123 1125 1124
f 1124 1125 1126
f 1125 1127 1126
f 1126 1127 1128
f 1127 1129 1128
f 1128 1129 1130
f 1129 1131 1130
f 1130 1131 1132
f 1131 1133 1132
f 1132 1133 1134
f 1133 1135 1134
f 1134 1135 1136
f 1135 1137 1136
f 1136 1137 1138
f 1137 1139 1138
f 1138 1139 1140
f 1139 1141 1140
f 1140 1141 1142
f 1141 1143 1142
f 1142 1143 1144
f 1143 1145 1144
f 1144 1145 1146
f 1145 1147 1146
f 1146 1147 1148
f 1147 1149 1148
f 1148 1149 1150
f 1149 1151 1150
f 1150 1151 1152
f 1151 1153 1152
f 1152 1153 1154
f 1153 1155 1154
f 1154 1155 1156
f 1155 1157 1156
f 1156 1157 1158
f 1157 1159 1158
f 1158 1159 1160
f 1159 1161 1160
f 1160 1161 1162
f 1161 1163 1162
f 1162 1163 1164
f 1163 1165 1164
f 1164 1165 1166
f 1165 1167 1166
f 1166 1167 1168
f 1167 1169 1168
f 1168 1169 1170
f 1169 1171 1170
f 1170 1171 1092
f 1171 1093 1092
f 1172 916 918
f 1173 1095 1093
f 1173 1093 1174
f 1175 1176 1093
f 1176 1177 1093
f 1177 1178 1093
f 1178 1179 1093
f 1093 1179 1174
f 1172 918 1180
f 1181 918 1182
f 918 1183 1182
f 1182 1183 1093
f 1183 1184 1093
f 1093 1184 1175
f 1181 1185 918
f 1185 1186 918
f 918 1186 1187
f 1187 1188 918
f 1188 1189 918
f 918 1189 1180
f 930 928 1190
f 924 916 1172
f 1191 1192 1193
f 1194 1195 1163
f 1196 942 940
f 1163 1161 1194
f 1161 1197 1194
f 1194 1197 1198
f 1197 1199 1198
f 1198 1199 1200
f 1199 1201 1200
f 1200 1201 1202
f 1195 1194 1203
f 1194 1198 1203
f 1203 1198 1204
f 1198 1200 1204
f 1204 1200 1205
f 1200 1202 1205
f 1205 1202 1206
f 1165 1163 1207
f 1163 1195 1207
f 1207 1195 1208
f 1195 1203 1208
f 1208 1203 1209
f 1203 1204 1209
f 1209 1204 1210
f 1204 1205 1210
f 1210 1205 1211
f 1205 1206 1211
f 1211 1206 1212
f 1167 1165 1213
f 1165 1207 1213
f 1213 1207 1214
f 1207 1208 1214
f 1214 1208 1215
f 1208 1209 1215
f 1215 1209 1216
f 1209 1210 1216
f 1216 1210 1217
f 1210 1211 1217
f 1217 1211 1218
f 1211 1212 1218
f 1218 1212 1219
f 1169 1167 1220
f 1167 1213 1220
f 1220 1213 1221
f 1213 1214 1221
f 1221 1214 1222
f 1214 1215 1222
f 1222 1215 1223
f 1215 1216 1223
f 1223 1216 1224
f 1216 1217 1224
f 1224 1217 1225
f 1217 1218 1225
f 1225 1218 1226
f 1218 1219 1226
f 1226 1219 1227
f 1228 1229 1230
f 1231 1229 1232
f 1229 1228 1232
f 1232 1228 1233
f 1234 1235 1236
f 1235 936 1236
f 1236 936 934
f 954 952 1237
f 952 1238 1237
f 1237 1238 1239
f 1238 1231 1239
f 1239 1231 1240
f 1231 1232 1240
f 1240 1232 1241
f 1232 1233 1241
f 1241 1233 1242
f 1243 1191 1244
f 1191 1193 1244
f 1244 1193 1245
f 1193 1246 1245
f 1245 1246 1247
f 1246 1248 1247
f 1247 1248 1249
f 1248 1250 1249
f 1249 1250 1251
f 1250 1252 1251
f 1251 1252 1253
f 1252 1254 1253
f 1253 1254 1255
f 1254 1256 1255
f 1255 1256 1257
f 1256 1258 1257
f 1257 1258 1157
f 1258 1159 1157
f 926 924 1259
f 924 1172 1259
f 1259 1172 1260
f 1172 1180 1260
f 1260 1180 1261
f 1180 1189 1261
f 1261 1189 1262
f 1189 1188 1262
f 1262 1188 1263
f 1188 1187 1263
f 1263 1187 1264
f 1187 1186 1264
f 1264 1186 1265
f 1186 1185 1265
f 1265 1185 1266
f 1185 1181 1266
f 1266 1181 1267
f 1181 1182 1267
f 928 926 1190
f 926 1259 1190
f 1190 1259 1268
f 1259 1260 1268
f 1268 1260 1269
f 1260 1261 1269
f 1269 1261 1270
f 1261 1262 1270
f 1270 1262 1271
f 1262 1263 1271
f 1271 1263 1272
f 1263 1264 1272
f 1272 1264 1273
f 1264 1265 1273
f 1273 1265 1274
f 1265 1266 1274
f 1274 1266 1275
f 1266 1267 1275
f 1275 1267 1171
f 1267 1182 1171
f 1171 1182 1093
f 1171 1169 1275
f 1169 1220 1275
f 1275 1220 1274
f 1220 1221 1274
f 1274 1221 1273
f 1221 1222 1273
f 1273 1222 1272
f 1222 1223 1272
f 1272 1223 1271
f 1223 1224 1271
f 1271 1224 1270
f 1224 1225 1270
f 1270 1225 1269
f 1225 1226 1269
f 1269 1226 1268
f 1226 1227 1268
f 1268 1227 1190
f 1227 1276 1190
f 1190 1276 930
f 1276 932 930
f 1201 1277 1202
f 1277 1278 1202
f 1202 1278 1206
f 1278 1279 1206
f 1206 1279 1212
f 1279 1280 1212
f 1212 1280 1219
f 1280 1234 1219
f 1219 1234 1227
f 1234 1236 1227
f 1227 1236 1276
f 1236 934 1276
f 1276 934 932
f 1277 1242 1278
f 1242 1233 1278
f 1278 1233 1279
f 1233 1228 1279
f 1279 1228 1280
f 1228 1230 1280
f 1280 1230 1234
f 1230 1281 1234
f 1234 1281 1235
f 1281 938 1235
f 1235 938 936
f 942 1196 944
f 1196 1282 944
f 944 1282 946
f 950 948 1283
f 948 946 1283
f 1283 946 1284
f 946 1282 1284
f 952 950 1238
f 950 1283 1238
f 1238 1283 1231
f 1283 1284 1231
f 1231 1284 1229
f 1284 1282 1229
f 1229 1282 1230
f 1282 1196 1230
f 1230 1196 1281
f 1196 940 1281
f 1281 940 938
f 1161 1159 1197
f 1159 1258 1197
f 1197 1258 1199
f 1258 1256 1199
f 1199 1256 1201
f 1256 1254 1201
f 1201 1254 1277
f 1254 1252 1277
f 1277 1252 1242
f 1252 1250 1242
f 1242 1250 1241
f 1250 1248 1241
f 1241 1248 1240
f 1248 1246 1240
f 1240 1246 1239
f 1246 1193 1239
f 1239 1193 1237
f 1193 1192 1237
f 1237 1192 954
f 1157 1155 1257
f 1155 1285 1257
f 1257 1285 1255
f 1285 1286 1255
f 1255 1286 1253
f 1286 1287 1253
f 1253 1287 1251
f 1287 1288 1251
f 1251 1288 1249
f 1288 1289 1249
f 1249 1289 1247
f 1289 1290 1247
f 1247 1290 1245
f 1290 1291 1245
f 1245 1291 1244
f 1291 1292 1244
f 1244 1292 1243
f 1292 1293 1243
f 1243 1293 920
f 920 961 1243
f 961 960 1243
f 1243 960 1191
f 960 958 1191
f 1191 958 1192
f 958 956 1192
f 1192 956 954
f 1285 1155 1153
f 1294 962 920
f 1294 920 1295
f 1296 1297 920
f 1297 1298 920
f 1298 1299 920
f 1299 1300 920
f 920 1300 1295
f 1285 1153 1286
f 1292 1153 1293
f 1153 1301 1293
f 1293 1301 920
f 1301 1302 920
f 920 1302 1296
f 1292 1291 1153
f 1291 1290 1153
f 1153 1290 1289
f 1289 1288 1153
f 1288 1287 1153
f 1153 1287 1286
f 974 972 1303
f 968 962 1294
f 1304 1305 1306
f 1307 1308 1143
f 1309 986 984
f 1143 1141 1307
f 1141 1310 1307
f 1307 1310 1311
f 1310 1312 1311
f 1311 1312 1313
f 1312 1314 1313
f 1313 1314 1315
f 1308 1307 1316
f 1307 1311 1316
f 1316 1311 1317
f 1311 1313 1317
f 1317 1313 1318
f 1313 1315 1318
f 1318 1315 1319
f 1145 1143 1320
f 1143 1308 1320
f 1320 1308 1321
f 1308 1316 1321
f 1321 1316 1322
f 1316 1317 1322
f 1322 1317 1323
f 1317 1318 1323
f 1323 1318 1324
f 1318 1319 1324
f 1324 1319 1325
f 1147 1145 1326
f 1145 1320 1326
f 1326 1320 1327
f 1320 1321 1327
f 1327 1321 1328
f 1321 1322 1328
f 1328 1322 1329
f 1322 1323 1329
f 1329 1323 1330
f 1323 1324 1330
f 1330 1324 1331
f 1324 1325 1331
f 1331 1325 1332
f 1149 1147 1333
f 1147 1326 1333
f 1333 1326 1334
f 1326 1327 1334
f 1334 1327 1335
f 1327 1328 1335
f 1335 1328 1336
f 1328 1329 1336
f 1336 1329 1337
f 1329 1330 1337
f 1337 1330 1338
f 1330 1331 1338
f 1338 1331 1339
f 1331 1332 1339
f 1339 1332 1340
f 1341 1342 1343
f 1344 1342 1345
f 1342 1341 1345
f 1345 1341 1346
f 1347 1348 1349
f 1348 980 1349
f 1349 980 978
f 998 996 1350
f 996 1351 1350
f 1350 1351 1352
f 1351 1344 1352
f 1352 1344 1353
f 1344 1345 1353
f 1353 1345 1354
f 1345 1346 1354
f 1354 1346 1355
f 1356 1304 1357
f 1304 1306 1357
f 1357 1306 1358
f 1306 1359 1358
f 1358 1359 1360
f 1359 1361 1360
f 1360 1361 1362
f 1361 1363 1362
f 1362 1363 1364
f 1363 1365 1364
f 1364 1365 1366
f 1365 1367 1366
f 1366 1367 1368
f 1367 1369 1368
f 1368 1369 1370
f 1369 1371 1370
f 1370 1371 1137
f 1371 1139 1137
f 970 968 1372
f 968 1294 1372
f 1372 1294 1373
f 1294 1295 1373
f 1373 1295 1374
f 1295 1300 1374
f 1374 1300 1375
f 1300 1299 1375
f 1375 1299 1376
f 1299 1298 1376
f 1376 1298 1377
f 1298 1297 1377
f 1377 1297 1378
f 1297 1296 1378
f 1378 1296 1379
f 1296 1302 1379
f 1379 1302 1380
f 1302 1301 1380
f 972 970 1303
f 970 1372 1303
f 1303 1372 1381
f 1372 1373 1381
f 1381 1373 1382
f 1373 1374 1382
f 1382 1374 1383
f 1374 1375 1383
f 1383 1375 1384
f 1375 1376 1384
f 1384 1376 1385
f 1376 1377 1385
f 1385 1377 1386
f 1377 1378 1386
f 1386 1378 1387
f 1378 1379 1387
f 1387 1379 1388
f 1379 1380 1388
f 1388 1380 1151
f 1380 1301 1151
f 1151 1301 1153
f 1151 1149 1388
f 1149 1333 1388
f 1388 1333 1387
f 1333 1334 1387
f 1387 1334 1386
f 1334 1335 1386
f 1386 1335 1385
f 1335 1336 1385
f 1385 1336 1384
f 1336 1337 1384
f 1384 1337 1383
f 1337 1338 1383
f 1383 1338 1382
f 1338 1339 1382
f 1382 1339 1381
f 1339 1340 1381
f 1381 1340 1303
f 1340 1389 1303
f 1303 1389 974
f 1389 976 974
f 1314 1390 1315
f 1390 1391 1315
f 1315 1391 1319
f 1391 1392 1319
f 1319 1392 1325
f 1392 1393 1325
f 1325 1393 1332
f 1393 1347 1332
f 1332 1347 1340
f 1347 1349 1340
f 1340 1349 1389
f 1349 978 1389
f 1389 978 976
f 1390 1355 1391
f 1355 1346 1391
f 1391 1346 1392
f 1346 1341 1392
f 1392 1341 1393
f 1341 1343 1393
f 1393 1343 1347
f 1343 1394 1347
f 1347 1394 1348
f 1394 982 1348
f 1348 982 980
f 986 1309 988
f 1309 1395 988
f 988 1395 990
f 994 992 1396
f 992 990 1396
f 1396 990 1397
f 990 1395 1397
f 996 994 1351
f 994 1396 1351
f 1351 1396 1344
f 1396 1397 1344
f 1344 1397 1342
f 1397 1395 1342
f 1342 1395 1343
f 1395 1309 1343
f 1343 1309 1394
f 1309 984 1394
f 1394 984 982
f 1141 1139 1310
f 1139 1371 1310
f 1310 1371 1312
f 1371 1369 1312
f 1312 1369 1314
f 1369 1367 1314
f 1314 1367 1390
f 1367 1365 1390
f 1390 1365 1355
f 1365 1363 1355
f 1355 1363 1354
f 1363 1361 1354
f 1354 1361 1353
f 1361 1359 1353
f 1353 1359 1352
f 1359 1306 1352
f 1352 1306 1350
f 1306 1305 1350
f 1350 1305 998
f 1137 1135 1370
f 1135 1398 1370
f 1370 1398 1368
f 1398 1399 1368
f 1368 1399 1366
f 1399 1400 1366
f 1366 1400 1364
f 1400 1401 1364
f 1364 1401 1362
f 1401 1402 1362
f 1362 1402 1360
f 1402 1403 1360
f 1360 1403 1358
f 1403 1404 1358
f 1358 1404 1357
f 1404 1405 1357
f 1357 1405 1356
f 1405 1406 1356
f 1356 1406 964
f 964 1005 1356
f 1005 1004 1356
f 1356 1004 1304
f 1004 1002 1304
f 1304 1002 1305
f 1002 1000 1305
f 1305 1000 998
f 1407 1006 964
f 1398 1135 1133
f 1398 1133 1399
f 1404 1403 1133
f 1403 1402 1133
f 1402 1401 1133
f 1401 1400 1133
f 1133 1400 1399
f 1407 964 1408
f 1409 964 1410
f 964 1406 1410
f 1410 1406 1133
f 1406 1405 1133
f 1133 1405 1404
f 1409 1411 964
f 1411 1412 964
f 964 1412 1413
f 1413 1414 964
f 1414 1415 964
f 964 1415 1408
f 1018 1016 1416
f 1012 1006 1407
f 1417 1418 1419
f 1420 1421 1123
f 1422 1030 1028
f 1123 1121 1420
f 1121 1423 1420
f 1420 1423 1424
f 1423 1425 1424
f 1424 1425 1426
f 1425 1427 1426
f 1426 1427 1428
f 1421 1420 1429
f 1420 1424 1429
f 1429 1424 1430
f 1424 1426 1430
f 1430 1426 1431
f 1426 1428 1431
f 1431 1428 1432
f 1125 1123 1433
f 1123 1421 1433
f 1433 1421 1434
f 1421 1429 1434
f 1434 1429 1435
f 1429 1430 1435
f 1435 1430 1436
f 1430 1431 1436
f 1436 1431 1437
f 1431 1432 1437
f 1437 1432 1438
f 1127 1125 1439
f 1125 1433 1439
f 1439 1433 1440
f 1433 1434 1440
f 1440 1434 1441
f 1434 1435 1441
f 1441 1435 1442
f 1435 1436 1442
f 1442 1436 1443
f 1436 1437 1443
f 1443 1437 1444
f 1437 1438 1444
f 1444 1438 1445
f 1129 1127 1446
f 1127 1439 1446
f 1446 1439 1447
f 1439 1440 1447
f 1447 1440 1448
f 1440 1441 1448
f 1448 1441 1449
f 1441 1442 1449
f 1449 1442 1450
f 1442 1443 1450
f 1450 1443 1451
f 1443 1444 1451
f 1451 1444 1452
f 1444 1445 1452
f 1452 1445 1453
f 1454 1455 1456
f 1457 1455 1458
f 1455 1454 1458
f 1458 1454 1459
f 1460 1461 1462
f 1461 1024 1462
f 1462 1024 1022
f 1042 1040 1463
f 1040 1464 1463
f 1463 1464 1465
f 1464 1457 1465
f 1465 1457 1466
f 1457 1458 1466
f 1466 1458 1467
f 1458 1459 1467
f 1467 1459 1468
f 1469 1417 1470
f 1417 1419 1470
f 1470 1419 1471
f 1419 1472 1471
f 1471 1472 1473
f 1472 1474 1473
f 1473 1474 1475
f 1474 1476 1475
f 1475 1476 1477
f 1476 1478 1477
f 1477 1478 1479
f 1478 1480 1479
f 1479 1480 1481
f 1480 1482 1481
f 1481 1482 1483
f 1482 1484 1483
f 1483 1484 1117
f 1484 1119 1117
f 1014 1012 1485
f 1012 1407 1485
f 1485 1407 1486
f 1407 1408 1486
f 1486 1408 1487
f 1408 1415 1487
f 1487 1415 1488
f 1415 1414 1488
f 1488 1414 1489
f 1414 1413 1489
f 1489 1413 1490
f 1413 1412 1490
f 1490 1412 1491
f 1412 1411 1491
f 1491 1411 1492
f 1411 1409 1492
f 1492 1409 1493
f 1409 1410 1493
f 1016 1014 1416
f 1014 1485 1416
f 1416 1485 1494
f 1485 1486 1494
f 1494 1486 1495
f 1486 1487 1495
f 1495 1487 1496
f 1487 1488 1496
f 1496 1488 1497
f 1488 1489 1497
f 1497 1489 1498
f 1489 1490 1498
f 1498 1490 1499
f 1490 1491 1499
f 1499 1491 1500
f 1491 1492 1500
f 1500 1492 1501
f 1492 1493 1501
f 1501 1493 1131
f 1493 1410 1131
f 1131 1410 1133
f 1131 1129 1501
f 1129 1446 1501
f 1501 1446 1500
f 1446 1447 1500
f 1500 1447 1499
f 1447 1448 1499
f 1499 1448 1498
f 1448 1449 1498
f 1498 1449 1497
f 1449 1450 1497
f 1497 1450 1496
f 1450 1451 1496
f 1496 1451 1495
f 1451 1452 1495
f 1495 1452 1494
f 1452 1453 1494
f 1494 1453 1416
f 1453 1502 1416
f 1416 1502 1018
f 1502 1020 1018
f 1427 1503 1428
f 1503 1504 1428
f 1428 1504 1432
f 1504 1505 1432
f 1432 1505 1438
f 1505 1506 1438
f 1438 1506 1445
f 1506 1460 1445
f 1445 1460 1453
f 1460 1462 1453
f 1453 1462 1502
f 1462 1022 1502
f 1502 1022 1020
f 1503 1468 1504
f 1468 1459 1504
f 1504 1459 1505
f 1459 1454 1505
f 1505 1454 1506
f 1454 1456 1506
f 1506 1456 1460
f 1456 1507 1460
f 1460 1507 1461
f 1507 1026 1461
f 1461 1026 1024
f 1030 1422 1032
f 1422 1508 1032
f 1032 1508 1034
f 1038 1036 1509
f 1036 1034 1509
f 1509 1034 1510
f 1034 1508 1510
f 1040 1038 1464
f 1038 1509 1464
f 1464 1509 1457
f 1509 1510 1457
f 1457 1510 1455
f 1510 1508 1455
f 1455 1508 1456
f 1508 1422 1456
f 1456 1422 1507
f 1422 1028 1507
f 1507 1028 1026
f 1121 1119 1423
f 1119 1484 1423
f 1423 1484 1425
f 1484 1482 1425
f 1425 1482 1427
f 1482 1480 1427
f 1427 1480 1503
f 1480 1478 1503
f 1503 1478 1468
f 1478 1476 1468
f 1468 1476 1467
f 1476 1474 1467
f 1467 1474 1466
f 1474 1472 1466
f 1466 1472 1465
f 1472 1419 1465
f 1465 1419 1463
f 1419 1418 1463
f 1463 1418 1042
f 1117 1115 1483
f 1115 1511 1483
f 1483 1511 1481
f 1511 1512 1481
f 1481 1512 1479
f 1512 1513 1479
f 1479 1513 1477
f 1513 1514 1477
f 1477 1514 1475
f 1514 1515 1475
f 1475 1515 1473
f 1515 1516 1473
f 1473 1516 1471
f 1516 1517 1471
f 1471 1517 1470
f 1517 1518 1470
f 1470 1518 1469
f 1518 1519 1469
f 1469 1519 1008
f 1008 1049 1469
f 1049 1048 1469
f 1469 1048 1417
f 1048 1046 1417
f 1417 1046 1418
f 1046 1044 1418
f 1418 1044 1042
f 1511 1115 1113
f 1520 1050 1008
f 1520 1008 1521
f 1522 1523 1008
f 1523 1524 1008
f 1524 1525 1008
f 1525 1526 1008
f 1008 1526 1521
f 1511 1113 1512
f 1518 1113 1519
f 1113 1527 1519
f 1519 1527 1008
f 1527 1528 1008
f 1008 1528 1522
f 1518 1517 1113
f 1517 1516 1113
f 1113 1516 1515
f 1515 1514 1113
f 1514 1513 1113
f 1113 1513 1512
f 1529 1530 833
f 1530 832 833
f 842 1531 1532
f 842 1532 841
f 1532 1533 841
f 841 1533 840
f 1533 1534 840
f 840 1534 839
f 1534 1535 839
f 839 1535 838
f 1535 1536 838
f 838 1536 837
f 1536 1537 837
f 837 1537 836
f 1537 1538 836
f 836 1538 835
f 1538 1539 835
f 835 1539 834
f 1539 1529 834
f 834 1529 833
f 832 1530 1540
f 832 1540 871
f 1540 1541 871
f 871 1541 870
f 1541 1542 870
f 870 1542 869
f 1542 1543 869
f 869 1543 868
f 1543 1544 868
f 868 1544 867
f 1544 1545 867
f 867 1545 866
f 1545 1546 866
f 866 1546 865
f 1546 1547 865
f 865 1547 864
f 1547 1548 864
f 864 1548 863
f 1549 812 814
f 1549 814 1550
f 814 823 1550
f 1550 823 1551
f 823 822 1551
f 822 1552 1551
f 1552 822 821
f 1552 821 1553
f 821 818 1553
f 1553 818 1554
f 1555 1554 819
f 1554 818 819
f 1060 1058 1556
f 1054 1050 1520
f 1557 1558 1559
f 1560 1561 1103
f 1562 1072 1070
f 1103 1101 1560
f 1101 1563 1560
f 1560 1563 1564
f 1563 1565 1564
f 1564 1565 1566
f 1565 1567 1566
f 1566 1567 1568
f 1561 1560 1569
f 1560 1564 1569
f 1569 1564 1570
f 1564 1566 1570
f 1570 1566 1571
f 1566 1568 1571
f 1571 1568 1572
f 1105 1103 1573
f 1103 1561 1573
f 1573 1561 1574
f 1561 1569 1574
f 1574 1569 1575
f 1569 1570 1575
f 1575 1570 1576
f 1570 1571 1576
f 1576 1571 1577
f 1571 1572 1577
f 1577 1572 1578
f 1107 1105 1579
f 1105 1573 1579
f 1579 1573 1580
f 1573 1574 1580
f 1580 1574 1581
f 1574 1575 1581
f 1581 1575 1582
f 1575 1576 1582
f 1582 1576 1583
f 1576 1577 1583
f 1583 1577 1584
f 1577 1578 1584
f 1584 1578 1585
f 1109 1107 1586
f 1107 1579 1586
f 1586 1579 1587
f 1579 1580 1587
f 1587 1580 1588
f 1580 1581 1588
f 1588 1581 1589
f 1581 1582 1589
f 1589 1582 1590
f 1582 1583 1590
f 1590 1583 1591
f 1583 1584 1591
f 1591 1584 1592
f 1584 1585 1592
f 1592 1585 1593
f 1594 1595 1596
f 1597 1595 1598
f 1595 1594 1598
f 1598 1594 1599
f 1600 1601 1602
f 1601 1066 1602
f 1602 1066 1064
f 1084 1082 1603
f 1082 1604 1603
f 1603 1604 1605
f 1604 1597 1605
f 1605 1597 1606
f 1597 1598 1606
f 1606 1598 1607
f 1598 1599 1607
f 1607 1599 1608
f 1609 1557 1610
f 1557 1559 1610
f 1610 1559 1611
f 1559 1612 1611
f 1611 1612 1613
f 1612 1614 1613
f 1613 1614 1615
f 1614 1616 1615
f 1615 1616 1617
f 1616 1618 1617
f 1617 1618 1619
f 1618 1620 1619
f 1619 1620 1621
f 1620 1622 1621
f 1621 1622 1623
f 1622 1624 1623
f 1623 1624 1097
f 1624 1099 1097
f 1056 1054 1625
f 1054 1520 1625
f 1625 1520 1626
f 1520 1521 1626
f 1626 1521 1627
f 1521 1526 1627
f 1627 1526 1628
f 1526 1525 1628
f 1628 1525 1629
f 1525 1524 1629
f 1629 1524 1630
f 1524 1523 1630
f 1630 1523 1631
f 1523 1522 1631
f 1631 1522 1632
f 1522 1528 1632
f 1632 1528 1633
f 1528 1527 1633
f 1058 1056 1556
f 1056 1625 1556
f 1556 1625 1634
f 1625 1626 1634
f 1634 1626 1635
f 1626 1627 1635
f 1635 1627 1636
f 1627 1628 1636
f 1636 1628 1637
f 1628 1629 1637
f 1637 1629 1638
f 1629 1630 1638
f 1638 1630 1639
f 1630 1631 1639
f 1639 1631 1640
f 1631 1632 1640
f 1640 1632 1641
f 1632 1633 1641
f 1641 1633 1111
f 1633 1527 1111
f 1111 1527 1113
f 1111 1109 1641
f 1109 1586 1641
f 1641 1586 1640
f 1586 1587 1640
f 1640 1587 1639
f 1587 1588 1639
f 1639 1588 1638
f 1588 1589 1638
f 1638 1589 1637
f 1589 1590 1637
f 1637 1590 1636
f 1590 1591 1636
f 1636 1591 1635
f 1591 1592 1635
f 1635 1592 1634
f 1592 1593 1634
f 1634 1593 1556
f 1593 1642 1556
f 1556 1642 1060
f 1642 1062 1060
f 1567 1643 1568
f 1643 1644 1568
f 1568 1644 1572
f 1644 1645 1572
f 1572 1645 1578
f 1645 1646 1578
f 1578 1646 1585
f 1646 1600 1585
f 1585 1600 1593
f 1600 1602 1593
f 1593 1602 1642
f 1602 1064 1642
f 1642 1064 1062
f 1643 1608 1644
f 1608 1599 1644
f 1644 1599 1645
f 1599 1594 1645
f 1645 1594 1646
f 1594 1596 1646
f 1646 1596 1600
f 1596 1647 1600
f 1600 1647 1601
f 1647 1068 1601
f 1601 1068 1066
f 1072 1562 1074
f 1562 1648 1074
f 1074 1648 1076
f 1080 1078 1649
f 1078 1076 1649
f 1649 1076 1650
f 1076 1648 1650
f 1082 1080 1604
f 1080 1649 1604
f 1604 1649 1597
f 1649 1650 1597
f 1597 1650 1595
f 1650 1648 1595
f 1595 1648 1596
f 1648 1562 1596
f 1596 1562 1647
f 1562 1070 1647
f 1647 1070 1068
f 1101 1099 1563
f 1099 1624 1563
f 1563 1624 1565
f 1624 1622 1565
f 1565 1622 1567
f 1622 1620 1567
f 1567 1620 1643
f 1620 1618 1643
f 1643 1618 1608
f 1618 1616 1608
f 1608 1616 1607
f 1616 1614 1607
f 1607 1614 1606
f 1614 1612 1606
f 1606 1612 1605
f 1612 1559 1605
f 1605 1559 1603
f 1559 1558 1603
f 1603 1558 1084
f 1097 1095 1623
f 1095 1173 1623
f 1623 1173 1621
f 1173 1174 1621
f 1621 1174 1619
f 1174 1179 1619
f 1619 1179 1617
f 1179 1178 1617
f 1617 1178 1615
f 1178 1177 1615
f 1615 1177 1613
f 1177 1176 1613
f 1613 1176 1611
f 1176 1175 1611
f 1611 1175 1610
f 1175 1184 1610
f 1610 1184 1609
f 1184 1183 1609
f 1609 1183 918
f 918 1091 1609
f 1091 1090 1609
f 1609 1090 1557
f 1090 1088 1557
f 1557 1088 1558
f 1088 1086 1558
f 1558 1086 1084
f 580 32 596
f 32 31 596
f 65 64 26
f 64 63 26
f 26 63 27
f 647 633 31
f 633 632 31
f 31 632 623
f 61 60 365
f 60 59 365
f 365 59 278
f 59 58 278
f 20 19 562
f 19 18 562
f 562 18 580
f 18 33 580
f 580 33 32
f 623 614 31
f 614 605 31
f 31 605 596
f 28 399 29
f 399 571 29
f 29 571 30
f 571 665 30
f 30 665 31
f 665 656 31
f 31 656 647
f 25 51 26
f 51 66 26
f 26 66 65
f 28 27 399
f 27 63 399
f 399 63 398
f 63 62 398
f 398 62 408
f 25 24 51
f 24 23 51
f 51 23 52
f 20 562 21
f 562 553 21
f 21 553 544
f 21 520 511
f 23 493 52
f 493 484 52
f 52 484 53
f 484 374 53
f 53 374 54
f 374 356 54
f 54 356 55
f 356 347 55
f 544 535 21
f 535 521 21
f 21 521 520
f 23 22 493
f 22 21 493
f 493 21 502
f 21 511 502
f 61 365 62
f 365 468 62
f 62 468 459
f 435 426 62
f 426 417 62
f 62 417 408
f 459 450 62
f 450 436 62
f 62 436 435
f 347 338 55
f 338 329 55
f 55 329 315
f 315 314 55
f 314 305 55
f 55 305 296
f 58 57 278
f 57 56 278
f 278 56 277
f 56 55 277
f 277 55 287
f 55 296 287
f 862 1651 1652
f 862 1652 861
f 1652 1653 861
f 861 1653 860
f 1653 1654 860
f 860 1654 859
f 1654 1655 859
f 859 1655 858
f 1655 1656 858
f 858 1656 857
f 1656 1657 857
f 857 1657 856
f 1657 1658 856
f 856 1658 855
f 1658 1659 855
f 855 1659 854
f 1659 1660 854
f 854 1660 853
f 1661 1662 1663
f 1552 1553 1554
f 1661 1663 1664
f 1552 1554 1551
f 1550 1551 1549
f 1551 1554 1549
f 1549 1554 1663
f 1554 1555 1663
f 1663 1555 1664
f 1555 1665 1664
f 811 812 1663
f 812 1549 1663
f 1661 816 817
f 1661 817 1662
f 817 811 1662
f 1662 811 1663
f 1661 1664 816
f 1664 815 816
f 1555 819 820
f 1555 820 1665
f 820 815 1665
f 1665 815 1664
f 1666 155 187
f 1666 187 1667
f 187 188 1667
f 1667 188 1668
f 188 189 1668
f 1668 189 1669
f 189 190 1669
f 1669 190 1670
f 1671 178 1672
f 178 179 1672
f 1672 179 1673
f 179 180 1673
f 1673 180 1674
f 180 181 1674
f 1674 181 1675
f 155 1666 156
f 1666 1676 156
f 156 1676 165
f 1676 1677 165
f 165 1677 164
f 1677 1678 164
f 164 1678 163
f 1678 1679 163
f 163 1679 162
f 1679 1680 162
f 162 1680 161
f 1670 190 1681
f 190 191 1681
f 1681 191 1682
f 191 192 1682
f 1682 192 1683
f 192 193 1683
f 1683 193 1684
f 193 194 1684
f 1684 194 1685
f 194 186 1685
f 1685 186 1671
f 186 177 1671
f 1671 177 178
f 1686 168 1687
f 168 169 1687
f 1687 169 1688
f 169 170 1688
f 1688 170 1689
f 170 171 1689
f 1689 171 1690
f 1691 158 1692
f 158 159 1692
f 1692 159 1693
f 159 160 1693
f 1693 160 1694
f 160 161 1694
f 1694 161 1695
f 161 1680 1695
f 1675 181 1696
f 181 182 1696
f 1696 182 1697
f 182 183 1697
f 1697 183 1698
f 183 184 1698
f 1698 184 1699
f 184 185 1699
f 1699 185 1700
f 185 176 1700
f 1700 176 1686
f 176 167 1686
f 1686 167 168
f 1690 171 1701
f 171 172 1701
f 1701 172 1702
f 172 173 1702
f 1702 173 1703
f 173 174 1703
f 1703 174 1704
f 174 175 1704
f 1704 175 1705
f 175 166 1705
f 1705 166 1691
f 166 157 1691
f 1691 157 158
f 1706 1531 843
f 1531 842 843
f 852 1707 1708
f 852 1708 851
f 1708 1709 851
f 851 1709 850
f 1709 1710 850
f 850 1710 849
f 1710 1711 849
f 849 1711 848
f 1711 1712 848
f 848 1712 847
f 1712 1713 847
f 847 1713 846
f 1713 1714 846
f 846 1714 845
f 1714 1715 845
f 845 1715 844
f 1715 1706 844
f 844 1706 843
f 1660 1707 853
f 1707 852 853
f 1548 1651 863
f 1651 862 863
f 1691 1092 1705
f 1092 1094 1705
f 1676 1154 1156
f 1676 1156 1677
f 1156 1158 1677
f 1677 1158 1678
f 1158 1160 1678
f 1678 1160 1679
f 1160 1162 1679
f 1679 1162 1680
f 1162 1164 1680
f 1680 1164 1695
f 1164 1166 1695
f 1695 1166 1694
f 1166 1168 1694
f 1694 1168 1693
f 1168 1170 1693
f 1693 1170 1692
f 1170 1092 1692
f 1692 1092 1691
f 1666 1152 1676
f 1152 1154 1676
f 1685 1134 1136
f 1685 1136 1684
f 1136 1138 1684
f 1684 1138 1683
f 1138 1140 1683
f 1683 1140 1682
f 1140 1142 1682
f 1682 1142 1681
f 1142 1144 1681
f 1681 1144 1670
f 1144 1146 1670
f 1670 1146 1669
f 1146 1148 1669
f 1669 1148 1668
f 1148 1150 1668
f 1668 1150 1667
f 1150 1152 1667
f 1667 1152 1666
f 1671 1132 1685
f 1132 1134 1685
f 1700 1114 1116
f 1700 1116 1699
f 1116 1118 1699
f 1699 1118 1698
f 1118 1120 1698
f 1698 1120 1697
f 1120 1122 1697
f 1697 1122 1696
f 1122 1124 1696
f 1696 1124 1675
f 1124 1126 1675
f 1675 1126 1674
f 1126 1128 1674
f 1674 1128 1673
f 1128 1130 1673
f 1673 1130 1672
f 1130 1132 1672
f 1672 1132 1671
f 1686 1112 1700
f 1112 1114 1700
f 1705 1094 1096
f 1705 1096 1704
f 1096 1098 1704
f 1704 1098 1703
f 1098 1100 1703
f 1703 1100 1702
f 1100 1102 1702
f 1702 1102 1701
f 1102 1104 1701
f 1701 1104 1690
f 1104 1106 1690
f 1690 1106 1689
f 1106 1108 1689
f 1689 1108 1688
f 1108 1110 1688
f 1688 1110 1687
f 1110 1112 1687
f 1687 1112 1686
f 1716 1717 1718
f 1719 1720 1721
f 1722 1723 1724
f 1725 1726 1727
f 1728 1729 1730
f 1052 919 1731
f 1053 1055 1732
f 1065 1067 1725
f 1067 1069 1725
f 1725 1069 1726
f 1071 1073 1733
f 1073 1734 1733
f 1733 1734 1735
f 1077 1079 1722
f 1079 1081 1722
f 1722 1081 1723
f 1089 1720 1087
f 1720 1719 1087
f 1087 1719 1085
f 1055 1057 1732
f 1057 1736 1732
f 1732 1736 1737
f 1736 1738 1737
f 1737 1738 1739
f 1738 1740 1739
f 1739 1740 1741
f 1740 1742 1741
f 1741 1742 1743
f 1742 1744 1743
f 1743 1744 1745
f 1744 1746 1745
f 1745 1746 1747
f 1746 1748 1747
f 1747 1748 1749
f 1748 1750 1749
f 1749 1750 1751
f 1750 1752 1751
f 1057 1059 1736
f 1059 1753 1736
f 1736 1753 1738
f 1753 1754 1738
f 1738 1754 1740
f 1754 1755 1740
f 1740 1755 1742
f 1755 1756 1742
f 1742 1756 1744
f 1756 1757 1744
f 1744 1757 1746
f 1757 1758 1746
f 1746 1758 1748
f 1758 1759 1748
f 1748 1759 1750
f 1759 1760 1750
f 1750 1760 1752
f 1760 1761 1752
f 1059 1061 1753
f 1061 1728 1753
f 1753 1728 1754
f 1728 1730 1754
f 1754 1730 1755
f 1730 1762 1755
f 1755 1762 1756
f 1762 1763 1756
f 1756 1763 1757
f 1763 1764 1757
f 1757 1764 1758
f 1764 1765 1758
f 1758 1765 1759
f 1765 1766 1759
f 1759 1766 1760
f 1766 1767 1760
f 1760 1767 1761
f 1767 1768 1761
f 1061 1063 1728
f 1063 1065 1728
f 1728 1065 1729
f 1065 1725 1729
f 1729 1725 1730
f 1725 1727 1730
f 1730 1727 1762
f 1727 1769 1762
f 1762 1769 1763
f 1769 1770 1763
f 1763 1770 1764
f 1770 1771 1764
f 1764 1771 1765
f 1771 1772 1765
f 1765 1772 1766
f 1772 1773 1766
f 1766 1773 1767
f 1773 1774 1767
f 1767 1774 1768
f 1774 1775 1768
f 1073 1075 1734
f 1075 1776 1734
f 1734 1776 1735
f 1776 1777 1735
f 1735 1777 1778
f 1777 1779 1778
f 1778 1779 1780
f 1779 1781 1780
f 1780 1781 1782
f 1781 1783 1782
f 1782 1783 1784
f 1783 1785 1784
f 1784 1785 1786
f 1785 1787 1786
f 1786 1787 1788
f 1787 1789 1788
f 1788 1789 1790
f 1789 1791 1790
f 1075 1077 1776
f 1077 1722 1776
f 1776 1722 1777
f 1722 1724 1777
f 1777 1724 1779
f 1724 1792 1779
f 1779 1792 1781
f 1792 1793 1781
f 1781 1793 1783
f 1793 1794 1783
f 1783 1794 1785
f 1794 1795 1785
f 1785 1795 1787
f 1795 1796 1787
f 1787 1796 1789
f 1796 1797 1789
f 1789 1797 1791
f 1797 1798 1791
f 1081 1083 1723
f 1083 1799 1723
f 1723 1799 1724
f 1799 1800 1724
f 1724 1800 1792
f 1800 1801 1792
f 1792 1801 1793
f 1801 1802 1793
f 1793 1802 1794
f 1802 1803 1794
f 1794 1803 1795
f 1803 1804 1795
f 1795 1804 1796
f 1804 1805 1796
f 1796 1805 1797
f 1805 1806 1797
f 1797 1806 1798
f 1806 1807 1798
f 1083 1085 1799
f 1085 1719 1799
f 1799 1719 1800
f 1719 1721 1800
f 1800 1721 1801
f 1721 1808 1801
f 1801 1808 1802
f 1808 1809 1802
f 1802 1809 1803
f 1809 1810 1803
f 1803 1810 1804
f 1810 1811 1804
f 1804 1811 1805
f 1811 1812 1805
f 1805 1812 1806
f 1812 1813 1806
f 1806 1813 1807
f 1813 1814 1807
f 1089 1052 1720
f 1052 1731 1720
f 1720 1731 1721
f 1731 1815 1721
f 1721 1815 1808
f 1815 1816 1808
f 1808 1816 1809
f 1816 1817 1809
f 1809 1817 1810
f 1817 1818 1810
f 1810 1818 1811
f 1818 1819 1811
f 1811 1819 1812
f 1819 1820 1812
f 1812 1820 1813
f 1820 1821 1813
f 1813 1821 1814
f 1821 1822 1814
f 1051 1053 1823
f 1053 1732 1823
f 1823 1732 1824
f 1732 1737 1824
f 1824 1737 1825
f 1737 1739 1825
f 1825 1739 1826
f 1739 1741 1826
f 1826 1741 1827
f 1741 1743 1827
f 1827 1743 1828
f 1743 1745 1828
f 1828 1745 1829
f 1745 1747 1829
f 1829 1747 1830
f 1747 1749 1830
f 1830 1749 1718
f 1749 1751 1718
f 1718 1751 1716
f 1751 1752 1716
f 1716 1752 1831
f 1752 1761 1831
f 1831 1761 1832
f 1761 1768 1832
f 1832 1768 1833
f 1768 1775 1833
f 1833 1775 1834
f 1822 1835 1814
f 1835 1836 1814
f 1814 1836 1807
f 1836 1837 1807
f 1807 1837 1798
f 1837 1838 1798
f 1798 1838 1791
f 1838 1834 1791
f 1791 1834 1790
f 1834 1775 1790
f 1790 1775 1788
f 1775 1774 1788
f 1788 1774 1786
f 1774 1773 1786
f 1786 1773 1784
f 1773 1772 1784
f 1784 1772 1782
f 1772 1771 1782
f 1782 1771 1780
f 1771 1770 1780
f 1780 1770 1778
f 1770 1769 1778
f 1778 1769 1735
f 1769 1727 1735
f 1735 1727 1733
f 1727 1726 1733
f 1733 1726 1071
f 1726 1069 1071
f 1718 1717 1839
f 1840 1009 1051
f 1840 1051 1841
f 1842 1843 1051
f 1843 1844 1051
f 1844 1845 1051
f 1845 1846 1051
f 1051 1846 1841
f 1718 1839 1830
f 1824 1839 1823
f 1839 1847 1823
f 1823 1847 1051
f 1847 1848 1051
f 1051 1848 1842
f 1824 1825 1839
f 1825 1826 1839
f 1839 1826 1827
f 1827 1828 1839
f 1828 1829 1839
f 1839 1829 1830
f 1849 1850 1851
f 1852 1853 1854
f 1855 1856 1857
f 1858 1859 1860
f 1861 1862 1863
f 1010 1009 1840
f 1011 1013 1864
f 1023 1025 1858
f 1025 1027 1858
f 1858 1027 1859
f 1029 1031 1865
f 1031 1866 1865
f 1865 1866 1867
f 1035 1037 1855
f 1037 1039 1855
f 1855 1039 1856
f 1047 1853 1045
f 1853 1852 1045
f 1045 1852 1043
f 1013 1015 1864
f 1015 1868 1864
f 1864 1868 1869
f 1868 1870 1869
f 1869 1870 1871
f 1870 1872 1871
f 1871 1872 1873
f 1872 1874 1873
f 1873 1874 1875
f 1874 1876 1875
f 1875 1876 1877
f 1876 1878 1877
f 1877 1878 1879
f 1878 1880 1879
f 1879 1880 1881
f 1880 1882 1881
f 1881 1882 1883
f 1882 1884 1883
f 1015 1017 1868
f 1017 1885 1868
f 1868 1885 1870
f 1885 1886 1870
f 1870 1886 1872
f 1886 1887 1872
f 1872 1887 1874
f 1887 1888 1874
f 1874 1888 1876
f 1888 1889 1876
f 1876 1889 1878
f 1889 1890 1878
f 1878 1890 1880
f 1890 1891 1880
f 1880 1891 1882
f 1891 1892 1882
f 1882 1892 1884
f 1892 1893 1884
f 1017 1019 1885
f 1019 1861 1885
f 1885 1861 1886
f 1861 1863 1886
f 1886 1863 1887
f 1863 1894 1887
f 1887 1894 1888
f 1894 1895 1888
f 1888 1895 1889
f 1895 1896 1889
f 1889 1896 1890
f 1896 1897 1890
f 1890 1897 1891
f 1897 1898 1891
f 1891 1898 1892
f 1898 1899 1892
f 1892 1899 1893
f 1899 1900 1893
f 1019 1021 1861
f 1021 1023 1861
f 1861 1023 1862
f 1023 1858 1862
f 1862 1858 1863
f 1858 1860 1863
f 1863 1860 1894
f 1860 1901 1894
f 1894 1901 1895
f 1901 1902 1895
f 1895 1902 1896
f 1902 1903 1896
f 1896 1903 1897
f 1903 1904 1897
f 1897 1904 1898
f 1904 1905 1898
f 1898 1905 1899
f 1905 1906 1899
f 1899 1906 1900
f 1906 1907 1900
f 1031 1033 1866
f 1033 1908 1866
f 1866 1908 1867
f 1908 1909 1867
f 1867 1909 1910
f 1909 1911 1910
f 1910 1911 1912
f 1911 1913 1912
f 1912 1913 1914
f 1913 1915 1914
f 1914 1915 1916
f 1915 1917 1916
f 1916 1917 1918
f 1917 1919 1918
f 1918 1919 1920
f 1919 1921 1920
f 1920 1921 1922
f 1921 1923 1922
f 1033 1035 1908
f 1035 1855 1908
f 1908 1855 1909
f 1855 1857 1909
f 1909 1857 1911
f 1857 1924 1911
f 1911 1924 1913
f 1924 1925 1913
f 1913 1925 1915
f 1925 1926 1915
f 1915 1926 1917
f 1926 1927 1917
f 1917 1927 1919
f 1927 1928 1919
f 1919 1928 1921
f 1928 1929 1921
f 1921 1929 1923
f 1929 1930 1923
f 1039 1041 1856
f 1041 1931 1856
f 1856 1931 1857
f 1931 1932 1857
f 1857 1932 1924
f 1932 1933 1924
f 1924 1933 1925
f 1933 1934 1925
f 1925 1934 1926
f 1934 1935 1926
f 1926 1935 1927
f 1935 1936 1927
f 1927 1936 1928
f 1936 1937 1928
f 1928 1937 1929
f 1937 1938 1929
f 1929 1938 1930
f 1938 1939 1930
f 1041 1043 1931
f 1043 1852 1931
f 1931 1852 1932
f 1852 1854 1932
f 1932 1854 1933
f 1854 1940 1933
f 1933 1940 1934
f 1940 1941 1934
f 1934 1941 1935
f 1941 1942 1935
f 1935 1942 1936
f 1942 1943 1936
f 1936 1943 1937
f 1943 1944 1937
f 1937 1944 1938
f 1944 1945 1938
f 1938 1945 1939
f 1945 1946 1939
f 1047 1010 1853
f 1010 1840 1853
f 1853 1840 1854
f 1840 1841 1854
f 1854 1841 1940
f 1841 1846 1940
f 1940 1846 1941
f 1846 1845 1941
f 1941 1845 1942
f 1845 1844 1942
f 1942 1844 1943
f 1844 1843 1943
f 1943 1843 1944
f 1843 1842 1944
f 1944 1842 1945
f 1842 1848 1945
f 1945 1848 1946
f 1848 1847 1946
f 1007 1011 1947
f 1011 1864 1947
f 1947 1864 1948
f 1864 1869 1948
f 1948 1869 1949
f 1869 1871 1949
f 1949 1871 1950
f 1871 1873 1950
f 1950 1873 1951
f 1873 1875 1951
f 1951 1875 1952
f 1875 1877 1952
f 1952 1877 1953
f 1877 1879 1953
f 1953 1879 1954
f 1879 1881 1954
f 1954 1881 1851
f 1881 1883 1851
f 1851 1883 1849
f 1883 1884 1849
f 1849 1884 1955
f 1884 1893 1955
f 1955 1893 1956
f 1893 1900 1956
f 1956 1900 1957
f 1900 1907 1957
f 1957 1907 1958
f 1847 1839 1946
f 1839 1959 1946
f 1946 1959 1939
f 1959 1960 1939
f 1939 1960 1930
f 1960 1961 1930
f 1930 1961 1923
f 1961 1958 1923
f 1923 1958 1922
f 1958 1907 1922
f 1922 1907 1920
f 1907 1906 1920
f 1920 1906 1918
f 1906 1905 1918
f 1918 1905 1916
f 1905 1904 1916
f 1916 1904 1914
f 1904 1903 1914
f 1914 1903 1912
f 1903 1902 1912
f 1912 1902 1910
f 1902 1901 1910
f 1910 1901 1867
f 1901 1860 1867
f 1867 1860 1865
f 1860 1859 1865
f 1865 1859 1029
f 1859 1027 1029
f 1962 965 1007
f 1851 1850 1963
f 1851 1963 1954
f 1949 1950 1963
f 1950 1951 1963
f 1951 1952 1963
f 1952 1953 1963
f 1963 1953 1954
f 1962 1007 1964
f 1965 1007 1966
f 1007 1947 1966
f 1966 1947 1963
f 1947 1948 1963
f 1963 1948 1949
f 1965 1967 1007
f 1967 1968 1007
f 1007 1968 1969
f 1969 1970 1007
f 1970 1971 1007
f 1007 1971 1964
f 1972 1973 1974
f 1975 1976 1977
f 1978 1979 1980
f 1981 1982 1983
f 1984 1985 1986
f 966 965 1962
f 967 969 1987
f 979 981 1981
f 981 983 1981
f 1981 983 1982
f 985 987 1988
f 987 1989 1988
f 1988 1989 1990
f 991 993 1978
f 993 995 1978
f 1978 995 1979
f 1003 1976 1001
f 1976 1975 1001
f 1001 1975 999
f 969 971 1987
f 971 1991 1987
f 1987 1991 1992
f 1991 1993 1992
f 1992 1993 1994
f 1993 1995 1994
f 1994 1995 1996
f 1995 1997 1996
f 1996 1997 1998
f 1997 1999 1998
f 1998 1999 2000
f 1999 2001 2000
f 2000 2001 2002
f 2001 2003 2002
f 2002 2003 2004
f 2003 2005 2004
f 2004 2005 2006
f 2005 2007 2006
f 971 973 1991
f 973 2008 1991
f 1991 2008 1993
f 2008 2009 1993
f 1993 2009 1995
f 2009 2010 1995
f 1995 2010 1997
f 2010 2011 1997
f 1997 2011 1999
f 2011 2012 1999
f 1999 2012 2001
f 2012 2013 2001
f 2001 2013 2003
f 2013 2014 2003
f 2003 2014 2005
f 2014 2015 2005
f 2005 2015 2007
f 2015 2016 2007
f 973 975 2008
f 975 1984 2008
f 2008 1984 2009
f 1984 1986 2009
f 2009 1986 2010
f 1986 2017 2010
f 2010 2017 2011
f 2017 2018 2011
f 2011 2018 2012
f 2018 2019 2012
f 2012 2019 2013
f 2019 2020 2013
f 2013 2020 2014
f 2020 2021 2014
f 2014 2021 2015
f 2021 2022 2015
f 2015 2022 2016
f 2022 2023 2016
f 975 977 1984
f 977 979 1984
f 1984 979 1985
f 979 1981 1985
f 1985 1981 1986
f 1981 1983 1986
f 1986 1983 2017
f 1983 2024 2017
f 2017 2024 2018
f 2024 2025 2018
f 2018 2025 2019
f 2025 2026 2019
f 2019 2026 2020
f 2026 2027 2020
f 2020 2027 2021
f 2027 2028 2021
f 2021 2028 2022
f 2028 2029 2022
f 2022 2029 2023
f 2029 2030 2023
f 987 989 1989
f 989 2031 1989
f 1989 2031 1990
f 2031 2032 1990
f 1990 2032 2033
f 2032 2034 2033
f 2033 2034 2035
f 2034 2036 2035
f 2035 2036 2037
f 2036 2038 2037
f 2037 2038 2039
f 2038 2040 2039
f 2039 2040 2041
f 2040 2042 2041
f 2041 2042 2043
f 2042 2044 2043
f 2043 2044 2045
f 2044 2046 2045
f 989 991 2031
f 991 1978 2031
f 2031 1978 2032
f 1978 1980 2032
f 2032 1980 2034
f 1980 2047 2034
f 2034 2047 2036
f 2047 2048 2036
f 2036 2048 2038
f 2048 2049 2038
f 2038 2049 2040
f 2049 2050 2040
f 2040 2050 2042
f 2050 2051 2042
f 2042 2051 2044
f 2051 2052 2044
f 2044 2052 2046
f 2052 2053 2046
f 995 997 1979
f 997 2054 1979
f 1979 2054 1980
f 2054 2055 1980
f 1980 2055 2047
f 2055 2056 2047
f 2047 2056 2048
f 2056 2057 2048
f 2048 2057 2049
f 2057 2058 2049
f 2049 2058 2050
f 2058 2059 2050
f 2050 2059 2051
f 2059 2060 2051
f 2051 2060 2052
f 2060 2061 2052
f 2052 2061 2053
f 2061 2062 2053
f 997 999 2054
f 999 1975 2054
f 2054 1975 2055
f 1975 1977 2055
f 2055 1977 2056
f 1977 2063 2056
f 2056 2063 2057
f 2063 2064 2057
f 2057 2064 2058
f 2064 2065 2058
f 2058 2065 2059
f 2065 2066 2059
f 2059 2066 2060
f 2066 2067 2060
f 2060 2067 2061
f 2067 2068 2061
f 2061 2068 2062
f 2068 2069 2062
f 1003 966 1976
f 966 1962 1976
f 1976 1962 1977
f 1962 1964 1977
f 1977 1964 2063
f 1964 1971 2063
f 2063 1971 2064
f 1971 1970 2064
f 2064 1970 2065
f 1970 1969 2065
f 2065 1969 2066
f 1969 1968 2066
f 2066 1968 2067
f 1968 1967 2067
f 2067 1967 2068
f 1967 1965 2068
f 2068 1965 2069
f 1965 1966 2069
f 963 967 2070
f 967 1987 2070
f 2070 1987 2071
f 1987 1992 2071
f 2071 1992 2072
f 1992 1994 2072
f 2072 1994 2073
f 1994 1996 2073
f 2073 1996 2074
f 1996 1998 2074
f 2074 1998 2075
f 1998 2000 2075
f 2075 2000 2076
f 2000 2002 2076
f 2076 2002 2077
f 2002 2004 2077
f 2077 2004 1974
f 2004 2006 1974
f 1974 2006 1972
f 2006 2007 1972
f 1972 2007 2078
f 2007 2016 2078
f 2078 2016 2079
f 2016 2023 2079
f 2079 2023 2080
f 2023 2030 2080
f 2080 2030 2081
f 1966 1963 2069
f 1963 2082 2069
f 2069 2082 2062
f 2082 2083 2062
f 2062 2083 2053
f 2083 2084 2053
f 2053 2084 2046
f 2084 2081 2046
f 2046 2081 2045
f 2081 2030 2045
f 2045 2030 2043
f 2030 2029 2043
f 2043 2029 2041
f 2029 2028 2041
f 2041 2028 2039
f 2028 2027 2039
f 2039 2027 2037
f 2027 2026 2037
f 2037 2026 2035
f 2026 2025 2035
f 2035 2025 2033
f 2025 2024 2033
f 2033 2024 1990
f 2024 1983 1990
f 1990 1983 1988
f 1983 1982 1988
f 1988 1982 985
f 1982 983 985
f 1974 1973 2085
f 2086 921 963
f 2086 963 2087
f 2088 2089 963
f 2089 2090 963
f 2090 2091 963
f 2091 2092 963
f 963 2092 2087
f 1974 2085 2077
f 2071 2085 2070
f 2085 2093 2070
f 2070 2093 963
f 2093 2094 963
f 963 2094 2088
f 2071 2072 2085
f 2072 2073 2085
f 2085 2073 2074
f 2074 2075 2085
f 2075 2076 2085
f 2085 2076 2077
f 2095 2096 2097
f 2098 2099 2100
f 2101 2102 2103
f 2104 2105 2106
f 2107 2108 2109
f 922 921 2086
f 923 925 2110
f 935 937 2104
f 937 939 2104
f 2104 939 2105
f 941 943 2111
f 943 2112 2111
f 2111 2112 2113
f 947 949 2101
f 949 951 2101
f 2101 951 2102
f 959 2099 957
f 2099 2098 957
f 957 2098 955
f 925 927 2110
f 927 2114 2110
f 2110 2114 2115
f 2114 2116 2115
f 2115 2116 2117
f 2116 2118 2117
f 2117 2118 2119
f 2118 2120 2119
f 2119 2120 2121
f 2120 2122 2121
f 2121 2122 2123
f 2122 2124 2123
f 2123 2124 2125
f 2124 2126 2125
f 2125 2126 2127
f 2126 2128 2127
f 2127 2128 2129
f 2128 2130 2129
f 927 929 2114
f 929 2131 2114
f 2114 2131 2116
f 2131 2132 2116
f 2116 2132 2118
f 2132 2133 2118
f 2118 2133 2120
f 2133 2134 2120
f 2120 2134 2122
f 2134 2135 2122
f 2122 2135 2124
f 2135 2136 2124
f 2124 2136 2126
f 2136 2137 2126
f 2126 2137 2128
f 2137 2138 2128
f 2128 2138 2130
f 2138 2139 2130
f 929 931 2131
f 931 2107 2131
f 2131 2107 2132
f 2107 2109 2132
f 2132 2109 2133
f 2109 2140 2133
f 2133 2140 2134
f 2140 2141 2134
f 2134 2141 2135
f 2141 2142 2135
f 2135 2142 2136
f 2142 2143 2136
f 2136 2143 2137
f 2143 2144 2137
f 2137 2144 2138
f 2144 2145 2138
f 2138 2145 2139
f 2145 2146 2139
f 931 933 2107
f 933 935 2107
f 2107 935 2108
f 935 2104 2108
f 2108 2104 2109
f 2104 2106 2109
f 2109 2106 2140
f 2106 2147 2140
f 2140 2147 2141
f 2147 2148 2141
f 2141 2148 2142
f 2148 2149 2142
f 2142 2149 2143
f 2149 2150 2143
f 2143 2150 2144
f 2150 2151 2144
f 2144 2151 2145
f 2151 2152 2145
f 2145 2152 2146
f 2152 2153 2146
f 943 945 2112
f 945 2154 2112
f 2112 2154 2113
f 2154 2155 2113
f 2113 2155 2156
f 2155 2157 2156
f 2156 2157 2158
f 2157 2159 2158
f 2158 2159 2160
f 2159 2161 2160
f 2160 2161 2162
f 2161 2163 2162
f 2162 2163 2164
f 2163 2165 2164
f 2164 2165 2166
f 2165 2167 2166
f 2166 2167 2168
f 2167 2169 2168
f 945 947 2154
f 947 2101 2154
f 2154 2101 2155
f 2101 2103 2155
f 2155 2103 2157
f 2103 2170 2157
f 2157 2170 2159
f 2170 2171 2159
f 2159 2171 2161
f 2171 2172 2161
f 2161 2172 2163
f 2172 2173 2163
f 2163 2173 2165
f 2173 2174 2165
f 2165 2174 2167
f 2174 2175 2167
f 2167 2175 2169
f 2175 2176 2169
f 951 953 2102
f 953 2177 2102
f 2102 2177 2103
f 2177 2178 2103
f 2103 2178 2170
f 2178 2179 2170
f 2170 2179 2171
f 2179 2180 2171
f 2171 2180 2172
f 2180 2181 2172
f 2172 2181 2173
f 2181 2182 2173
f 2173 2182 2174
f 2182 2183 2174
f 2174 2183 2175
f 2183 2184 2175
f 2175 2184 2176
f 2184 2185 2176
f 953 955 2177
f 955 2098 2177
f 2177 2098 2178
f 2098 2100 2178
f 2178 2100 2179
f 2100 2186 2179
f 2179 2186 2180
f 2186 2187 2180
f 2180 2187 2181
f 2187 2188 2181
f 2181 2188 2182
f 2188 2189 2182
f 2182 2189 2183
f 2189 2190 2183
f 2183 2190 2184
f 2190 2191 2184
f 2184 2191 2185
f 2191 2192 2185
f 959 922 2099
f 922 2086 2099
f 2099 2086 2100
f 2086 2087 2100
f 2100 2087 2186
f 2087 2092 2186
f 2186 2092 2187
f 2092 2091 2187
f 2187 2091 2188
f 2091 2090 2188
f 2188 2090 2189
f 2090 2089 2189
f 2189 2089 2190
f 2089 2088 2190
f 2190 2088 2191
f 2088 2094 2191
f 2191 2094 2192
f 2094 2093 2192
f 917 923 2193
f 923 2110 2193
f 2193 2110 2194
f 2110 2115 2194
f 2194 2115 2195
f 2115 2117 2195
f 2195 2117 2196
f 2117 2119 2196
f 2196 2119 2197
f 2119 2121 2197
f 2197 2121 2198
f 2121 2123 2198
f 2198 2123 2199
f 2123 2125 2199
f 2199 2125 2200
f 2125 2127 2200
f 2200 2127 2097
f 2127 2129 2097
f 2097 2129 2095
f 2129 2130 2095
f 2095 2130 2201
f 2130 2139 2201
f 2201 2139 2202
f 2139 2146 2202
f 2202 2146 2203
f 2146 2153 2203
f 2203 2153 2204
f 2093 2085 2192
f 2085 2205 2192
f 2192 2205 2185
f 2205 2206 2185
f 2185 2206 2176
f 2206 2207 2176
f 2176 2207 2169
f 2207 2204 2169
f 2169 2204 2168
f 2204 2153 2168
f 2168 2153 2166
f 2153 2152 2166
f 2166 2152 2164
f 2152 2151 2164
f 2164 2151 2162
f 2151 2150 2162
f 2162 2150 2160
f 2150 2149 2160
f 2160 2149 2158
f 2149 2148 2158
f 2158 2148 2156
f 2148 2147 2156
f 2156 2147 2113
f 2147 2106 2113
f 2113 2106 2111
f 2106 2105 2111
f 2111 2105 941
f 2105 939 941
f 2097 2096 1835
f 1731 919 917
f 1731 917 1815
f 1820 1819 917
f 1819 1818 917
f 1818 1817 917
f 1817 1816 917
f 917 1816 1815
f 2097 1835 2200
f 2194 1835 2193
f 1835 1822 2193
f 2193 1822 917
f 1822 1821 917
f 917 1821 1820
f 2194 2195 1835
f 2195 2196 1835
f 1835 2196 2197
f 2197 2198 1835
f 2198 2199 1835
f 1835 2199 2200
f 1651 1973 1652
f 1973 1972 1652
f 1652 1972 1653
f 1972 2078 1653
f 1653 2078 1654
f 2078 2079 1654
f 1654 2079 1655
f 2079 2080 1655
f 1655 2080 1656
f 2080 2081 1656
f 1656 2081 1657
f 2081 2084 1657
f 1657 2084 1658
f 2084 2083 1658
f 1658 2083 1659
f 2083 2082 1659
f 1659 2082 1660
f 2082 1963 1660
f 1660 1963 1707
f 1963 1850 1707
f 1707 1850 1708
f 1850 1849 1708
f 1708 1849 1709
f 1849 1955 1709
f 1709 1955 1710
f 1955 1956 1710
f 1710 1956 1711
f 1956 1957 1711
f 1711 1957 1712
f 1957 1958 1712
f 1712 1958 1713
f 1958 1961 1713
f 1713 1961 1714
f 1961 1960 1714
f 1714 1960 1715
f 1960 1959 1715
f 1715 1959 1706
f 1959 1839 1706
f 1706 1839 1531
f 1839 1717 1531
f 1531 1717 1532
f 1717 1716 1532
f 1532 1716 1533
f 1716 1831 1533
f 1533 1831 1534
f 1831 1832 1534
f 1534 1832 1535
f 1832 1833 1535
f 1535 1833 1536
f 1833 1834 1536
f 1536 1834 1537
f 1834 1838 1537
f 1537 1838 1538
f 1838 1837 1538
f 1538 1837 1539
f 1837 1836 1539
f 1539 1836 1529
f 1836 1835 1529
f 1529 1835 1530
f 1835 2096 1530
f 1530 2096 1540
f 2096 2095 1540
f 1540 2095 1541
f 2095 2201 1541
f 1541 2201 1542
f 2201 2202 1542
f 1542 2202 1543
f 2202 2203 1543
f 1543 2203 1544
f 2203 2204 1544
f 1544 2204 1545
f 2204 2207 1545
f 1545 2207 1546
f 2207 2206 1546
f 1546 2206 1547
f 2206 2205 1547
f 1547 2205 1548
f 2205 2085 1548
f 1548 2085 1651
f 2085 1973 1651
f 2208 2209 2210
f 2208 2210 2211
f 2212 2213 2210
f 2213 2214 2210
f 2210 2214 2211
f 2215 2216 2210
f 2216 2217 2210
f 2210 2217 2212
f 2218 2219 2210
f 2219 2220 2210
f 2210 2220 2215
f 2221 2222 2210
f 2222 2223 2210
f 2210 2223 2218
f 2224 2225 2210
f 2225 2226 2210
f 2210 2226 2221
f 2227 2228 2210
f 2228 2229 2210
f 2210 2229 2224
f 2230 2231 2210
f 2231 2232 2210
f 2210 2232 2227
f 2233 2234 2210
f 2234 2235 2210
f 2210 2235 2230
f 2209 2236 2210
f 2236 2237 2210
f 2210 2237 2233
f 2208 2238 2209
f 2238 2239 2209
f 2209 2239 2236
f 2239 2240 2236
f 2236 2240 2237
f 2240 2241 2237
f 2237 2241 2233
f 2241 2242 2233
f 2233 2242 2234
f 2242 2243 2234
f 2234 2243 2235
f 2243 2244 2235
f 2235 2244 2230
f 2244 2245 2230
f 2230 2245 2231
f 2245 2246 2231
f 2231 2246 2232
f 2246 2247 2232
f 2232 2247 2227
f 2247 2248 2227
f 2227 2248 2228
f 2248 2249 2228
f 2228 2249 2229
f 2249 2250 2229
f 2229 2250 2224
f 2250 2251 2224
f 2224 2251 2225
f 2251 2252 2225
f 2225 2252 2226
f 2252 2253 2226
f 2226 2253 2221
f 2253 2254 2221
f 2221 2254 2222
f 2254 2255 2222
f 2222 2255 2223
f 2255 2256 2223
f 2223 2256 2218
f 2256 2257 2218
f 2218 2257 2219
f 2257 2258 2219
f 2219 2258 2220
f 2258 2259 2220
f 2220 2259 2215
f 2259 2260 2215
f 2215 2260 2216
f 2260 2261 2216
f 2216 2261 2217
f 2261 2262 2217
f 2217 2262 2212
f 2262 2263 2212
f 2212 2263 2213
f 2263 2264 2213
f 2213 2264 2214
f 2264 2265 2214
f 2214 2265 2211
f 2265 2266 2211
f 2211 2266 2208
f 2266 2238 2208
f 2239 2267 2240
f 2267 2268 2240
f 2240 2268 2241
f 2268 2269 2241
f 2241 2269 2242
f 2269 2270 2242
f 2242 2270 2243
f 2270 2271 2243
f 2243 2271 2244
f 2271 2272 2244
f 2244 2272 2245
f 2272 2273 2245
f 2245 2273 2246
f 2273 2274 2246
f 2246 2274 2247
f 2274 2275 2247
f 2247 2275 2248
f 2275 2276 2248
f 2248 2276 2249
f 2276 2277 2249
f 2249 2277 2250
f 2277 2278 2250
f 2250 2278 2251
f 2278 2279 2251
f 2251 2279 2252
f 2279 2280 2252
f 2252 2280 2253
f 2280 2281 2253
f 2253 2281 2254
f 2281 2282 2254
f 2254 2282 2255
f 2282 2283 2255
f 2255 2283 2256
f 2283 2284 2256
f 2256 2284 2257
f 2284 2285 2257
f 2257 2285 2258
f 2285 2286 2258
f 2258 2286 2259
f 2286 2287 2259
f 2259 2287 2260
f 2287 2288 2260
f 2260 2288 2261
f 2288 2289 2261
f 2261 2289 2262
f 2289 2290 2262
f 2262 2290 2263
f 2290 2291 2263
f 2263 2291 2264
f 2291 2292 2264
f 2264 2292 2265
f 2292 2293 2265
f 2265 2293 2266
f 2293 2294 2266
f 2266 2294 2238
f 2294 2295 2238
f 2238 2295 2239
f 2295 2267 2239
f 2295 2296 2267
f 2296 2297 2267
f 2267 2297 2268
f 2297 2298 2268
f 2268 2298 2269
f 2298 2299 2269
f 2269 2299 2270
f 2299 2300 2270
f 2270 2300 2271
f 2300 2301 2271
f 2271 2301 2272
f 2301 2302 2272
f 2272 2302 2273
f 2302 2303 2273
f 2273 2303 2274
f 2303 2304 2274
f 2274 2304 2275
f 2304 2305 2275
f 2275 2305 2276
f 2305 2306 2276
f 2276 2306 2277
f 2306 2307 2277
f 2277 2307 2278
f 2307 2308 2278
f 2278 2308 2279
f 2308 2309 2279
f 2279 2309 2280
f 2309 2310 2280
f 2280 2310 2281
f 2310 2311 2281
f 2281 2311 2282
f 2311 2312 2282
f 2282 2312 2283
f 2312 2313 2283
f 2283 2313 2284
f 2313 2314 2284
f 2284 2314 2285
f 2314 2315 2285
f 2285 2315 2286
f 2315 2316 2286
f 2286 2316 2287
f 2316 2317 2287
f 2287 2317 2288
f 2317 2318 2288
f 2288 2318 2289
f 2318 2319 2289
f 2289 2319 2290
f 2319 2320 2290
f 2290 2320 2291
f 2320 2321 2291
f 2291 2321 2292
f 2321 2322 2292
f 2292 2322 2293
f 2322 2323 2293
f 2293 2323 2294
f 2323 2324 2294
f 2294 2324 2295
f 2324 2296 2295
f 245 913 244
f 913 2325 244
f 244 2325 243
f 2325 2326 243
f 243 2326 242
f 2326 2327 242
f 242 2327 241
f 2327 2328 241
f 241 2328 237
f 2328 2329 237
f 237 2329 236
f 2329 2330 236
f 236 2330 235
f 2330 2331 235
f 235 2331 234
f 2331 2332 234
f 234 2332 238
f 2332 2333 238
f 238 2333 239
f 2333 2334 239
f 239 2334 240
f 2334 2335 240
f 240 2335 233
f 2335 2336 233
f 233 2336 251
f 2336 2337 251
f 251 2337 252
f 2337 2338 252
f 252 2338 253
f 2338 2339 253
f 2340 249 250
f 2340 250 2341
f 250 253 2341
f 2341 253 2339
f 249 2340 248
f 2340 914 248
f 912 246 247
f 912 247 915
f 247 248 915
f 915 248 914
f 246 912 245
f 912 913 245
f 670 669 899
f 899 898 670
f 898 897 670
f 670 897 677
f 897 896 677
f 896 895 677
f 677 895 678
f 895 894 678
f 678 894 674
f 894 893 674
f 674 893 675
f 893 892 675
f 892 911 675
f 675 911 676
f 911 910 676
f 910 909 676
f 676 909 671
f 909 908 671
f 671 908 672
f 908 907 672
f 672 907 673
f 907 906 673
f 906 905 673
f 673 905 666
f 905 904 666
f 904 903 666
f 666 903 667
f 903 902 667
f 902 901 667
f 667 901 669
f 901 900 669
f 669 900 899
f 683 682 879
f 879 878 683
f 878 877 683
f 683 877 690
f 877 876 690
f 876 875 690
f 690 875 691
f 875 874 691
f 691 874 687
f 874 873 687
f 687 873 688
f 873 872 688
f 872 891 688
f 688 891 689
f 891 890 689
f 890 889 689
f 689 889 684
f 889 888 684
f 684 888 685
f 888 887 685
f 685 887 686
f 887 886 686
f 886 885 686
f 686 885 679
f 885 884 679
f 884 883 679
f 679 883 680
f 883 882 680
f 882 881 680
f 680 881 682
f 881 880 682
f 682 880 879
f 2297 776 2298
f 776 775 2298
f 2298 775 2299
f 775 789 2299
f 2299 789 2300
f 789 788 2300
f 2300 788 2301
f 788 784 2301
f 2301 784 2302
f 784 783 2302
f 2302 783 2303
f 783 801 2303
f 2303 801 2304
f 801 800 2304
f 2304 800 2305
f 800 799 2305
f 2305 799 2306
f 799 795 2306
f 2306 795 2307
f 795 794 2307
f 2307 794 2308
f 794 793 2308
f 2308 793 2309
f 793 798 2309
f 2309 798 2310
f 798 797 2310
f 2310 797 2311
f 797 796 2311
f 2311 796 2312
f 796 787 2312
f 2312 787 2313
f 787 786 2313
f 2313 786 2314
f 786 785 2314
f 2314 785 2315
f 785 773 2315
f 2315 773 2316
f 773 772 2316
f 2316 772 2317
f 772 792 2317
f 2317 792 2318
f 792 791 2318
f 2318 791 2319
f 791 790 2319
f 2319 790 2320
f 790 782 2320
f 2320 782 2321
f 782 781 2321
f 2321 781 2322
f 781 780 2322
f 2322 780 2323
f 780 779 2323
f 2323 779 2324
f 779 778 2324
f 2324 778 2296
f 778 777 2296
f 2296 777 2297
f 777 776 2297
f 913 729 2325
f 729 728 2325
f 2325 728 2326
f 728 707 2326
f 2326 707 2327
f 707 706 2327
f 2327 706 2328
f 706 740 2328
f 740 742 2328
f 742 2329 2328
f 2329 742 2330
f 742 714 2330
f 2330 714 2331
f 714 715 2331
f 2331 715 2332
f 715 710 2332
f 2332 710 2333
f 710 711 2333
f 711 712 2333
f 712 2334 2333
f 2334 712 2335
f 712 748 2335
f 2335 748 2336
f 748 747 2336
f 2336 747 2337
f 747 746 2337
f 2337 746 2338
f 746 758 2338
f 2339 2338 760
f 2338 758 760
f 2339 760 2341
f 760 719 2341
f 2341 719 2340
f 719 718 2340
f 914 2340 717
f 2340 718 717
